year,month,store,item,monthly_demand
2013,1,1,1,328
2013,1,1,2,911
2013,1,1,3,547
2013,1,1,4,346
2013,1,1,5,276
2013,1,1,6,910
2013,1,1,7,931
2013,1,1,8,1233
2013,1,1,9,787
2013,1,1,10,1121
2013,1,1,11,1093
2013,1,1,12,1128
2013,1,1,13,1308
2013,1,1,14,906
2013,1,1,15,1354
2013,1,1,16,382
2013,1,1,17,561
2013,1,1,18,1336
2013,1,1,19,620
2013,1,1,20,740
2013,1,1,21,666
2013,1,1,22,1275
2013,1,1,23,447
2013,1,1,24,1049
2013,1,1,25,1209
2013,1,1,26,728
2013,1,1,27,380
2013,1,1,28,1448
2013,1,1,29,1147
2013,1,1,30,633
2013,1,1,31,873
2013,1,1,32,677
2013,1,1,33,1076
2013,1,1,34,408
2013,1,1,35,1070
2013,1,1,36,1220
2013,1,1,37,480
2013,1,1,38,1304
2013,1,1,39,701
2013,1,1,40,480
2013,1,1,41,328
2013,1,1,42,572
2013,1,1,43,810
2013,1,1,44,459
2013,1,1,45,1276
2013,1,1,46,931
2013,1,1,47,367
2013,1,1,48,763
2013,1,1,49,440
2013,1,1,50,1042
2013,1,2,1,486
2013,1,2,2,1334
2013,1,2,3,811
2013,1,2,4,468
2013,1,2,5,420
2013,1,2,6,1293
2013,1,2,7,1363
2013,1,2,8,1754
2013,1,2,9,1100
2013,1,2,10,1775
2013,1,2,11,1610
2013,1,2,12,1511
2013,1,2,13,1843
2013,1,2,14,1327
2013,1,2,15,1989
2013,1,2,16,547
2013,1,2,17,762
2013,1,2,18,1885
2013,1,2,19,924
2013,1,2,20,1045
2013,1,2,21,915
2013,1,2,22,1731
2013,1,2,23,639
2013,1,2,24,1482
2013,1,2,25,1784
2013,1,2,26,1103
2013,1,2,27,506
2013,1,2,28,1956
2013,1,2,29,1573
2013,1,2,30,862
2013,1,2,31,1314
2013,1,2,32,986
2013,1,2,33,1612
2013,1,2,34,580
2013,1,2,35,1444
2013,1,2,36,1698
2013,1,2,37,612
2013,1,2,38,1879
2013,1,2,39,993
2013,1,2,40,658
2013,1,2,41,505
2013,1,2,42,831
2013,1,2,43,1183
2013,1,2,44,661
2013,1,2,45,1753
2013,1,2,46,1312
2013,1,2,47,467
2013,1,2,48,1150
2013,1,2,49,655
2013,1,2,50,1429
2013,1,3,1,453
2013,1,3,2,1195
2013,1,3,3,748
2013,1,3,4,401
2013,1,3,5,353
2013,1,3,6,1126
2013,1,3,7,1157
2013,1,3,8,1556
2013,1,3,9,996
2013,1,3,10,1396
2013,1,3,11,1383
2013,1,3,12,1396
2013,1,3,13,1673
2013,1,3,14,1198
2013,1,3,15,1808
2013,1,3,16,488
2013,1,3,17,650
2013,1,3,18,1602
2013,1,3,19,837
2013,1,3,20,964
2013,1,3,21,822
2013,1,3,22,1604
2013,1,3,23,576
2013,1,3,24,1363
2013,1,3,25,1603
2013,1,3,26,912
2013,1,3,27,416
2013,1,3,28,1743
2013,1,3,29,1382
2013,1,3,30,829
2013,1,3,31,1198
2013,1,3,32,883
2013,1,3,33,1337
2013,1,3,34,521
2013,1,3,35,1304
2013,1,3,36,1472
2013,1,3,37,551
2013,1,3,38,1651
2013,1,3,39,896
2013,1,3,40,585
2013,1,3,41,425
2013,1,3,42,699
2013,1,3,43,1031
2013,1,3,44,609
2013,1,3,45,1659
2013,1,3,46,1173
2013,1,3,47,432
2013,1,3,48,1018
2013,1,3,49,590
2013,1,3,50,1308
2013,1,4,1,388
2013,1,4,2,1072
2013,1,4,3,698
2013,1,4,4,411
2013,1,4,5,333
2013,1,4,6,1040
2013,1,4,7,1049
2013,1,4,8,1408
2013,1,4,9,943
2013,1,4,10,1314
2013,1,4,11,1350
2013,1,4,12,1255
2013,1,4,13,1451
2013,1,4,14,1091
2013,1,4,15,1637
2013,1,4,16,419
2013,1,4,17,578
2013,1,4,18,1545
2013,1,4,19,689
2013,1,4,20,888
2013,1,4,21,744
2013,1,4,22,1529
2013,1,4,23,510
2013,1,4,24,1187
2013,1,4,25,1453
2013,1,4,26,853
2013,1,4,27,398
2013,1,4,28,1613
2013,1,4,29,1296
2013,1,4,30,750
2013,1,4,31,1049
2013,1,4,32,768
2013,1,4,33,1325
2013,1,4,34,457
2013,1,4,35,1194
2013,1,4,36,1386
2013,1,4,37,555
2013,1,4,38,1467
2013,1,4,39,748
2013,1,4,40,529
2013,1,4,41,369
2013,1,4,42,707
2013,1,4,43,949
2013,1,4,44,550
2013,1,4,45,1507
2013,1,4,46,1103
2013,1,4,47,413
2013,1,4,48,948
2013,1,4,49,547
2013,1,4,50,1257
2013,1,5,1,294
2013,1,5,2,774
2013,1,5,3,467
2013,1,5,4,275
2013,1,5,5,239
2013,1,5,6,767
2013,1,5,7,796
2013,1,5,8,1014
2013,1,5,9,673
2013,1,5,10,953
2013,1,5,11,915
2013,1,5,12,946
2013,1,5,13,1175
2013,1,5,14,770
2013,1,5,15,1135
2013,1,5,16,364
2013,1,5,17,435
2013,1,5,18,1104
2013,1,5,19,523
2013,1,5,20,648
2013,1,5,21,505
2013,1,5,22,1105
2013,1,5,23,379
2013,1,5,24,813
2013,1,5,25,1054
2013,1,5,26,629
2013,1,5,27,260
2013,1,5,28,1162
2013,1,5,29,917
2013,1,5,30,541
2013,1,5,31,745
2013,1,5,32,583
2013,1,5,33,894
2013,1,5,34,332
2013,1,5,35,912
2013,1,5,36,954
2013,1,5,37,403
2013,1,5,38,1042
2013,1,5,39,601
2013,1,5,40,383
2013,1,5,41,320
2013,1,5,42,511
2013,1,5,43,663
2013,1,5,44,377
2013,1,5,45,1055
2013,1,5,46,747
2013,1,5,47,290
2013,1,5,48,665
2013,1,5,49,406
2013,1,5,50,890
2013,1,6,1,287
2013,1,6,2,817
2013,1,6,3,487
2013,1,6,4,319
2013,1,6,5,234
2013,1,6,6,744
2013,1,6,7,708
2013,1,6,8,1031
2013,1,6,9,731
2013,1,6,10,963
2013,1,6,11,924
2013,1,6,12,971
2013,1,6,13,1146
2013,1,6,14,826
2013,1,6,15,1213
2013,1,6,16,311
2013,1,6,17,429
2013,1,6,18,1143
2013,1,6,19,528
2013,1,6,20,631
2013,1,6,21,545
2013,1,6,22,1051
2013,1,6,23,373
2013,1,6,24,888
2013,1,6,25,1075
2013,1,6,26,670
2013,1,6,27,295
2013,1,6,28,1134
2013,1,6,29,946
2013,1,6,30,527
2013,1,6,31,772
2013,1,6,32,592
2013,1,6,33,946
2013,1,6,34,374
2013,1,6,35,866
2013,1,6,36,1029
2013,1,6,37,412
2013,1,6,38,1046
2013,1,6,39,571
2013,1,6,40,370
2013,1,6,41,301
2013,1,6,42,501
2013,1,6,43,661
2013,1,6,44,384
2013,1,6,45,1054
2013,1,6,46,805
2013,1,6,47,314
2013,1,6,48,682
2013,1,6,49,415
2013,1,6,50,902
2013,1,7,1,256
2013,1,7,2,701
2013,1,7,3,427
2013,1,7,4,266
2013,1,7,5,211
2013,1,7,6,674
2013,1,7,7,699
2013,1,7,8,949
2013,1,7,9,627
2013,1,7,10,922
2013,1,7,11,810
2013,1,7,12,866
2013,1,7,13,1062
2013,1,7,14,775
2013,1,7,15,1037
2013,1,7,16,292
2013,1,7,17,365
2013,1,7,18,1031
2013,1,7,19,467
2013,1,7,20,579
2013,1,7,21,511
2013,1,7,22,958
2013,1,7,23,332
2013,1,7,24,806
2013,1,7,25,941
2013,1,7,26,546
2013,1,7,27,275
2013,1,7,28,1102
2013,1,7,29,879
2013,1,7,30,488
2013,1,7,31,701
2013,1,7,32,554
2013,1,7,33,791
2013,1,7,34,291
2013,1,7,35,803
2013,1,7,36,958
2013,1,7,37,350
2013,1,7,38,932
2013,1,7,39,570
2013,1,7,40,347
2013,1,7,41,293
2013,1,7,42,467
2013,1,7,43,624
2013,1,7,44,344
2013,1,7,45,933
2013,1,7,46,701
2013,1,7,47,252
2013,1,7,48,602
2013,1,7,49,371
2013,1,7,50,770
2013,1,8,1,431
2013,1,8,2,1247
2013,1,8,3,794
2013,1,8,4,489
2013,1,8,5,368
2013,1,8,6,1219
2013,1,8,7,1300
2013,1,8,8,1624
2013,1,8,9,1085
2013,1,8,10,1500
2013,1,8,11,1526
2013,1,8,12,1504
2013,1,8,13,1770
2013,1,8,14,1226
2013,1,8,15,1914
2013,1,8,16,566
2013,1,8,17,729
2013,1,8,18,1782
2013,1,8,19,915
2013,1,8,20,1020
2013,1,8,21,898
2013,1,8,22,1736
2013,1,8,23,667
2013,1,8,24,1425
2013,1,8,25,1782
2013,1,8,26,1036
2013,1,8,27,494
2013,1,8,28,1927
2013,1,8,29,1523
2013,1,8,30,860
2013,1,8,31,1285
2013,1,8,32,940
2013,1,8,33,1524
2013,1,8,34,553
2013,1,8,35,1323
2013,1,8,36,1668
2013,1,8,37,634
2013,1,8,38,1689
2013,1,8,39,942
2013,1,8,40,642
2013,1,8,41,483
2013,1,8,42,809
2013,1,8,43,1109
2013,1,8,44,628
2013,1,8,45,1709
2013,1,8,46,1196
2013,1,8,47,483
2013,1,8,48,1083
2013,1,8,49,573
2013,1,8,50,1413
2013,1,9,1,424
2013,1,9,2,1116
2013,1,9,3,643
2013,1,9,4,370
2013,1,9,5,343
2013,1,9,6,1061
2013,1,9,7,1030
2013,1,9,8,1391
2013,1,9,9,957
2013,1,9,10,1336
2013,1,9,11,1287
2013,1,9,12,1261
2013,1,9,13,1535
2013,1,9,14,1062
2013,1,9,15,1578
2013,1,9,16,487
2013,1,9,17,600
2013,1,9,18,1577
2013,1,9,19,766
2013,1,9,20,811
2013,1,9,21,786
2013,1,9,22,1473
2013,1,9,23,532
2013,1,9,24,1173
2013,1,9,25,1478
2013,1,9,26,846
2013,1,9,27,376
2013,1,9,28,1576
2013,1,9,29,1281
2013,1,9,30,743
2013,1,9,31,1096
2013,1,9,32,824
2013,1,9,33,1231
2013,1,9,34,458
2013,1,9,35,1177
2013,1,9,36,1445
2013,1,9,37,522
2013,1,9,38,1481
2013,1,9,39,776
2013,1,9,40,526
2013,1,9,41,431
2013,1,9,42,684
2013,1,9,43,938
2013,1,9,44,591
2013,1,9,45,1424
2013,1,9,46,1092
2013,1,9,47,404
2013,1,9,48,903
2013,1,9,49,509
2013,1,9,50,1209
2013,1,10,1,447
2013,1,10,2,1212
2013,1,10,3,723
2013,1,10,4,373
2013,1,10,5,326
2013,1,10,6,1180
2013,1,10,7,1118
2013,1,10,8,1549
2013,1,10,9,1020
2013,1,10,10,1487
2013,1,10,11,1372
2013,1,10,12,1339
2013,1,10,13,1605
2013,1,10,14,1206
2013,1,10,15,1732
2013,1,10,16,461
2013,1,10,17,654
2013,1,10,18,1640
2013,1,10,19,786
2013,1,10,20,941
2013,1,10,21,773
2013,1,10,22,1545
2013,1,10,23,582
2013,1,10,24,1200
2013,1,10,25,1623
2013,1,10,26,978
2013,1,10,27,460
2013,1,10,28,1763
2013,1,10,29,1375
2013,1,10,30,808
2013,1,10,31,1134
2013,1,10,32,871
2013,1,10,33,1348
2013,1,10,34,494
2013,1,10,35,1261
2013,1,10,36,1469
2013,1,10,37,559
2013,1,10,38,1536
2013,1,10,39,841
2013,1,10,40,627
2013,1,10,41,403
2013,1,10,42,692
2013,1,10,43,997
2013,1,10,44,584
2013,1,10,45,1541
2013,1,10,46,1193
2013,1,10,47,432
2013,1,10,48,1003
2013,1,10,49,585
2013,1,10,50,1247
2013,2,1,1,322
2013,2,1,2,873
2013,2,1,3,597
2013,2,1,4,340
2013,2,1,5,276
2013,2,1,6,895
2013,2,1,7,941
2013,2,1,8,1231
2013,2,1,9,808
2013,2,1,10,1132
2013,2,1,11,1158
2013,2,1,12,1080
2013,2,1,13,1341
2013,2,1,14,991
2013,2,1,15,1383
2013,2,1,16,409
2013,2,1,17,519
2013,2,1,18,1330
2013,2,1,19,635
2013,2,1,20,724
2013,2,1,21,658
2013,2,1,22,1290
2013,2,1,23,425
2013,2,1,24,1012
2013,2,1,25,1266
2013,2,1,26,707
2013,2,1,27,347
2013,2,1,28,1405
2013,2,1,29,1113
2013,2,1,30,664
2013,2,1,31,919
2013,2,1,32,722
2013,2,1,33,1065
2013,2,1,34,425
2013,2,1,35,1138
2013,2,1,36,1242
2013,2,1,37,498
2013,2,1,38,1317
2013,2,1,39,663
2013,2,1,40,463
2013,2,1,41,342
2013,2,1,42,549
2013,2,1,43,782
2013,2,1,44,430
2013,2,1,45,1294
2013,2,1,46,937
2013,2,1,47,337
2013,2,1,48,802
2013,2,1,49,460
2013,2,1,50,1049
2013,2,2,1,480
2013,2,2,2,1262
2013,2,2,3,848
2013,2,2,4,486
2013,2,2,5,412
2013,2,2,6,1371
2013,2,2,7,1336
2013,2,2,8,1685
2013,2,2,9,1164
2013,2,2,10,1687
2013,2,2,11,1658
2013,2,2,12,1582
2013,2,2,13,1912
2013,2,2,14,1295
2013,2,2,15,2014
2013,2,2,16,601
2013,2,2,17,777
2013,2,2,18,1911
2013,2,2,19,957
2013,2,2,20,999
2013,2,2,21,916
2013,2,2,22,1787
2013,2,2,23,714
2013,2,2,24,1415
2013,2,2,25,1878
2013,2,2,26,1066
2013,2,2,27,536
2013,2,2,28,2095
2013,2,2,29,1559
2013,2,2,30,896
2013,2,2,31,1361
2013,2,2,32,975
2013,2,2,33,1565
2013,2,2,34,632
2013,2,2,35,1494
2013,2,2,36,1781
2013,2,2,37,643
2013,2,2,38,1816
2013,2,2,39,974
2013,2,2,40,691
2013,2,2,41,507
2013,2,2,42,840
2013,2,2,43,1210
2013,2,2,44,679
2013,2,2,45,1802
2013,2,2,46,1364
2013,2,2,47,464
2013,2,2,48,1179
2013,2,2,49,650
2013,2,2,50,1458
2013,2,3,1,421
2013,2,3,2,1170
2013,2,3,3,736
2013,2,3,4,435
2013,2,3,5,345
2013,2,3,6,1185
2013,2,3,7,1121
2013,2,3,8,1488
2013,2,3,9,1041
2013,2,3,10,1415
2013,2,3,11,1440
2013,2,3,12,1373
2013,2,3,13,1613
2013,2,3,14,1173
2013,2,3,15,1716
2013,2,3,16,505
2013,2,3,17,638
2013,2,3,18,1757
2013,2,3,19,861
2013,2,3,20,951
2013,2,3,21,782
2013,2,3,22,1620
2013,2,3,23,616
2013,2,3,24,1312
2013,2,3,25,1611
2013,2,3,26,920
2013,2,3,27,457
2013,2,3,28,1741
2013,2,3,29,1460
2013,2,3,30,778
2013,2,3,31,1179
2013,2,3,32,844
2013,2,3,33,1375
2013,2,3,34,519
2013,2,3,35,1345
2013,2,3,36,1490
2013,2,3,37,567
2013,2,3,38,1582
2013,2,3,39,894
2013,2,3,40,550
2013,2,3,41,447
2013,2,3,42,747
2013,2,3,43,1082
2013,2,3,44,568
2013,2,3,45,1560
2013,2,3,46,1245
2013,2,3,47,429
2013,2,3,48,1024
2013,2,3,49,607
2013,2,3,50,1346
2013,2,4,1,404
2013,2,4,2,1134
2013,2,4,3,659
2013,2,4,4,420
2013,2,4,5,334
2013,2,4,6,1129
2013,2,4,7,1137
2013,2,4,8,1442
2013,2,4,9,999
2013,2,4,10,1268
2013,2,4,11,1275
2013,2,4,12,1406
2013,2,4,13,1542
2013,2,4,14,1050
2013,2,4,15,1669
2013,2,4,16,516
2013,2,4,17,596
2013,2,4,18,1576
2013,2,4,19,780
2013,2,4,20,936
2013,2,4,21,773
2013,2,4,22,1535
2013,2,4,23,555
2013,2,4,24,1246
2013,2,4,25,1521
2013,2,4,26,846
2013,2,4,27,403
2013,2,4,28,1622
2013,2,4,29,1275
2013,2,4,30,789
2013,2,4,31,1091
2013,2,4,32,807
2013,2,4,33,1322
2013,2,4,34,487
2013,2,4,35,1216
2013,2,4,36,1442
2013,2,4,37,559
2013,2,4,38,1411
2013,2,4,39,810
2013,2,4,40,536
2013,2,4,41,450
2013,2,4,42,696
2013,2,4,43,921
2013,2,4,44,551
2013,2,4,45,1444
2013,2,4,46,1097
2013,2,4,47,417
2013,2,4,48,951
2013,2,4,49,511
2013,2,4,50,1250
2013,2,5,1,292
2013,2,5,2,823
2013,2,5,3,493
2013,2,5,4,303
2013,2,5,5,288
2013,2,5,6,803
2013,2,5,7,765
2013,2,5,8,1031
2013,2,5,9,681
2013,2,5,10,1018
2013,2,5,11,930
2013,2,5,12,953
2013,2,5,13,1154
2013,2,5,14,783
2013,2,5,15,1153
2013,2,5,16,361
2013,2,5,17,461
2013,2,5,18,1130
2013,2,5,19,511
2013,2,5,20,660
2013,2,5,21,557
2013,2,5,22,1067
2013,2,5,23,390
2013,2,5,24,885
2013,2,5,25,1059
2013,2,5,26,682
2013,2,5,27,300
2013,2,5,28,1220
2013,2,5,29,892
2013,2,5,30,514
2013,2,5,31,747
2013,2,5,32,575
2013,2,5,33,916
2013,2,5,34,349
2013,2,5,35,858
2013,2,5,36,914
2013,2,5,37,352
2013,2,5,38,1107
2013,2,5,39,570
2013,2,5,40,332
2013,2,5,41,289
2013,2,5,42,476
2013,2,5,43,684
2013,2,5,44,431
2013,2,5,45,1111
2013,2,5,46,801
2013,2,5,47,303
2013,2,5,48,686
2013,2,5,49,390
2013,2,5,50,868
2013,2,6,1,306
2013,2,6,2,805
2013,2,6,3,528
2013,2,6,4,280
2013,2,6,5,248
2013,2,6,6,778
2013,2,6,7,790
2013,2,6,8,1051
2013,2,6,9,692
2013,2,6,10,938
2013,2,6,11,924
2013,2,6,12,929
2013,2,6,13,1065
2013,2,6,14,780
2013,2,6,15,1248
2013,2,6,16,334
2013,2,6,17,435
2013,2,6,18,1125
2013,2,6,19,482
2013,2,6,20,611
2013,2,6,21,512
2013,2,6,22,1047
2013,2,6,23,354
2013,2,6,24,909
2013,2,6,25,1119
2013,2,6,26,660
2013,2,6,27,269
2013,2,6,28,1222
2013,2,6,29,946
2013,2,6,30,555
2013,2,6,31,816
2013,2,6,32,600
2013,2,6,33,861
2013,2,6,34,320
2013,2,6,35,862
2013,2,6,36,1044
2013,2,6,37,385
2013,2,6,38,1022
2013,2,6,39,608
2013,2,6,40,384
2013,2,6,41,284
2013,2,6,42,488
2013,2,6,43,684
2013,2,6,44,404
2013,2,6,45,1016
2013,2,6,46,781
2013,2,6,47,278
2013,2,6,48,687
2013,2,6,49,397
2013,2,6,50,945
2013,2,7,1,305
2013,2,7,2,734
2013,2,7,3,465
2013,2,7,4,278
2013,2,7,5,236
2013,2,7,6,734
2013,2,7,7,726
2013,2,7,8,936
2013,2,7,9,651
2013,2,7,10,936
2013,2,7,11,854
2013,2,7,12,873
2013,2,7,13,1012
2013,2,7,14,727
2013,2,7,15,1117
2013,2,7,16,304
2013,2,7,17,388
2013,2,7,18,973
2013,2,7,19,482
2013,2,7,20,583
2013,2,7,21,497
2013,2,7,22,996
2013,2,7,23,362
2013,2,7,24,833
2013,2,7,25,1025
2013,2,7,26,611
2013,2,7,27,274
2013,2,7,28,1031
2013,2,7,29,877
2013,2,7,30,455
2013,2,7,31,715
2013,2,7,32,518
2013,2,7,33,868
2013,2,7,34,304
2013,2,7,35,853
2013,2,7,36,924
2013,2,7,37,362
2013,2,7,38,1000
2013,2,7,39,537
2013,2,7,40,336
2013,2,7,41,271
2013,2,7,42,445
2013,2,7,43,641
2013,2,7,44,327
2013,2,7,45,1034
2013,2,7,46,670
2013,2,7,47,263
2013,2,7,48,604
2013,2,7,49,303
2013,2,7,50,771
2013,2,8,1,458
2013,2,8,2,1238
2013,2,8,3,834
2013,2,8,4,476
2013,2,8,5,364
2013,2,8,6,1234
2013,2,8,7,1202
2013,2,8,8,1715
2013,2,8,9,1090
2013,2,8,10,1527
2013,2,8,11,1511
2013,2,8,12,1579
2013,2,8,13,1933
2013,2,8,14,1363
2013,2,8,15,1898
2013,2,8,16,585
2013,2,8,17,700
2013,2,8,18,1862
2013,2,8,19,889
2013,2,8,20,1044
2013,2,8,21,876
2013,2,8,22,1737
2013,2,8,23,641
2013,2,8,24,1413
2013,2,8,25,1663
2013,2,8,26,1026
2013,2,8,27,492
2013,2,8,28,1796
2013,2,8,29,1519
2013,2,8,30,815
2013,2,8,31,1257
2013,2,8,32,951
2013,2,8,33,1421
2013,2,8,34,583
2013,2,8,35,1423
2013,2,8,36,1636
2013,2,8,37,632
2013,2,8,38,1747
2013,2,8,39,959
2013,2,8,40,657
2013,2,8,41,498
2013,2,8,42,719
2013,2,8,43,1113
2013,2,8,44,621
2013,2,8,45,1685
2013,2,8,46,1278
2013,2,8,47,487
2013,2,8,48,1122
2013,2,8,49,608
2013,2,8,50,1402
2013,2,9,1,406
2013,2,9,2,1147
2013,2,9,3,671
2013,2,9,4,460
2013,2,9,5,342
2013,2,9,6,1072
2013,2,9,7,1080
2013,2,9,8,1417
2013,2,9,9,997
2013,2,9,10,1324
2013,2,9,11,1279
2013,2,9,12,1306
2013,2,9,13,1565
2013,2,9,14,1097
2013,2,9,15,1664
2013,2,9,16,530
2013,2,9,17,588
2013,2,9,18,1486
2013,2,9,19,759
2013,2,9,20,862
2013,2,9,21,684
2013,2,9,22,1498
2013,2,9,23,562
2013,2,9,24,1257
2013,2,9,25,1461
2013,2,9,26,877
2013,2,9,27,374
2013,2,9,28,1567
2013,2,9,29,1236
2013,2,9,30,751
2013,2,9,31,1063
2013,2,9,32,839
2013,2,9,33,1239
2013,2,9,34,418
2013,2,9,35,1209
2013,2,9,36,1393
2013,2,9,37,539
2013,2,9,38,1497
2013,2,9,39,812
2013,2,9,40,501
2013,2,9,41,436
2013,2,9,42,705
2013,2,9,43,949
2013,2,9,44,497
2013,2,9,45,1513
2013,2,9,46,1078
2013,2,9,47,430
2013,2,9,48,979
2013,2,9,49,580
2013,2,9,50,1194
2013,2,10,1,469
2013,2,10,2,1152
2013,2,10,3,698
2013,2,10,4,442
2013,2,10,5,375
2013,2,10,6,1200
2013,2,10,7,1143
2013,2,10,8,1482
2013,2,10,9,1054
2013,2,10,10,1487
2013,2,10,11,1320
2013,2,10,12,1366
2013,2,10,13,1703
2013,2,10,14,1168
2013,2,10,15,1718
2013,2,10,16,507
2013,2,10,17,608
2013,2,10,18,1658
2013,2,10,19,828
2013,2,10,20,921
2013,2,10,21,818
2013,2,10,22,1608
2013,2,10,23,570
2013,2,10,24,1335
2013,2,10,25,1600
2013,2,10,26,946
2013,2,10,27,413
2013,2,10,28,1708
2013,2,10,29,1469
2013,2,10,30,805
2013,2,10,31,1161
2013,2,10,32,894
2013,2,10,33,1363
2013,2,10,34,485
2013,2,10,35,1285
2013,2,10,36,1536
2013,2,10,37,576
2013,2,10,38,1658
2013,2,10,39,820
2013,2,10,40,597
2013,2,10,41,413
2013,2,10,42,696
2013,2,10,43,983
2013,2,10,44,571
2013,2,10,45,1591
2013,2,10,46,1167
2013,2,10,47,421
2013,2,10,48,997
2013,2,10,49,556
2013,2,10,50,1283
2013,3,1,1,477
2013,3,1,2,1299
2013,3,1,3,789
2013,3,1,4,467
2013,3,1,5,378
2013,3,1,6,1233
2013,3,1,7,1291
2013,3,1,8,1636
2013,3,1,9,1144
2013,3,1,10,1599
2013,3,1,11,1488
2013,3,1,12,1490
2013,3,1,13,1858
2013,3,1,14,1219
2013,3,1,15,1843
2013,3,1,16,524
2013,3,1,17,730
2013,3,1,18,1738
2013,3,1,19,851
2013,3,1,20,1051
2013,3,1,21,845
2013,3,1,22,1653
2013,3,1,23,613
2013,3,1,24,1494
2013,3,1,25,1803
2013,3,1,26,1022
2013,3,1,27,468
2013,3,1,28,1890
2013,3,1,29,1471
2013,3,1,30,862
2013,3,1,31,1244
2013,3,1,32,919
2013,3,1,33,1535
2013,3,1,34,579
2013,3,1,35,1325
2013,3,1,36,1611
2013,3,1,37,659
2013,3,1,38,1740
2013,3,1,39,929
2013,3,1,40,601
2013,3,1,41,509
2013,3,1,42,773
2013,3,1,43,1005
2013,3,1,44,600
2013,3,1,45,1763
2013,3,1,46,1211
2013,3,1,47,463
2013,3,1,48,1118
2013,3,1,49,660
2013,3,1,50,1357
2013,3,2,1,686
2013,3,2,2,1775
2013,3,2,3,1099
2013,3,2,4,655
2013,3,2,5,565
2013,3,2,6,1774
2013,3,2,7,1775
2013,3,2,8,2281
2013,3,2,9,1598
2013,3,2,10,2214
2013,3,2,11,2092
2013,3,2,12,2067
2013,3,2,13,2653
2013,3,2,14,1798
2013,3,2,15,2651
2013,3,2,16,760
2013,3,2,17,1027
2013,3,2,18,2594
2013,3,2,19,1281
2013,3,2,20,1448
2013,3,2,21,1181
2013,3,2,22,2418
2013,3,2,23,881
2013,3,2,24,2003
2013,3,2,25,2426
2013,3,2,26,1419
2013,3,2,27,685
2013,3,2,28,2648
2013,3,2,29,2165
2013,3,2,30,1210
2013,3,2,31,1799
2013,3,2,32,1290
2013,3,2,33,2184
2013,3,2,34,817
2013,3,2,35,1986
2013,3,2,36,2407
2013,3,2,37,830
2013,3,2,38,2460
2013,3,2,39,1348
2013,3,2,40,918
2013,3,2,41,666
2013,3,2,42,1144
2013,3,2,43,1630
2013,3,2,44,953
2013,3,2,45,2417
2013,3,2,46,1805
2013,3,2,47,654
2013,3,2,48,1587
2013,3,2,49,852
2013,3,2,50,2033
2013,3,3,1,587
2013,3,3,2,1605
2013,3,3,3,939
2013,3,3,4,619
2013,3,3,5,493
2013,3,3,6,1527
2013,3,3,7,1496
2013,3,3,8,2029
2013,3,3,9,1417
2013,3,3,10,2007
2013,3,3,11,1873
2013,3,3,12,1871
2013,3,3,13,2295
2013,3,3,14,1521
2013,3,3,15,2410
2013,3,3,16,673
2013,3,3,17,878
2013,3,3,18,2221
2013,3,3,19,1060
2013,3,3,20,1252
2013,3,3,21,1073
2013,3,3,22,2225
2013,3,3,23,815
2013,3,3,24,1760
2013,3,3,25,2224
2013,3,3,26,1281
2013,3,3,27,598
2013,3,3,28,2395
2013,3,3,29,1858
2013,3,3,30,1045
2013,3,3,31,1536
2013,3,3,32,1133
2013,3,3,33,1870
2013,3,3,34,649
2013,3,3,35,1867
2013,3,3,36,2000
2013,3,3,37,786
2013,3,3,38,2126
2013,3,3,39,1172
2013,3,3,40,783
2013,3,3,41,547
2013,3,3,42,944
2013,3,3,43,1439
2013,3,3,44,779
2013,3,3,45,2187
2013,3,3,46,1590
2013,3,3,47,596
2013,3,3,48,1408
2013,3,3,49,789
2013,3,3,50,1821
2013,3,4,1,522
2013,3,4,2,1426
2013,3,4,3,924
2013,3,4,4,544
2013,3,4,5,443
2013,3,4,6,1466
2013,3,4,7,1516
2013,3,4,8,1933
2013,3,4,9,1323
2013,3,4,10,1754
2013,3,4,11,1718
2013,3,4,12,1781
2013,3,4,13,2089
2013,3,4,14,1495
2013,3,4,15,2188
2013,3,4,16,600
2013,3,4,17,817
2013,3,4,18,2057
2013,3,4,19,956
2013,3,4,20,1194
2013,3,4,21,1036
2013,3,4,22,2029
2013,3,4,23,717
2013,3,4,24,1627
2013,3,4,25,1974
2013,3,4,26,1168
2013,3,4,27,532
2013,3,4,28,2173
2013,3,4,29,1742
2013,3,4,30,1043
2013,3,4,31,1451
2013,3,4,32,1073
2013,3,4,33,1731
2013,3,4,34,619
2013,3,4,35,1663
2013,3,4,36,1866
2013,3,4,37,729
2013,3,4,38,1961
2013,3,4,39,1089
2013,3,4,40,709
2013,3,4,41,531
2013,3,4,42,907
2013,3,4,43,1206
2013,3,4,44,715
2013,3,4,45,1990
2013,3,4,46,1451
2013,3,4,47,540
2013,3,4,48,1209
2013,3,4,49,670
2013,3,4,50,1625
2013,3,5,1,396
2013,3,5,2,1034
2013,3,5,3,659
2013,3,5,4,357
2013,3,5,5,332
2013,3,5,6,1058
2013,3,5,7,1037
2013,3,5,8,1424
2013,3,5,9,934
2013,3,5,10,1295
2013,3,5,11,1284
2013,3,5,12,1240
2013,3,5,13,1525
2013,3,5,14,996
2013,3,5,15,1597
2013,3,5,16,469
2013,3,5,17,591
2013,3,5,18,1577
2013,3,5,19,694
2013,3,5,20,842
2013,3,5,21,701
2013,3,5,22,1451
2013,3,5,23,499
2013,3,5,24,1229
2013,3,5,25,1475
2013,3,5,26,888
2013,3,5,27,389
2013,3,5,28,1539
2013,3,5,29,1228
2013,3,5,30,717
2013,3,5,31,1000
2013,3,5,32,783
2013,3,5,33,1197
2013,3,5,34,502
2013,3,5,35,1185
2013,3,5,36,1440
2013,3,5,37,537
2013,3,5,38,1466
2013,3,5,39,778
2013,3,5,40,517
2013,3,5,41,367
2013,3,5,42,655
2013,3,5,43,963
2013,3,5,44,537
2013,3,5,45,1524
2013,3,5,46,1080
2013,3,5,47,418
2013,3,5,48,952
2013,3,5,49,553
2013,3,5,50,1171
2013,3,6,1,395
2013,3,6,2,1077
2013,3,6,3,681
2013,3,6,4,411
2013,3,6,5,337
2013,3,6,6,1116
2013,3,6,7,1127
2013,3,6,8,1482
2013,3,6,9,988
2013,3,6,10,1317
2013,3,6,11,1235
2013,3,6,12,1266
2013,3,6,13,1456
2013,3,6,14,1035
2013,3,6,15,1526
2013,3,6,16,510
2013,3,6,17,627
2013,3,6,18,1503
2013,3,6,19,744
2013,3,6,20,833
2013,3,6,21,746
2013,3,6,22,1488
2013,3,6,23,495
2013,3,6,24,1168
2013,3,6,25,1454
2013,3,6,26,869
2013,3,6,27,393
2013,3,6,28,1646
2013,3,6,29,1234
2013,3,6,30,753
2013,3,6,31,1028
2013,3,6,32,752
2013,3,6,33,1225
2013,3,6,34,458
2013,3,6,35,1210
2013,3,6,36,1372
2013,3,6,37,502
2013,3,6,38,1438
2013,3,6,39,780
2013,3,6,40,517
2013,3,6,41,387
2013,3,6,42,658
2013,3,6,43,890
2013,3,6,44,550
2013,3,6,45,1387
2013,3,6,46,1041
2013,3,6,47,400
2013,3,6,48,943
2013,3,6,49,556
2013,3,6,50,1208
2013,3,7,1,389
2013,3,7,2,971
2013,3,7,3,573
2013,3,7,4,382
2013,3,7,5,285
2013,3,7,6,974
2013,3,7,7,1012
2013,3,7,8,1318
2013,3,7,9,818
2013,3,7,10,1258
2013,3,7,11,1075
2013,3,7,12,1122
2013,3,7,13,1391
2013,3,7,14,978
2013,3,7,15,1454
2013,3,7,16,442
2013,3,7,17,526
2013,3,7,18,1434
2013,3,7,19,661
2013,3,7,20,781
2013,3,7,21,680
2013,3,7,22,1293
2013,3,7,23,490
2013,3,7,24,1102
2013,3,7,25,1275
2013,3,7,26,739
2013,3,7,27,361
2013,3,7,28,1443
2013,3,7,29,1125
2013,3,7,30,666
2013,3,7,31,968
2013,3,7,32,717
2013,3,7,33,1130
2013,3,7,34,417
2013,3,7,35,1078
2013,3,7,36,1253
2013,3,7,37,449
2013,3,7,38,1378
2013,3,7,39,775
2013,3,7,40,484
2013,3,7,41,369
2013,3,7,42,568
2013,3,7,43,857
2013,3,7,44,475
2013,3,7,45,1291
2013,3,7,46,934
2013,3,7,47,369
2013,3,7,48,853
2013,3,7,49,486
2013,3,7,50,1063
2013,3,8,1,629
2013,3,8,2,1740
2013,3,8,3,1021
2013,3,8,4,659
2013,3,8,5,505
2013,3,8,6,1787
2013,3,8,7,1715
2013,3,8,8,2233
2013,3,8,9,1461
2013,3,8,10,2155
2013,3,8,11,2005
2013,3,8,12,2001
2013,3,8,13,2419
2013,3,8,14,1724
2013,3,8,15,2599
2013,3,8,16,734
2013,3,8,17,936
2013,3,8,18,2459
2013,3,8,19,1124
2013,3,8,20,1369
2013,3,8,21,1182
2013,3,8,22,2382
2013,3,8,23,852
2013,3,8,24,1974
2013,3,8,25,2350
2013,3,8,26,1374
2013,3,8,27,614
2013,3,8,28,2596
2013,3,8,29,1939
2013,3,8,30,1164
2013,3,8,31,1665
2013,3,8,32,1279
2013,3,8,33,1971
2013,3,8,34,741
2013,3,8,35,1889
2013,3,8,36,2262
2013,3,8,37,835
2013,3,8,38,2390
2013,3,8,39,1271
2013,3,8,40,838
2013,3,8,41,637
2013,3,8,42,1058
2013,3,8,43,1484
2013,3,8,44,868
2013,3,8,45,2390
2013,3,8,46,1748
2013,3,8,47,630
2013,3,8,48,1423
2013,3,8,49,862
2013,3,8,50,1946
2013,3,9,1,530
2013,3,9,2,1451
2013,3,9,3,909
2013,3,9,4,556
2013,3,9,5,473
2013,3,9,6,1400
2013,3,9,7,1460
2013,3,9,8,1838
2013,3,9,9,1264
2013,3,9,10,1750
2013,3,9,11,1721
2013,3,9,12,1759
2013,3,9,13,2086
2013,3,9,14,1399
2013,3,9,15,2142
2013,3,9,16,651
2013,3,9,17,869
2013,3,9,18,2092
2013,3,9,19,1042
2013,3,9,20,1238
2013,3,9,21,1051
2013,3,9,22,2067
2013,3,9,23,724
2013,3,9,24,1676
2013,3,9,25,2008
2013,3,9,26,1213
2013,3,9,27,580
2013,3,9,28,2222
2013,3,9,29,1683
2013,3,9,30,972
2013,3,9,31,1464
2013,3,9,32,1090
2013,3,9,33,1687
2013,3,9,34,609
2013,3,9,35,1658
2013,3,9,36,1933
2013,3,9,37,755
2013,3,9,38,1974
2013,3,9,39,1045
2013,3,9,40,721
2013,3,9,41,521
2013,3,9,42,896
2013,3,9,43,1311
2013,3,9,44,729
2013,3,9,45,1993
2013,3,9,46,1487
2013,3,9,47,598
2013,3,9,48,1302
2013,3,9,49,731
2013,3,9,50,1659
2013,3,10,1,579
2013,3,10,2,1555
2013,3,10,3,952
2013,3,10,4,596
2013,3,10,5,496
2013,3,10,6,1501
2013,3,10,7,1528
2013,3,10,8,2027
2013,3,10,9,1372
2013,3,10,10,1981
2013,3,10,11,1781
2013,3,10,12,1818
2013,3,10,13,2228
2013,3,10,14,1481
2013,3,10,15,2307
2013,3,10,16,680
2013,3,10,17,884
2013,3,10,18,2233
2013,3,10,19,1093
2013,3,10,20,1284
2013,3,10,21,1049
2013,3,10,22,2129
2013,3,10,23,787
2013,3,10,24,1776
2013,3,10,25,2212
2013,3,10,26,1246
2013,3,10,27,574
2013,3,10,28,2348
2013,3,10,29,1835
2013,3,10,30,1057
2013,3,10,31,1585
2013,3,10,32,1105
2013,3,10,33,1794
2013,3,10,34,673
2013,3,10,35,1745
2013,3,10,36,2068
2013,3,10,37,780
2013,3,10,38,2161
2013,3,10,39,1171
2013,3,10,40,752
2013,3,10,41,573
2013,3,10,42,963
2013,3,10,43,1351
2013,3,10,44,771
2013,3,10,45,2167
2013,3,10,46,1602
2013,3,10,47,614
2013,3,10,48,1394
2013,3,10,49,787
2013,3,10,50,1804
2013,4,1,1,522
2013,4,1,2,1316
2013,4,1,3,853
2013,4,1,4,514
2013,4,1,5,417
2013,4,1,6,1432
2013,4,1,7,1386
2013,4,1,8,1857
2013,4,1,9,1205
2013,4,1,10,1717
2013,4,1,11,1694
2013,4,1,12,1613
2013,4,1,13,1894
2013,4,1,14,1385
2013,4,1,15,2099
2013,4,1,16,640
2013,4,1,17,781
2013,4,1,18,2013
2013,4,1,19,903
2013,4,1,20,1134
2013,4,1,21,917
2013,4,1,22,1930
2013,4,1,23,730
2013,4,1,24,1565
2013,4,1,25,1833
2013,4,1,26,1169
2013,4,1,27,523
2013,4,1,28,2094
2013,4,1,29,1624
2013,4,1,30,937
2013,4,1,31,1399
2013,4,1,32,1108
2013,4,1,33,1635
2013,4,1,34,590
2013,4,1,35,1532
2013,4,1,36,1765
2013,4,1,37,665
2013,4,1,38,1891
2013,4,1,39,1034
2013,4,1,40,705
2013,4,1,41,527
2013,4,1,42,848
2013,4,1,43,1239
2013,4,1,44,670
2013,4,1,45,1845
2013,4,1,46,1357
2013,4,1,47,532
2013,4,1,48,1229
2013,4,1,49,699
2013,4,1,50,1556
2013,4,2,1,743
2013,4,2,2,1952
2013,4,2,3,1224
2013,4,2,4,757
2013,4,2,5,581
2013,4,2,6,1957
2013,4,2,7,1957
2013,4,2,8,2580
2013,4,2,9,1715
2013,4,2,10,2436
2013,4,2,11,2328
2013,4,2,12,2345
2013,4,2,13,2874
2013,4,2,14,1936
2013,4,2,15,2917
2013,4,2,16,813
2013,4,2,17,1123
2013,4,2,18,2835
2013,4,2,19,1359
2013,4,2,20,1578
2013,4,2,21,1443
2013,4,2,22,2765
2013,4,2,23,1003
2013,4,2,24,2292
2013,4,2,25,2649
2013,4,2,26,1527
2013,4,2,27,756
2013,4,2,28,2986
2013,4,2,29,2344
2013,4,2,30,1339
2013,4,2,31,1928
2013,4,2,32,1562
2013,4,2,33,2316
2013,4,2,34,834
2013,4,2,35,2245
2013,4,2,36,2504
2013,4,2,37,985
2013,4,2,38,2676
2013,4,2,39,1472
2013,4,2,40,989
2013,4,2,41,756
2013,4,2,42,1214
2013,4,2,43,1810
2013,4,2,44,1026
2013,4,2,45,2713
2013,4,2,46,1985
2013,4,2,47,779
2013,4,2,48,1841
2013,4,2,49,1024
2013,4,2,50,2214
2013,4,3,1,673
2013,4,3,2,1736
2013,4,3,3,1108
2013,4,3,4,702
2013,4,3,5,537
2013,4,3,6,1688
2013,4,3,7,1769
2013,4,3,8,2289
2013,4,3,9,1600
2013,4,3,10,2182
2013,4,3,11,2110
2013,4,3,12,2058
2013,4,3,13,2503
2013,4,3,14,1801
2013,4,3,15,2637
2013,4,3,16,790
2013,4,3,17,1045
2013,4,3,18,2631
2013,4,3,19,1182
2013,4,3,20,1421
2013,4,3,21,1170
2013,4,3,22,2378
2013,4,3,23,899
2013,4,3,24,1826
2013,4,3,25,2425
2013,4,3,26,1344
2013,4,3,27,673
2013,4,3,28,2582
2013,4,3,29,2141
2013,4,3,30,1170
2013,4,3,31,1815
2013,4,3,32,1288
2013,4,3,33,2036
2013,4,3,34,769
2013,4,3,35,1924
2013,4,3,36,2301
2013,4,3,37,848
2013,4,3,38,2369
2013,4,3,39,1294
2013,4,3,40,873
2013,4,3,41,636
2013,4,3,42,1038
2013,4,3,43,1491
2013,4,3,44,884
2013,4,3,45,2484
2013,4,3,46,1759
2013,4,3,47,595
2013,4,3,48,1507
2013,4,3,49,852
2013,4,3,50,1934
2013,4,4,1,607
2013,4,4,2,1573
2013,4,4,3,996
2013,4,4,4,607
2013,4,4,5,516
2013,4,4,6,1661
2013,4,4,7,1562
2013,4,4,8,2095
2013,4,4,9,1435
2013,4,4,10,1982
2013,4,4,11,1898
2013,4,4,12,1943
2013,4,4,13,2327
2013,4,4,14,1651
2013,4,4,15,2447
2013,4,4,16,736
2013,4,4,17,917
2013,4,4,18,2358
2013,4,4,19,1068
2013,4,4,20,1293
2013,4,4,21,1108
2013,4,4,22,2194
2013,4,4,23,832
2013,4,4,24,1819
2013,4,4,25,2295
2013,4,4,26,1327
2013,4,4,27,600
2013,4,4,28,2425
2013,4,4,29,1957
2013,4,4,30,1038
2013,4,4,31,1618
2013,4,4,32,1224
2013,4,4,33,1878
2013,4,4,34,676
2013,4,4,35,1807
2013,4,4,36,2067
2013,4,4,37,785
2013,4,4,38,2216
2013,4,4,39,1195
2013,4,4,40,797
2013,4,4,41,597
2013,4,4,42,1039
2013,4,4,43,1445
2013,4,4,44,826
2013,4,4,45,2234
2013,4,4,46,1583
2013,4,4,47,581
2013,4,4,48,1350
2013,4,4,49,786
2013,4,4,50,1830
2013,4,5,1,406
2013,4,5,2,1125
2013,4,5,3,768
2013,4,5,4,465
2013,4,5,5,362
2013,4,5,6,1180
2013,4,5,7,1194
2013,4,5,8,1535
2013,4,5,9,947
2013,4,5,10,1448
2013,4,5,11,1486
2013,4,5,12,1343
2013,4,5,13,1612
2013,4,5,14,1203
2013,4,5,15,1790
2013,4,5,16,499
2013,4,5,17,609
2013,4,5,18,1697
2013,4,5,19,802
2013,4,5,20,933
2013,4,5,21,809
2013,4,5,22,1616
2013,4,5,23,571
2013,4,5,24,1358
2013,4,5,25,1591
2013,4,5,26,928
2013,4,5,27,458
2013,4,5,28,1756
2013,4,5,29,1398
2013,4,5,30,813
2013,4,5,31,1175
2013,4,5,32,851
2013,4,5,33,1334
2013,4,5,34,562
2013,4,5,35,1334
2013,4,5,36,1555
2013,4,5,37,611
2013,4,5,38,1544
2013,4,5,39,863
2013,4,5,40,533
2013,4,5,41,453
2013,4,5,42,742
2013,4,5,43,969
2013,4,5,44,587
2013,4,5,45,1584
2013,4,5,46,1166
2013,4,5,47,429
2013,4,5,48,1062
2013,4,5,49,573
2013,4,5,50,1315
2013,4,6,1,434
2013,4,6,2,1137
2013,4,6,3,770
2013,4,6,4,426
2013,4,6,5,354
2013,4,6,6,1108
2013,4,6,7,1166
2013,4,6,8,1556
2013,4,6,9,1047
2013,4,6,10,1481
2013,4,6,11,1287
2013,4,6,12,1299
2013,4,6,13,1703
2013,4,6,14,1158
2013,4,6,15,1730
2013,4,6,16,486
2013,4,6,17,645
2013,4,6,18,1708
2013,4,6,19,808
2013,4,6,20,922
2013,4,6,21,863
2013,4,6,22,1521
2013,4,6,23,562
2013,4,6,24,1277
2013,4,6,25,1573
2013,4,6,26,910
2013,4,6,27,449
2013,4,6,28,1754
2013,4,6,29,1389
2013,4,6,30,891
2013,4,6,31,1123
2013,4,6,32,808
2013,4,6,33,1350
2013,4,6,34,521
2013,4,6,35,1286
2013,4,6,36,1614
2013,4,6,37,589
2013,4,6,38,1593
2013,4,6,39,868
2013,4,6,40,609
2013,4,6,41,426
2013,4,6,42,724
2013,4,6,43,1020
2013,4,6,44,594
2013,4,6,45,1536
2013,4,6,46,1152
2013,4,6,47,423
2013,4,6,48,1053
2013,4,6,49,583
2013,4,6,50,1361
2013,4,7,1,442
2013,4,7,2,1027
2013,4,7,3,642
2013,4,7,4,372
2013,4,7,5,343
2013,4,7,6,1056
2013,4,7,7,1064
2013,4,7,8,1432
2013,4,7,9,980
2013,4,7,10,1327
2013,4,7,11,1228
2013,4,7,12,1262
2013,4,7,13,1525
2013,4,7,14,1070
2013,4,7,15,1511
2013,4,7,16,451
2013,4,7,17,605
2013,4,7,18,1615
2013,4,7,19,755
2013,4,7,20,870
2013,4,7,21,728
2013,4,7,22,1421
2013,4,7,23,536
2013,4,7,24,1163
2013,4,7,25,1483
2013,4,7,26,868
2013,4,7,27,396
2013,4,7,28,1530
2013,4,7,29,1272
2013,4,7,30,730
2013,4,7,31,1069
2013,4,7,32,791
2013,4,7,33,1307
2013,4,7,34,479
2013,4,7,35,1181
2013,4,7,36,1399
2013,4,7,37,585
2013,4,7,38,1463
2013,4,7,39,830
2013,4,7,40,533
2013,4,7,41,407
2013,4,7,42,670
2013,4,7,43,924
2013,4,7,44,497
2013,4,7,45,1448
2013,4,7,46,1106
2013,4,7,47,379
2013,4,7,48,906
2013,4,7,49,524
2013,4,7,50,1262
2013,4,8,1,693
2013,4,8,2,1777
2013,4,8,3,1207
2013,4,8,4,723
2013,4,8,5,616
2013,4,8,6,1859
2013,4,8,7,1959
2013,4,8,8,2405
2013,4,8,9,1634
2013,4,8,10,2303
2013,4,8,11,2334
2013,4,8,12,2282
2013,4,8,13,2739
2013,4,8,14,1849
2013,4,8,15,2750
2013,4,8,16,882
2013,4,8,17,1092
2013,4,8,18,2635
2013,4,8,19,1246
2013,4,8,20,1485
2013,4,8,21,1328
2013,4,8,22,2577
2013,4,8,23,945
2013,4,8,24,2086
2013,4,8,25,2608
2013,4,8,26,1484
2013,4,8,27,692
2013,4,8,28,2774
2013,4,8,29,2095
2013,4,8,30,1271
2013,4,8,31,1932
2013,4,8,32,1388
2013,4,8,33,2195
2013,4,8,34,861
2013,4,8,35,2115
2013,4,8,36,2407
2013,4,8,37,900
2013,4,8,38,2604
2013,4,8,39,1422
2013,4,8,40,926
2013,4,8,41,739
2013,4,8,42,1184
2013,4,8,43,1568
2013,4,8,44,971
2013,4,8,45,2610
2013,4,8,46,1904
2013,4,8,47,706
2013,4,8,48,1689
2013,4,8,49,926
2013,4,8,50,2191
2013,4,9,1,627
2013,4,9,2,1606
2013,4,9,3,1063
2013,4,9,4,608
2013,4,9,5,481
2013,4,9,6,1610
2013,4,9,7,1643
2013,4,9,8,2127
2013,4,9,9,1360
2013,4,9,10,2031
2013,4,9,11,1942
2013,4,9,12,1899
2013,4,9,13,2194
2013,4,9,14,1691
2013,4,9,15,2446
2013,4,9,16,735
2013,4,9,17,890
2013,4,9,18,2337
2013,4,9,19,1073
2013,4,9,20,1304
2013,4,9,21,1122
2013,4,9,22,2288
2013,4,9,23,791
2013,4,9,24,1813
2013,4,9,25,2156
2013,4,9,26,1294
2013,4,9,27,597
2013,4,9,28,2429
2013,4,9,29,1949
2013,4,9,30,1054
2013,4,9,31,1639
2013,4,9,32,1202
2013,4,9,33,1837
2013,4,9,34,675
2013,4,9,35,1815
2013,4,9,36,2124
2013,4,9,37,818
2013,4,9,38,2272
2013,4,9,39,1190
2013,4,9,40,792
2013,4,9,41,598
2013,4,9,42,1009
2013,4,9,43,1385
2013,4,9,44,813
2013,4,9,45,2177
2013,4,9,46,1639
2013,4,9,47,593
2013,4,9,48,1441
2013,4,9,49,812
2013,4,9,50,1791
2013,4,10,1,636
2013,4,10,2,1689
2013,4,10,3,1073
2013,4,10,4,660
2013,4,10,5,522
2013,4,10,6,1699
2013,4,10,7,1734
2013,4,10,8,2202
2013,4,10,9,1467
2013,4,10,10,2213
2013,4,10,11,2122
2013,4,10,12,2084
2013,4,10,13,2439
2013,4,10,14,1722
2013,4,10,15,2539
2013,4,10,16,726
2013,4,10,17,948
2013,4,10,18,2510
2013,4,10,19,1143
2013,4,10,20,1445
2013,4,10,21,1146
2013,4,10,22,2429
2013,4,10,23,800
2013,4,10,24,1943
2013,4,10,25,2333
2013,4,10,26,1434
2013,4,10,27,652
2013,4,10,28,2543
2013,4,10,29,2035
2013,4,10,30,1227
2013,4,10,31,1798
2013,4,10,32,1327
2013,4,10,33,1958
2013,4,10,34,756
2013,4,10,35,1849
2013,4,10,36,2239
2013,4,10,37,813
2013,4,10,38,2395
2013,4,10,39,1299
2013,4,10,40,835
2013,4,10,41,664
2013,4,10,42,1078
2013,4,10,43,1518
2013,4,10,44,848
2013,4,10,45,2383
2013,4,10,46,1834
2013,4,10,47,630
2013,4,10,48,1480
2013,4,10,49,908
2013,4,10,50,2064
2013,5,1,1,531
2013,5,1,2,1527
2013,5,1,3,993
2013,5,1,4,632
2013,5,1,5,497
2013,5,1,6,1567
2013,5,1,7,1626
2013,5,1,8,2102
2013,5,1,9,1366
2013,5,1,10,1825
2013,5,1,11,1851
2013,5,1,12,1822
2013,5,1,13,2244
2013,5,1,14,1540
2013,5,1,15,2360
2013,5,1,16,722
2013,5,1,17,854
2013,5,1,18,2323
2013,5,1,19,1052
2013,5,1,20,1259
2013,5,1,21,1023
2013,5,1,22,2100
2013,5,1,23,726
2013,5,1,24,1738
2013,5,1,25,2061
2013,5,1,26,1233
2013,5,1,27,592
2013,5,1,28,2343
2013,5,1,29,1831
2013,5,1,30,1011
2013,5,1,31,1500
2013,5,1,32,1100
2013,5,1,33,1893
2013,5,1,34,688
2013,5,1,35,1784
2013,5,1,36,2010
2013,5,1,37,763
2013,5,1,38,2218
2013,5,1,39,1213
2013,5,1,40,805
2013,5,1,41,596
2013,5,1,42,1016
2013,5,1,43,1385
2013,5,1,44,777
2013,5,1,45,2167
2013,5,1,46,1564
2013,5,1,47,591
2013,5,1,48,1367
2013,5,1,49,758
2013,5,1,50,1726
2013,5,2,1,843
2013,5,2,2,2262
2013,5,2,3,1325
2013,5,2,4,783
2013,5,2,5,686
2013,5,2,6,2253
2013,5,2,7,2300
2013,5,2,8,2880
2013,5,2,9,1872
2013,5,2,10,2677
2013,5,2,11,2664
2013,5,2,12,2677
2013,5,2,13,3170
2013,5,2,14,2193
2013,5,2,15,3379
2013,5,2,16,984
2013,5,2,17,1324
2013,5,2,18,3221
2013,5,2,19,1458
2013,5,2,20,1784
2013,5,2,21,1488
2013,5,2,22,3043
2013,5,2,23,1093
2013,5,2,24,2509
2013,5,2,25,2980
2013,5,2,26,1807
2013,5,2,27,853
2013,5,2,28,3222
2013,5,2,29,2579
2013,5,2,30,1604
2013,5,2,31,2149
2013,5,2,32,1767
2013,5,2,33,2612
2013,5,2,34,971
2013,5,2,35,2504
2013,5,2,36,2818
2013,5,2,37,1112
2013,5,2,38,3094
2013,5,2,39,1656
2013,5,2,40,1120
2013,5,2,41,788
2013,5,2,42,1388
2013,5,2,43,1849
2013,5,2,44,1078
2013,5,2,45,3027
2013,5,2,46,2270
2013,5,2,47,818
2013,5,2,48,1889
2013,5,2,49,1091
2013,5,2,50,2447
2013,5,3,1,735
2013,5,3,2,1920
2013,5,3,3,1221
2013,5,3,4,745
2013,5,3,5,603
2013,5,3,6,1976
2013,5,3,7,1888
2013,5,3,8,2492
2013,5,3,9,1696
2013,5,3,10,2415
2013,5,3,11,2331
2013,5,3,12,2295
2013,5,3,13,2781
2013,5,3,14,1941
2013,5,3,15,2918
2013,5,3,16,903
2013,5,3,17,1121
2013,5,3,18,2833
2013,5,3,19,1351
2013,5,3,20,1600
2013,5,3,21,1324
2013,5,3,22,2665
2013,5,3,23,938
2013,5,3,24,2176
2013,5,3,25,2687
2013,5,3,26,1624
2013,5,3,27,753
2013,5,3,28,2968
2013,5,3,29,2298
2013,5,3,30,1350
2013,5,3,31,1942
2013,5,3,32,1460
2013,5,3,33,2247
2013,5,3,34,905
2013,5,3,35,2273
2013,5,3,36,2517
2013,5,3,37,930
2013,5,3,38,2678
2013,5,3,39,1403
2013,5,3,40,1033
2013,5,3,41,751
2013,5,3,42,1207
2013,5,3,43,1682
2013,5,3,44,991
2013,5,3,45,2638
2013,5,3,46,1869
2013,5,3,47,714
2013,5,3,48,1747
2013,5,3,49,990
2013,5,3,50,2139
2013,5,4,1,688
2013,5,4,2,1926
2013,5,4,3,1116
2013,5,4,4,673
2013,5,4,5,536
2013,5,4,6,1777
2013,5,4,7,1813
2013,5,4,8,2416
2013,5,4,9,1602
2013,5,4,10,2240
2013,5,4,11,2084
2013,5,4,12,2145
2013,5,4,13,2588
2013,5,4,14,1811
2013,5,4,15,2736
2013,5,4,16,770
2013,5,4,17,1023
2013,5,4,18,2617
2013,5,4,19,1244
2013,5,4,20,1400
2013,5,4,21,1241
2013,5,4,22,2546
2013,5,4,23,826
2013,5,4,24,2038
2013,5,4,25,2563
2013,5,4,26,1426
2013,5,4,27,648
2013,5,4,28,2731
2013,5,4,29,2167
2013,5,4,30,1285
2013,5,4,31,1793
2013,5,4,32,1400
2013,5,4,33,2189
2013,5,4,34,781
2013,5,4,35,1988
2013,5,4,36,2384
2013,5,4,37,932
2013,5,4,38,2489
2013,5,4,39,1313
2013,5,4,40,886
2013,5,4,41,682
2013,5,4,42,1141
2013,5,4,43,1531
2013,5,4,44,899
2013,5,4,45,2459
2013,5,4,46,1823
2013,5,4,47,679
2013,5,4,48,1530
2013,5,4,49,879
2013,5,4,50,2033
2013,5,5,1,493
2013,5,5,2,1278
2013,5,5,3,806
2013,5,5,4,526
2013,5,5,5,426
2013,5,5,6,1277
2013,5,5,7,1301
2013,5,5,8,1688
2013,5,5,9,1116
2013,5,5,10,1584
2013,5,5,11,1599
2013,5,5,12,1593
2013,5,5,13,1845
2013,5,5,14,1308
2013,5,5,15,1952
2013,5,5,16,548
2013,5,5,17,732
2013,5,5,18,1893
2013,5,5,19,864
2013,5,5,20,1071
2013,5,5,21,883
2013,5,5,22,1830
2013,5,5,23,641
2013,5,5,24,1398
2013,5,5,25,1762
2013,5,5,26,1077
2013,5,5,27,522
2013,5,5,28,1863
2013,5,5,29,1525
2013,5,5,30,909
2013,5,5,31,1304
2013,5,5,32,885
2013,5,5,33,1578
2013,5,5,34,614
2013,5,5,35,1443
2013,5,5,36,1733
2013,5,5,37,693
2013,5,5,38,1815
2013,5,5,39,938
2013,5,5,40,699
2013,5,5,41,448
2013,5,5,42,821
2013,5,5,43,1127
2013,5,5,44,630
2013,5,5,45,1772
2013,5,5,46,1232
2013,5,5,47,483
2013,5,5,48,1203
2013,5,5,49,614
2013,5,5,50,1452
2013,5,6,1,502
2013,5,6,2,1248
2013,5,6,3,809
2013,5,6,4,482
2013,5,6,5,369
2013,5,6,6,1270
2013,5,6,7,1313
2013,5,6,8,1672
2013,5,6,9,1136
2013,5,6,10,1707
2013,5,6,11,1553
2013,5,6,12,1533
2013,5,6,13,1809
2013,5,6,14,1277
2013,5,6,15,1913
2013,5,6,16,610
2013,5,6,17,712
2013,5,6,18,1810
2013,5,6,19,813
2013,5,6,20,1086
2013,5,6,21,892
2013,5,6,22,1737
2013,5,6,23,657
2013,5,6,24,1486
2013,5,6,25,1845
2013,5,6,26,1035
2013,5,6,27,468
2013,5,6,28,1872
2013,5,6,29,1583
2013,5,6,30,923
2013,5,6,31,1356
2013,5,6,32,973
2013,5,6,33,1480
2013,5,6,34,566
2013,5,6,35,1408
2013,5,6,36,1680
2013,5,6,37,634
2013,5,6,38,1821
2013,5,6,39,978
2013,5,6,40,675
2013,5,6,41,462
2013,5,6,42,806
2013,5,6,43,1122
2013,5,6,44,714
2013,5,6,45,1806
2013,5,6,46,1333
2013,5,6,47,513
2013,5,6,48,1122
2013,5,6,49,687
2013,5,6,50,1474
2013,5,7,1,399
2013,5,7,2,1230
2013,5,7,3,757
2013,5,7,4,446
2013,5,7,5,375
2013,5,7,6,1217
2013,5,7,7,1134
2013,5,7,8,1503
2013,5,7,9,1069
2013,5,7,10,1482
2013,5,7,11,1394
2013,5,7,12,1468
2013,5,7,13,1712
2013,5,7,14,1197
2013,5,7,15,1761
2013,5,7,16,543
2013,5,7,17,642
2013,5,7,18,1738
2013,5,7,19,821
2013,5,7,20,962
2013,5,7,21,806
2013,5,7,22,1627
2013,5,7,23,591
2013,5,7,24,1376
2013,5,7,25,1585
2013,5,7,26,994
2013,5,7,27,411
2013,5,7,28,1800
2013,5,7,29,1386
2013,5,7,30,838
2013,5,7,31,1240
2013,5,7,32,894
2013,5,7,33,1417
2013,5,7,34,535
2013,5,7,35,1329
2013,5,7,36,1525
2013,5,7,37,547
2013,5,7,38,1649
2013,5,7,39,906
2013,5,7,40,642
2013,5,7,41,471
2013,5,7,42,687
2013,5,7,43,1000
2013,5,7,44,607
2013,5,7,45,1625
2013,5,7,46,1170
2013,5,7,47,438
2013,5,7,48,1013
2013,5,7,49,587
2013,5,7,50,1330
2013,5,8,1,767
2013,5,8,2,2153
2013,5,8,3,1374
2013,5,8,4,765
2013,5,8,5,694
2013,5,8,6,2090
2013,5,8,7,2079
2013,5,8,8,2736
2013,5,8,9,1842
2013,5,8,10,2588
2013,5,8,11,2530
2013,5,8,12,2496
2013,5,8,13,3039
2013,5,8,14,2078
2013,5,8,15,3146
2013,5,8,16,953
2013,5,8,17,1213
2013,5,8,18,3043
2013,5,8,19,1418
2013,5,8,20,1689
2013,5,8,21,1415
2013,5,8,22,2896
2013,5,8,23,1023
2013,5,8,24,2455
2013,5,8,25,2935
2013,5,8,26,1665
2013,5,8,27,776
2013,5,8,28,3121
2013,5,8,29,2530
2013,5,8,30,1490
2013,5,8,31,2140
2013,5,8,32,1599
2013,5,8,33,2494
2013,5,8,34,934
2013,5,8,35,2417
2013,5,8,36,2692
2013,5,8,37,1117
2013,5,8,38,2780
2013,5,8,39,1579
2013,5,8,40,1039
2013,5,8,41,804
2013,5,8,42,1334
2013,5,8,43,1870
2013,5,8,44,1073
2013,5,8,45,2798
2013,5,8,46,2124
2013,5,8,47,833
2013,5,8,48,1750
2013,5,8,49,1051
2013,5,8,50,2326
2013,5,9,1,630
2013,5,9,2,1788
2013,5,9,3,1144
2013,5,9,4,650
2013,5,9,5,577
2013,5,9,6,1691
2013,5,9,7,1756
2013,5,9,8,2326
2013,5,9,9,1576
2013,5,9,10,2216
2013,5,9,11,2130
2013,5,9,12,2055
2013,5,9,13,2627
2013,5,9,14,1789
2013,5,9,15,2661
2013,5,9,16,794
2013,5,9,17,1001
2013,5,9,18,2535
2013,5,9,19,1227
2013,5,9,20,1482
2013,5,9,21,1249
2013,5,9,22,2520
2013,5,9,23,968
2013,5,9,24,2080
2013,5,9,25,2513
2013,5,9,26,1460
2013,5,9,27,683
2013,5,9,28,2808
2013,5,9,29,2106
2013,5,9,30,1233
2013,5,9,31,1819
2013,5,9,32,1416
2013,5,9,33,2193
2013,5,9,34,821
2013,5,9,35,2017
2013,5,9,36,2349
2013,5,9,37,853
2013,5,9,38,2468
2013,5,9,39,1333
2013,5,9,40,903
2013,5,9,41,645
2013,5,9,42,1171
2013,5,9,43,1585
2013,5,9,44,897
2013,5,9,45,2453
2013,5,9,46,1847
2013,5,9,47,640
2013,5,9,48,1573
2013,5,9,49,871
2013,5,9,50,1964
2013,5,10,1,710
2013,5,10,2,1847
2013,5,10,3,1210
2013,5,10,4,737
2013,5,10,5,629
2013,5,10,6,1813
2013,5,10,7,1969
2013,5,10,8,2604
2013,5,10,9,1713
2013,5,10,10,2410
2013,5,10,11,2275
2013,5,10,12,2247
2013,5,10,13,2787
2013,5,10,14,1934
2013,5,10,15,2903
2013,5,10,16,881
2013,5,10,17,1095
2013,5,10,18,2795
2013,5,10,19,1391
2013,5,10,20,1474
2013,5,10,21,1305
2013,5,10,22,2704
2013,5,10,23,975
2013,5,10,24,2258
2013,5,10,25,2633
2013,5,10,26,1593
2013,5,10,27,760
2013,5,10,28,2934
2013,5,10,29,2310
2013,5,10,30,1329
2013,5,10,31,1949
2013,5,10,32,1376
2013,5,10,33,2275
2013,5,10,34,858
2013,5,10,35,2230
2013,5,10,36,2659
2013,5,10,37,937
2013,5,10,38,2646
2013,5,10,39,1469
2013,5,10,40,997
2013,5,10,41,747
2013,5,10,42,1232
2013,5,10,43,1731
2013,5,10,44,909
2013,5,10,45,2589
2013,5,10,46,2001
2013,5,10,47,698
2013,5,10,48,1633
2013,5,10,49,939
2013,5,10,50,2110
2013,6,1,1,627
2013,6,1,2,1643
2013,6,1,3,996
2013,6,1,4,599
2013,6,1,5,497
2013,6,1,6,1620
2013,6,1,7,1573
2013,6,1,8,2092
2013,6,1,9,1444
2013,6,1,10,2031
2013,6,1,11,1937
2013,6,1,12,1881
2013,6,1,13,2332
2013,6,1,14,1551
2013,6,1,15,2494
2013,6,1,16,694
2013,6,1,17,950
2013,6,1,18,2295
2013,6,1,19,1033
2013,6,1,20,1273
2013,6,1,21,1114
2013,6,1,22,2121
2013,6,1,23,817
2013,6,1,24,1835
2013,6,1,25,2172
2013,6,1,26,1300
2013,6,1,27,616
2013,6,1,28,2409
2013,6,1,29,1880
2013,6,1,30,1072
2013,6,1,31,1608
2013,6,1,32,1183
2013,6,1,33,1926
2013,6,1,34,706
2013,6,1,35,1777
2013,6,1,36,1984
2013,6,1,37,793
2013,6,1,38,2289
2013,6,1,39,1182
2013,6,1,40,807
2013,6,1,41,639
2013,6,1,42,964
2013,6,1,43,1421
2013,6,1,44,822
2013,6,1,45,2248
2013,6,1,46,1602
2013,6,1,47,553
2013,6,1,48,1390
2013,6,1,49,839
2013,6,1,50,1900
2013,6,2,1,845
2013,6,2,2,2313
2013,6,2,3,1429
2013,6,2,4,886
2013,6,2,5,735
2013,6,2,6,2290
2013,6,2,7,2316
2013,6,2,8,3065
2013,6,2,9,2102
2013,6,2,10,2774
2013,6,2,11,2739
2013,6,2,12,2702
2013,6,2,13,3310
2013,6,2,14,2260
2013,6,2,15,3458
2013,6,2,16,1002
2013,6,2,17,1277
2013,6,2,18,3332
2013,6,2,19,1514
2013,6,2,20,1876
2013,6,2,21,1567
2013,6,2,22,3147
2013,6,2,23,1203
2013,6,2,24,2608
2013,6,2,25,3122
2013,6,2,26,1869
2013,6,2,27,836
2013,6,2,28,3417
2013,6,2,29,2624
2013,6,2,30,1515
2013,6,2,31,2306
2013,6,2,32,1665
2013,6,2,33,2674
2013,6,2,34,1016
2013,6,2,35,2679
2013,6,2,36,3033
2013,6,2,37,1135
2013,6,2,38,3156
2013,6,2,39,1748
2013,6,2,40,1145
2013,6,2,41,842
2013,6,2,42,1430
2013,6,2,43,1950
2013,6,2,44,1157
2013,6,2,45,3164
2013,6,2,46,2346
2013,6,2,47,856
2013,6,2,48,2064
2013,6,2,49,1150
2013,6,2,50,2509
2013,6,3,1,748
2013,6,3,2,1969
2013,6,3,3,1284
2013,6,3,4,738
2013,6,3,5,614
2013,6,3,6,2030
2013,6,3,7,2028
2013,6,3,8,2526
2013,6,3,9,1708
2013,6,3,10,2605
2013,6,3,11,2450
2013,6,3,12,2445
2013,6,3,13,2959
2013,6,3,14,1992
2013,6,3,15,2946
2013,6,3,16,911
2013,6,3,17,1142
2013,6,3,18,2957
2013,6,3,19,1392
2013,6,3,20,1714
2013,6,3,21,1347
2013,6,3,22,2836
2013,6,3,23,1040
2013,6,3,24,2282
2013,6,3,25,2765
2013,6,3,26,1639
2013,6,3,27,747
2013,6,3,28,3128
2013,6,3,29,2522
2013,6,3,30,1439
2013,6,3,31,1968
2013,6,3,32,1632
2013,6,3,33,2481
2013,6,3,34,839
2013,6,3,35,2294
2013,6,3,36,2718
2013,6,3,37,1009
2013,6,3,38,2889
2013,6,3,39,1542
2013,6,3,40,985
2013,6,3,41,720
2013,6,3,42,1219
2013,6,3,43,1757
2013,6,3,44,1038
2013,6,3,45,2824
2013,6,3,46,1978
2013,6,3,47,762
2013,6,3,48,1786
2013,6,3,49,1056
2013,6,3,50,2259
2013,6,4,1,707
2013,6,4,2,1824
2013,6,4,3,1228
2013,6,4,4,692
2013,6,4,5,603
2013,6,4,6,1870
2013,6,4,7,1934
2013,6,4,8,2527
2013,6,4,9,1620
2013,6,4,10,2428
2013,6,4,11,2294
2013,6,4,12,2228
2013,6,4,13,2728
2013,6,4,14,1781
2013,6,4,15,2764
2013,6,4,16,854
2013,6,4,17,1085
2013,6,4,18,2704
2013,6,4,19,1319
2013,6,4,20,1529
2013,6,4,21,1323
2013,6,4,22,2518
2013,6,4,23,890
2013,6,4,24,2119
2013,6,4,25,2606
2013,6,4,26,1522
2013,6,4,27,712
2013,6,4,28,2750
2013,6,4,29,2283
2013,6,4,30,1300
2013,6,4,31,1847
2013,6,4,32,1382
2013,6,4,33,2210
2013,6,4,34,857
2013,6,4,35,2142
2013,6,4,36,2513
2013,6,4,37,889
2013,6,4,38,2641
2013,6,4,39,1350
2013,6,4,40,909
2013,6,4,41,693
2013,6,4,42,1183
2013,6,4,43,1703
2013,6,4,44,945
2013,6,4,45,2537
2013,6,4,46,1873
2013,6,4,47,677
2013,6,4,48,1672
2013,6,4,49,990
2013,6,4,50,2145
2013,6,5,1,505
2013,6,5,2,1306
2013,6,5,3,839
2013,6,5,4,501
2013,6,5,5,428
2013,6,5,6,1471
2013,6,5,7,1280
2013,6,5,8,1811
2013,6,5,9,1279
2013,6,5,10,1792
2013,6,5,11,1611
2013,6,5,12,1607
2013,6,5,13,1990
2013,6,5,14,1408
2013,6,5,15,2118
2013,6,5,16,551
2013,6,5,17,772
2013,6,5,18,1992
2013,6,5,19,959
2013,6,5,20,1068
2013,6,5,21,959
2013,6,5,22,1961
2013,6,5,23,669
2013,6,5,24,1531
2013,6,5,25,1878
2013,6,5,26,1125
2013,6,5,27,484
2013,6,5,28,1988
2013,6,5,29,1590
2013,6,5,30,947
2013,6,5,31,1334
2013,6,5,32,954
2013,6,5,33,1636
2013,6,5,34,589
2013,6,5,35,1520
2013,6,5,36,1707
2013,6,5,37,682
2013,6,5,38,1884
2013,6,5,39,1033
2013,6,5,40,653
2013,6,5,41,526
2013,6,5,42,841
2013,6,5,43,1211
2013,6,5,44,683
2013,6,5,45,1858
2013,6,5,46,1350
2013,6,5,47,517
2013,6,5,48,1139
2013,6,5,49,681
2013,6,5,50,1586
2013,6,6,1,529
2013,6,6,2,1430
2013,6,6,3,835
2013,6,6,4,524
2013,6,6,5,428
2013,6,6,6,1418
2013,6,6,7,1383
2013,6,6,8,1731
2013,6,6,9,1241
2013,6,6,10,1655
2013,6,6,11,1628
2013,6,6,12,1669
2013,6,6,13,1960
2013,6,6,14,1387
2013,6,6,15,2023
2013,6,6,16,586
2013,6,6,17,771
2013,6,6,18,1889
2013,6,6,19,930
2013,6,6,20,1057
2013,6,6,21,986
2013,6,6,22,1903
2013,6,6,23,690
2013,6,6,24,1563
2013,6,6,25,1850
2013,6,6,26,1052
2013,6,6,27,522
2013,6,6,28,2009
2013,6,6,29,1616
2013,6,6,30,932
2013,6,6,31,1326
2013,6,6,32,1005
2013,6,6,33,1578
2013,6,6,34,569
2013,6,6,35,1501
2013,6,6,36,1799
2013,6,6,37,706
2013,6,6,38,1867
2013,6,6,39,979
2013,6,6,40,650
2013,6,6,41,503
2013,6,6,42,912
2013,6,6,43,1225
2013,6,6,44,672
2013,6,6,45,1909
2013,6,6,46,1349
2013,6,6,47,519
2013,6,6,48,1200
2013,6,6,49,629
2013,6,6,50,1617
2013,6,7,1,481
2013,6,7,2,1155
2013,6,7,3,803
2013,6,7,4,474
2013,6,7,5,394
2013,6,7,6,1283
2013,6,7,7,1192
2013,6,7,8,1597
2013,6,7,9,1052
2013,6,7,10,1554
2013,6,7,11,1459
2013,6,7,12,1484
2013,6,7,13,1848
2013,6,7,14,1339
2013,6,7,15,1863
2013,6,7,16,510
2013,6,7,17,709
2013,6,7,18,1794
2013,6,7,19,811
2013,6,7,20,920
2013,6,7,21,856
2013,6,7,22,1767
2013,6,7,23,624
2013,6,7,24,1352
2013,6,7,25,1780
2013,6,7,26,1047
2013,6,7,27,470
2013,6,7,28,1877
2013,6,7,29,1465
2013,6,7,30,851
2013,6,7,31,1259
2013,6,7,32,935
2013,6,7,33,1563
2013,6,7,34,550
2013,6,7,35,1395
2013,6,7,36,1643
2013,6,7,37,585
2013,6,7,38,1681
2013,6,7,39,889
2013,6,7,40,584
2013,6,7,41,459
2013,6,7,42,792
2013,6,7,43,1070
2013,6,7,44,686
2013,6,7,45,1675
2013,6,7,46,1238
2013,6,7,47,464
2013,6,7,48,1051
2013,6,7,49,609
2013,6,7,50,1388
2013,6,8,1,831
2013,6,8,2,2212
2013,6,8,3,1350
2013,6,8,4,822
2013,6,8,5,684
2013,6,8,6,2200
2013,6,8,7,2257
2013,6,8,8,2906
2013,6,8,9,1926
2013,6,8,10,2780
2013,6,8,11,2539
2013,6,8,12,2656
2013,6,8,13,3180
2013,6,8,14,2130
2013,6,8,15,3303
2013,6,8,16,977
2013,6,8,17,1270
2013,6,8,18,3075
2013,6,8,19,1532
2013,6,8,20,1755
2013,6,8,21,1535
2013,6,8,22,2951
2013,6,8,23,1083
2013,6,8,24,2492
2013,6,8,25,3090
2013,6,8,26,1776
2013,6,8,27,819
2013,6,8,28,3320
2013,6,8,29,2634
2013,6,8,30,1473
2013,6,8,31,2169
2013,6,8,32,1645
2013,6,8,33,2589
2013,6,8,34,949
2013,6,8,35,2505
2013,6,8,36,2888
2013,6,8,37,1089
2013,6,8,38,2900
2013,6,8,39,1609
2013,6,8,40,1016
2013,6,8,41,755
2013,6,8,42,1342
2013,6,8,43,1935
2013,6,8,44,1063
2013,6,8,45,3101
2013,6,8,46,2263
2013,6,8,47,859
2013,6,8,48,1910
2013,6,8,49,1152
2013,6,8,50,2500
2013,6,9,1,721
2013,6,9,2,1904
2013,6,9,3,1150
2013,6,9,4,715
2013,6,9,5,622
2013,6,9,6,1853
2013,6,9,7,1932
2013,6,9,8,2455
2013,6,9,9,1649
2013,6,9,10,2263
2013,6,9,11,2221
2013,6,9,12,2182
2013,6,9,13,2672
2013,6,9,14,1856
2013,6,9,15,2870
2013,6,9,16,772
2013,6,9,17,1101
2013,6,9,18,2828
2013,6,9,19,1246
2013,6,9,20,1492
2013,6,9,21,1268
2013,6,9,22,2529
2013,6,9,23,972
2013,6,9,24,2196
2013,6,9,25,2578
2013,6,9,26,1515
2013,6,9,27,715
2013,6,9,28,2864
2013,6,9,29,2217
2013,6,9,30,1314
2013,6,9,31,1880
2013,6,9,32,1348
2013,6,9,33,2180
2013,6,9,34,796
2013,6,9,35,2160
2013,6,9,36,2487
2013,6,9,37,931
2013,6,9,38,2526
2013,6,9,39,1364
2013,6,9,40,947
2013,6,9,41,688
2013,6,9,42,1153
2013,6,9,43,1650
2013,6,9,44,903
2013,6,9,45,2573
2013,6,9,46,1892
2013,6,9,47,727
2013,6,9,48,1572
2013,6,9,49,933
2013,6,9,50,2038
2013,6,10,1,745
2013,6,10,2,2029
2013,6,10,3,1224
2013,6,10,4,740
2013,6,10,5,636
2013,6,10,6,2052
2013,6,10,7,2028
2013,6,10,8,2661
2013,6,10,9,1706
2013,6,10,10,2486
2013,6,10,11,2446
2013,6,10,12,2358
2013,6,10,13,2898
2013,6,10,14,1998
2013,6,10,15,2991
2013,6,10,16,877
2013,6,10,17,1150
2013,6,10,18,2823
2013,6,10,19,1333
2013,6,10,20,1544
2013,6,10,21,1404
2013,6,10,22,2666
2013,6,10,23,1018
2013,6,10,24,2278
2013,6,10,25,2715
2013,6,10,26,1679
2013,6,10,27,782
2013,6,10,28,2953
2013,6,10,29,2432
2013,6,10,30,1382
2013,6,10,31,2025
2013,6,10,32,1519
2013,6,10,33,2405
2013,6,10,34,854
2013,6,10,35,2125
2013,6,10,36,2693
2013,6,10,37,961
2013,6,10,38,2775
2013,6,10,39,1554
2013,6,10,40,971
2013,6,10,41,779
2013,6,10,42,1225
2013,6,10,43,1716
2013,6,10,44,1009
2013,6,10,45,2825
2013,6,10,46,1984
2013,6,10,47,749
2013,6,10,48,1774
2013,6,10,49,1050
2013,6,10,50,2262
2013,7,1,1,661
2013,7,1,2,1743
2013,7,1,3,1105
2013,7,1,4,626
2013,7,1,5,519
2013,7,1,6,1755
2013,7,1,7,1709
2013,7,1,8,2201
2013,7,1,9,1547
2013,7,1,10,2083
2013,7,1,11,2046
2013,7,1,12,2155
2013,7,1,13,2456
2013,7,1,14,1789
2013,7,1,15,2571
2013,7,1,16,767
2013,7,1,17,1050
2013,7,1,18,2511
2013,7,1,19,1247
2013,7,1,20,1384
2013,7,1,21,1157
2013,7,1,22,2415
2013,7,1,23,866
2013,7,1,24,2020
2013,7,1,25,2355
2013,7,1,26,1472
2013,7,1,27,654
2013,7,1,28,2543
2013,7,1,29,1992
2013,7,1,30,1141
2013,7,1,31,1759
2013,7,1,32,1379
2013,7,1,33,2070
2013,7,1,34,764
2013,7,1,35,1907
2013,7,1,36,2299
2013,7,1,37,862
2013,7,1,38,2448
2013,7,1,39,1282
2013,7,1,40,863
2013,7,1,41,661
2013,7,1,42,1073
2013,7,1,43,1547
2013,7,1,44,852
2013,7,1,45,2494
2013,7,1,46,1744
2013,7,1,47,670
2013,7,1,48,1532
2013,7,1,49,862
2013,7,1,50,1919
2013,7,2,1,911
2013,7,2,2,2437
2013,7,2,3,1583
2013,7,2,4,924
2013,7,2,5,748
2013,7,2,6,2383
2013,7,2,7,2501
2013,7,2,8,3274
2013,7,2,9,2108
2013,7,2,10,3150
2013,7,2,11,2895
2013,7,2,12,2896
2013,7,2,13,3443
2013,7,2,14,2534
2013,7,2,15,3693
2013,7,2,16,1030
2013,7,2,17,1368
2013,7,2,18,3616
2013,7,2,19,1718
2013,7,2,20,2007
2013,7,2,21,1720
2013,7,2,22,3427
2013,7,2,23,1284
2013,7,2,24,2823
2013,7,2,25,3378
2013,7,2,26,1935
2013,7,2,27,890
2013,7,2,28,3652
2013,7,2,29,2970
2013,7,2,30,1705
2013,7,2,31,2509
2013,7,2,32,1776
2013,7,2,33,2921
2013,7,2,34,1022
2013,7,2,35,2765
2013,7,2,36,3190
2013,7,2,37,1162
2013,7,2,38,3415
2013,7,2,39,1862
2013,7,2,40,1204
2013,7,2,41,825
2013,7,2,42,1519
2013,7,2,43,2164
2013,7,2,44,1281
2013,7,2,45,3439
2013,7,2,46,2504
2013,7,2,47,903
2013,7,2,48,2166
2013,7,2,49,1193
2013,7,2,50,2822
2013,7,3,1,794
2013,7,3,2,2222
2013,7,3,3,1380
2013,7,3,4,847
2013,7,3,5,658
2013,7,3,6,2155
2013,7,3,7,2236
2013,7,3,8,2878
2013,7,3,9,1854
2013,7,3,10,2729
2013,7,3,11,2574
2013,7,3,12,2665
2013,7,3,13,3175
2013,7,3,14,2221
2013,7,3,15,3173
2013,7,3,16,967
2013,7,3,17,1225
2013,7,3,18,3124
2013,7,3,19,1509
2013,7,3,20,1760
2013,7,3,21,1533
2013,7,3,22,3032
2013,7,3,23,1099
2013,7,3,24,2387
2013,7,3,25,2976
2013,7,3,26,1785
2013,7,3,27,845
2013,7,3,28,3233
2013,7,3,29,2573
2013,7,3,30,1520
2013,7,3,31,2214
2013,7,3,32,1575
2013,7,3,33,2578
2013,7,3,34,929
2013,7,3,35,2408
2013,7,3,36,2879
2013,7,3,37,1077
2013,7,3,38,2987
2013,7,3,39,1629
2013,7,3,40,1039
2013,7,3,41,799
2013,7,3,42,1419
2013,7,3,43,1878
2013,7,3,44,1108
2013,7,3,45,3031
2013,7,3,46,2190
2013,7,3,47,884
2013,7,3,48,1941
2013,7,3,49,1047
2013,7,3,50,2492
2013,7,4,1,751
2013,7,4,2,2029
2013,7,4,3,1227
2013,7,4,4,751
2013,7,4,5,653
2013,7,4,6,2000
2013,7,4,7,2055
2013,7,4,8,2547
2013,7,4,9,1832
2013,7,4,10,2510
2013,7,4,11,2376
2013,7,4,12,2362
2013,7,4,13,2978
2013,7,4,14,2040
2013,7,4,15,3023
2013,7,4,16,922
2013,7,4,17,1110
2013,7,4,18,2949
2013,7,4,19,1484
2013,7,4,20,1652
2013,7,4,21,1330
2013,7,4,22,2860
2013,7,4,23,975
2013,7,4,24,2196
2013,7,4,25,2834
2013,7,4,26,1678
2013,7,4,27,781
2013,7,4,28,3034
2013,7,4,29,2346
2013,7,4,30,1379
2013,7,4,31,1954
2013,7,4,32,1579
2013,7,4,33,2509
2013,7,4,34,894
2013,7,4,35,2234
2013,7,4,36,2592
2013,7,4,37,1049
2013,7,4,38,2782
2013,7,4,39,1489
2013,7,4,40,1005
2013,7,4,41,747
2013,7,4,42,1263
2013,7,4,43,1802
2013,7,4,44,1046
2013,7,4,45,2748
2013,7,4,46,2072
2013,7,4,47,711
2013,7,4,48,1709
2013,7,4,49,1042
2013,7,4,50,2186
2013,7,5,1,532
2013,7,5,2,1410
2013,7,5,3,983
2013,7,5,4,485
2013,7,5,5,516
2013,7,5,6,1514
2013,7,5,7,1484
2013,7,5,8,1962
2013,7,5,9,1277
2013,7,5,10,1837
2013,7,5,11,1740
2013,7,5,12,1715
2013,7,5,13,2149
2013,7,5,14,1454
2013,7,5,15,2230
2013,7,5,16,679
2013,7,5,17,830
2013,7,5,18,2070
2013,7,5,19,1008
2013,7,5,20,1217
2013,7,5,21,969
2013,7,5,22,2014
2013,7,5,23,745
2013,7,5,24,1665
2013,7,5,25,2050
2013,7,5,26,1208
2013,7,5,27,565
2013,7,5,28,2146
2013,7,5,29,1653
2013,7,5,30,1007
2013,7,5,31,1412
2013,7,5,32,1054
2013,7,5,33,1751
2013,7,5,34,610
2013,7,5,35,1604
2013,7,5,36,1895
2013,7,5,37,743
2013,7,5,38,2032
2013,7,5,39,1086
2013,7,5,40,797
2013,7,5,41,551
2013,7,5,42,916
2013,7,5,43,1257
2013,7,5,44,699
2013,7,5,45,1998
2013,7,5,46,1409
2013,7,5,47,539
2013,7,5,48,1272
2013,7,5,49,731
2013,7,5,50,1605
2013,7,6,1,530
2013,7,6,2,1391
2013,7,6,3,957
2013,7,6,4,535
2013,7,6,5,463
2013,7,6,6,1467
2013,7,6,7,1447
2013,7,6,8,1916
2013,7,6,9,1236
2013,7,6,10,1793
2013,7,6,11,1746
2013,7,6,12,1784
2013,7,6,13,2104
2013,7,6,14,1484
2013,7,6,15,2237
2013,7,6,16,663
2013,7,6,17,845
2013,7,6,18,2077
2013,7,6,19,1053
2013,7,6,20,1167
2013,7,6,21,986
2013,7,6,22,2023
2013,7,6,23,758
2013,7,6,24,1643
2013,7,6,25,1954
2013,7,6,26,1175
2013,7,6,27,537
2013,7,6,28,2132
2013,7,6,29,1749
2013,7,6,30,978
2013,7,6,31,1426
2013,7,6,32,1103
2013,7,6,33,1715
2013,7,6,34,640
2013,7,6,35,1655
2013,7,6,36,1880
2013,7,6,37,768
2013,7,6,38,2034
2013,7,6,39,1152
2013,7,6,40,753
2013,7,6,41,495
2013,7,6,42,922
2013,7,6,43,1272
2013,7,6,44,695
2013,7,6,45,2034
2013,7,6,46,1460
2013,7,6,47,538
2013,7,6,48,1229
2013,7,6,49,705
2013,7,6,50,1667
2013,7,7,1,462
2013,7,7,2,1333
2013,7,7,3,821
2013,7,7,4,487
2013,7,7,5,415
2013,7,7,6,1306
2013,7,7,7,1277
2013,7,7,8,1746
2013,7,7,9,1172
2013,7,7,10,1728
2013,7,7,11,1558
2013,7,7,12,1657
2013,7,7,13,1882
2013,7,7,14,1378
2013,7,7,15,1927
2013,7,7,16,591
2013,7,7,17,700
2013,7,7,18,1907
2013,7,7,19,885
2013,7,7,20,1101
2013,7,7,21,888
2013,7,7,22,1828
2013,7,7,23,687
2013,7,7,24,1530
2013,7,7,25,1837
2013,7,7,26,1039
2013,7,7,27,490
2013,7,7,28,2044
2013,7,7,29,1618
2013,7,7,30,909
2013,7,7,31,1332
2013,7,7,32,987
2013,7,7,33,1646
2013,7,7,34,576
2013,7,7,35,1541
2013,7,7,36,1840
2013,7,7,37,617
2013,7,7,38,1887
2013,7,7,39,998
2013,7,7,40,657
2013,7,7,41,525
2013,7,7,42,826
2013,7,7,43,1185
2013,7,7,44,680
2013,7,7,45,1823
2013,7,7,46,1388
2013,7,7,47,516
2013,7,7,48,1138
2013,7,7,49,689
2013,7,7,50,1496
2013,7,8,1,891
2013,7,8,2,2284
2013,7,8,3,1426
2013,7,8,4,934
2013,7,8,5,696
2013,7,8,6,2318
2013,7,8,7,2390
2013,7,8,8,2980
2013,7,8,9,2100
2013,7,8,10,2905
2013,7,8,11,2828
2013,7,8,12,2725
2013,7,8,13,3364
2013,7,8,14,2317
2013,7,8,15,3590
2013,7,8,16,1022
2013,7,8,17,1322
2013,7,8,18,3438
2013,7,8,19,1719
2013,7,8,20,1932
2013,7,8,21,1699
2013,7,8,22,3295
2013,7,8,23,1119
2013,7,8,24,2715
2013,7,8,25,3250
2013,7,8,26,1941
2013,7,8,27,885
2013,7,8,28,3538
2013,7,8,29,2752
2013,7,8,30,1683
2013,7,8,31,2326
2013,7,8,32,1747
2013,7,8,33,2762
2013,7,8,34,1018
2013,7,8,35,2610
2013,7,8,36,3004
2013,7,8,37,1109
2013,7,8,38,3276
2013,7,8,39,1778
2013,7,8,40,1137
2013,7,8,41,872
2013,7,8,42,1538
2013,7,8,43,2073
2013,7,8,44,1205
2013,7,8,45,3301
2013,7,8,46,2359
2013,7,8,47,912
2013,7,8,48,2056
2013,7,8,49,1139
2013,7,8,50,2760
2013,7,9,1,769
2013,7,9,2,2064
2013,7,9,3,1211
2013,7,9,4,766
2013,7,9,5,586
2013,7,9,6,2029
2013,7,9,7,1997
2013,7,9,8,2644
2013,7,9,9,1820
2013,7,9,10,2549
2013,7,9,11,2399
2013,7,9,12,2449
2013,7,9,13,2903
2013,7,9,14,2053
2013,7,9,15,2942
2013,7,9,16,864
2013,7,9,17,1174
2013,7,9,18,2877
2013,7,9,19,1392
2013,7,9,20,1631
2013,7,9,21,1400
2013,7,9,22,2748
2013,7,9,23,974
2013,7,9,24,2239
2013,7,9,25,2725
2013,7,9,26,1646
2013,7,9,27,786
2013,7,9,28,2993
2013,7,9,29,2406
2013,7,9,30,1420
2013,7,9,31,2034
2013,7,9,32,1559
2013,7,9,33,2449
2013,7,9,34,895
2013,7,9,35,2283
2013,7,9,36,2731
2013,7,9,37,1023
2013,7,9,38,2817
2013,7,9,39,1528
2013,7,9,40,998
2013,7,9,41,786
2013,7,9,42,1253
2013,7,9,43,1830
2013,7,9,44,1062
2013,7,9,45,2727
2013,7,9,46,2036
2013,7,9,47,726
2013,7,9,48,1785
2013,7,9,49,961
2013,7,9,50,2255
2013,7,10,1,806
2013,7,10,2,2240
2013,7,10,3,1357
2013,7,10,4,810
2013,7,10,5,672
2013,7,10,6,2241
2013,7,10,7,2181
2013,7,10,8,2868
2013,7,10,9,1865
2013,7,10,10,2663
2013,7,10,11,2588
2013,7,10,12,2567
2013,7,10,13,2974
2013,7,10,14,2195
2013,7,10,15,3305
2013,7,10,16,1016
2013,7,10,17,1215
2013,7,10,18,3118
2013,7,10,19,1475
2013,7,10,20,1715
2013,7,10,21,1532
2013,7,10,22,3003
2013,7,10,23,1089
2013,7,10,24,2419
2013,7,10,25,2958
2013,7,10,26,1804
2013,7,10,27,785
2013,7,10,28,3249
2013,7,10,29,2525
2013,7,10,30,1546
2013,7,10,31,2212
2013,7,10,32,1613
2013,7,10,33,2540
2013,7,10,34,898
2013,7,10,35,2377
2013,7,10,36,2820
2013,7,10,37,1121
2013,7,10,38,2899
2013,7,10,39,1663
2013,7,10,40,1100
2013,7,10,41,794
2013,7,10,42,1389
2013,7,10,43,1998
2013,7,10,44,1040
2013,7,10,45,2990
2013,7,10,46,2178
2013,7,10,47,767
2013,7,10,48,1924
2013,7,10,49,1108
2013,7,10,50,2396
2013,8,1,1,594
2013,8,1,2,1591
2013,8,1,3,996
2013,8,1,4,580
2013,8,1,5,508
2013,8,1,6,1573
2013,8,1,7,1562
2013,8,1,8,1975
2013,8,1,9,1368
2013,8,1,10,1894
2013,8,1,11,1902
2013,8,1,12,1931
2013,8,1,13,2173
2013,8,1,14,1550
2013,8,1,15,2326
2013,8,1,16,709
2013,8,1,17,910
2013,8,1,18,2271
2013,8,1,19,1078
2013,8,1,20,1267
2013,8,1,21,1072
2013,8,1,22,2191
2013,8,1,23,766
2013,8,1,24,1762
2013,8,1,25,2135
2013,8,1,26,1262
2013,8,1,27,575
2013,8,1,28,2320
2013,8,1,29,1900
2013,8,1,30,1031
2013,8,1,31,1588
2013,8,1,32,1148
2013,8,1,33,1908
2013,8,1,34,656
2013,8,1,35,1747
2013,8,1,36,2058
2013,8,1,37,790
2013,8,1,38,2177
2013,8,1,39,1212
2013,8,1,40,820
2013,8,1,41,587
2013,8,1,42,932
2013,8,1,43,1342
2013,8,1,44,783
2013,8,1,45,2138
2013,8,1,46,1523
2013,8,1,47,622
2013,8,1,48,1335
2013,8,1,49,802
2013,8,1,50,1805
2013,8,2,1,805
2013,8,2,2,2220
2013,8,2,3,1327
2013,8,2,4,870
2013,8,2,5,682
2013,8,2,6,2192
2013,8,2,7,2175
2013,8,2,8,2924
2013,8,2,9,1878
2013,8,2,10,2701
2013,8,2,11,2579
2013,8,2,12,2627
2013,8,2,13,3225
2013,8,2,14,2221
2013,8,2,15,3368
2013,8,2,16,919
2013,8,2,17,1213
2013,8,2,18,3184
2013,8,2,19,1577
2013,8,2,20,1844
2013,8,2,21,1499
2013,8,2,22,3029
2013,8,2,23,1079
2013,8,2,24,2538
2013,8,2,25,3034
2013,8,2,26,1812
2013,8,2,27,820
2013,8,2,28,3330
2013,8,2,29,2580
2013,8,2,30,1490
2013,8,2,31,2227
2013,8,2,32,1651
2013,8,2,33,2598
2013,8,2,34,919
2013,8,2,35,2363
2013,8,2,36,2864
2013,8,2,37,1127
2013,8,2,38,2974
2013,8,2,39,1654
2013,8,2,40,1065
2013,8,2,41,843
2013,8,2,42,1324
2013,8,2,43,1949
2013,8,2,44,1108
2013,8,2,45,3173
2013,8,2,46,2156
2013,8,2,47,812
2013,8,2,48,1881
2013,8,2,49,1121
2013,8,2,50,2441
2013,8,3,1,769
2013,8,3,2,1979
2013,8,3,3,1236
2013,8,3,4,770
2013,8,3,5,633
2013,8,3,6,1919
2013,8,3,7,2001
2013,8,3,8,2504
2013,8,3,9,1803
2013,8,3,10,2391
2013,8,3,11,2321
2013,8,3,12,2374
2013,8,3,13,2825
2013,8,3,14,1941
2013,8,3,15,2885
2013,8,3,16,815
2013,8,3,17,1079
2013,8,3,18,2846
2013,8,3,19,1321
2013,8,3,20,1581
2013,8,3,21,1408
2013,8,3,22,2762
2013,8,3,23,998
2013,8,3,24,2272
2013,8,3,25,2684
2013,8,3,26,1586
2013,8,3,27,744
2013,8,3,28,2959
2013,8,3,29,2368
2013,8,3,30,1369
2013,8,3,31,1988
2013,8,3,32,1433
2013,8,3,33,2415
2013,8,3,34,878
2013,8,3,35,2202
2013,8,3,36,2591
2013,8,3,37,941
2013,8,3,38,2700
2013,8,3,39,1509
2013,8,3,40,988
2013,8,3,41,738
2013,8,3,42,1234
2013,8,3,43,1675
2013,8,3,44,982
2013,8,3,45,2667
2013,8,3,46,1934
2013,8,3,47,703
2013,8,3,48,1685
2013,8,3,49,954
2013,8,3,50,2199
2013,8,4,1,693
2013,8,4,2,1874
2013,8,4,3,1130
2013,8,4,4,713
2013,8,4,5,570
2013,8,4,6,1848
2013,8,4,7,1778
2013,8,4,8,2333
2013,8,4,9,1563
2013,8,4,10,2243
2013,8,4,11,2185
2013,8,4,12,2165
2013,8,4,13,2553
2013,8,4,14,1845
2013,8,4,15,2792
2013,8,4,16,782
2013,8,4,17,1071
2013,8,4,18,2638
2013,8,4,19,1272
2013,8,4,20,1473
2013,8,4,21,1219
2013,8,4,22,2443
2013,8,4,23,914
2013,8,4,24,2019
2013,8,4,25,2437
2013,8,4,26,1425
2013,8,4,27,707
2013,8,4,28,2741
2013,8,4,29,2125
2013,8,4,30,1262
2013,8,4,31,1817
2013,8,4,32,1302
2013,8,4,33,2165
2013,8,4,34,787
2013,8,4,35,2006
2013,8,4,36,2291
2013,8,4,37,861
2013,8,4,38,2518
2013,8,4,39,1377
2013,8,4,40,923
2013,8,4,41,703
2013,8,4,42,1060
2013,8,4,43,1572
2013,8,4,44,899
2013,8,4,45,2473
2013,8,4,46,1775
2013,8,4,47,644
2013,8,4,48,1575
2013,8,4,49,896
2013,8,4,50,1978
2013,8,5,1,502
2013,8,5,2,1294
2013,8,5,3,832
2013,8,5,4,486
2013,8,5,5,396
2013,8,5,6,1321
2013,8,5,7,1329
2013,8,5,8,1695
2013,8,5,9,1069
2013,8,5,10,1608
2013,8,5,11,1592
2013,8,5,12,1565
2013,8,5,13,1925
2013,8,5,14,1367
2013,8,5,15,1932
2013,8,5,16,551
2013,8,5,17,730
2013,8,5,18,1911
2013,8,5,19,903
2013,8,5,20,1036
2013,8,5,21,868
2013,8,5,22,1753
2013,8,5,23,642
2013,8,5,24,1503
2013,8,5,25,1787
2013,8,5,26,1117
2013,8,5,27,523
2013,8,5,28,1989
2013,8,5,29,1559
2013,8,5,30,906
2013,8,5,31,1340
2013,8,5,32,960
2013,8,5,33,1527
2013,8,5,34,531
2013,8,5,35,1474
2013,8,5,36,1769
2013,8,5,37,651
2013,8,5,38,1790
2013,8,5,39,924
2013,8,5,40,610
2013,8,5,41,494
2013,8,5,42,838
2013,8,5,43,1201
2013,8,5,44,645
2013,8,5,45,1807
2013,8,5,46,1378
2013,8,5,47,496
2013,8,5,48,1193
2013,8,5,49,640
2013,8,5,50,1409
2013,8,6,1,481
2013,8,6,2,1290
2013,8,6,3,800
2013,8,6,4,495
2013,8,6,5,408
2013,8,6,6,1282
2013,8,6,7,1308
2013,8,6,8,1674
2013,8,6,9,1160
2013,8,6,10,1622
2013,8,6,11,1534
2013,8,6,12,1615
2013,8,6,13,1937
2013,8,6,14,1321
2013,8,6,15,1982
2013,8,6,16,567
2013,8,6,17,701
2013,8,6,18,1784
2013,8,6,19,897
2013,8,6,20,1059
2013,8,6,21,905
2013,8,6,22,1778
2013,8,6,23,651
2013,8,6,24,1504
2013,8,6,25,1805
2013,8,6,26,1063
2013,8,6,27,517
2013,8,6,28,1929
2013,8,6,29,1605
2013,8,6,30,896
2013,8,6,31,1346
2013,8,6,32,957
2013,8,6,33,1581
2013,8,6,34,571
2013,8,6,35,1455
2013,8,6,36,1755
2013,8,6,37,687
2013,8,6,38,1858
2013,8,6,39,1018
2013,8,6,40,673
2013,8,6,41,497
2013,8,6,42,803
2013,8,6,43,1110
2013,8,6,44,667
2013,8,6,45,1740
2013,8,6,46,1380
2013,8,6,47,511
2013,8,6,48,1118
2013,8,6,49,654
2013,8,6,50,1492
2013,8,7,1,469
2013,8,7,2,1238
2013,8,7,3,762
2013,8,7,4,469
2013,8,7,5,366
2013,8,7,6,1194
2013,8,7,7,1177
2013,8,7,8,1602
2013,8,7,9,1084
2013,8,7,10,1506
2013,8,7,11,1450
2013,8,7,12,1474
2013,8,7,13,1702
2013,8,7,14,1185
2013,8,7,15,1754
2013,8,7,16,491
2013,8,7,17,681
2013,8,7,18,1688
2013,8,7,19,817
2013,8,7,20,934
2013,8,7,21,797
2013,8,7,22,1708
2013,8,7,23,592
2013,8,7,24,1331
2013,8,7,25,1624
2013,8,7,26,975
2013,8,7,27,468
2013,8,7,28,1721
2013,8,7,29,1434
2013,8,7,30,856
2013,8,7,31,1162
2013,8,7,32,878
2013,8,7,33,1473
2013,8,7,34,484
2013,8,7,35,1377
2013,8,7,36,1588
2013,8,7,37,590
2013,8,7,38,1631
2013,8,7,39,875
2013,8,7,40,639
2013,8,7,41,451
2013,8,7,42,752
2013,8,7,43,1054
2013,8,7,44,631
2013,8,7,45,1648
2013,8,7,46,1190
2013,8,7,47,467
2013,8,7,48,1037
2013,8,7,49,608
2013,8,7,50,1372
2013,8,8,1,787
2013,8,8,2,2045
2013,8,8,3,1309
2013,8,8,4,828
2013,8,8,5,642
2013,8,8,6,2087
2013,8,8,7,2128
2013,8,8,8,2814
2013,8,8,9,1835
2013,8,8,10,2625
2013,8,8,11,2467
2013,8,8,12,2505
2013,8,8,13,3026
2013,8,8,14,2112
2013,8,8,15,3207
2013,8,8,16,926
2013,8,8,17,1174
2013,8,8,18,3055
2013,8,8,19,1481
2013,8,8,20,1627
2013,8,8,21,1518
2013,8,8,22,2909
2013,8,8,23,1059
2013,8,8,24,2410
2013,8,8,25,2918
2013,8,8,26,1702
2013,8,8,27,790
2013,8,8,28,3219
2013,8,8,29,2418
2013,8,8,30,1411
2013,8,8,31,2106
2013,8,8,32,1615
2013,8,8,33,2517
2013,8,8,34,930
2013,8,8,35,2384
2013,8,8,36,2833
2013,8,8,37,952
2013,8,8,38,2922
2013,8,8,39,1586
2013,8,8,40,1077
2013,8,8,41,809
2013,8,8,42,1326
2013,8,8,43,1788
2013,8,8,44,1157
2013,8,8,45,2942
2013,8,8,46,2080
2013,8,8,47,837
2013,8,8,48,1852
2013,8,8,49,1019
2013,8,8,50,2286
2013,8,9,1,663
2013,8,9,2,1823
2013,8,9,3,1139
2013,8,9,4,696
2013,8,9,5,566
2013,8,9,6,1860
2013,8,9,7,1834
2013,8,9,8,2264
2013,8,9,9,1512
2013,8,9,10,2316
2013,8,9,11,2128
2013,8,9,12,2120
2013,8,9,13,2545
2013,8,9,14,1756
2013,8,9,15,2809
2013,8,9,16,787
2013,8,9,17,1085
2013,8,9,18,2633
2013,8,9,19,1200
2013,8,9,20,1497
2013,8,9,21,1318
2013,8,9,22,2437
2013,8,9,23,847
2013,8,9,24,1995
2013,8,9,25,2471
2013,8,9,26,1475
2013,8,9,27,665
2013,8,9,28,2738
2013,8,9,29,2137
2013,8,9,30,1270
2013,8,9,31,1912
2013,8,9,32,1418
2013,8,9,33,2130
2013,8,9,34,771
2013,8,9,35,2117
2013,8,9,36,2415
2013,8,9,37,864
2013,8,9,38,2488
2013,8,9,39,1332
2013,8,9,40,860
2013,8,9,41,663
2013,8,9,42,1163
2013,8,9,43,1596
2013,8,9,44,900
2013,8,9,45,2424
2013,8,9,46,1772
2013,8,9,47,674
2013,8,9,48,1569
2013,8,9,49,875
2013,8,9,50,2121
2013,8,10,1,729
2013,8,10,2,1880
2013,8,10,3,1220
2013,8,10,4,735
2013,8,10,5,606
2013,8,10,6,1916
2013,8,10,7,1875
2013,8,10,8,2583
2013,8,10,9,1662
2013,8,10,10,2373
2013,8,10,11,2301
2013,8,10,12,2259
2013,8,10,13,2830
2013,8,10,14,2003
2013,8,10,15,2962
2013,8,10,16,824
2013,8,10,17,1114
2013,8,10,18,2800
2013,8,10,19,1362
2013,8,10,20,1566
2013,8,10,21,1323
2013,8,10,22,2698
2013,8,10,23,937
2013,8,10,24,2207
2013,8,10,25,2668
2013,8,10,26,1524
2013,8,10,27,741
2013,8,10,28,2940
2013,8,10,29,2299
2013,8,10,30,1304
2013,8,10,31,1890
2013,8,10,32,1391
2013,8,10,33,2355
2013,8,10,34,811
2013,8,10,35,2176
2013,8,10,36,2490
2013,8,10,37,946
2013,8,10,38,2717
2013,8,10,39,1496
2013,8,10,40,998
2013,8,10,41,735
2013,8,10,42,1214
2013,8,10,43,1708
2013,8,10,44,916
2013,8,10,45,2572
2013,8,10,46,1935
2013,8,10,47,716
2013,8,10,48,1687
2013,8,10,49,888
2013,8,10,50,2179
2013,9,1,1,519
2013,9,1,2,1353
2013,9,1,3,891
2013,9,1,4,554
2013,9,1,5,430
2013,9,1,6,1413
2013,9,1,7,1416
2013,9,1,8,1868
2013,9,1,9,1237
2013,9,1,10,1761
2013,9,1,11,1697
2013,9,1,12,1663
2013,9,1,13,2014
2013,9,1,14,1362
2013,9,1,15,2076
2013,9,1,16,589
2013,9,1,17,809
2013,9,1,18,2049
2013,9,1,19,944
2013,9,1,20,1160
2013,9,1,21,953
2013,9,1,22,1920
2013,9,1,23,713
2013,9,1,24,1594
2013,9,1,25,1903
2013,9,1,26,1129
2013,9,1,27,553
2013,9,1,28,2104
2013,9,1,29,1664
2013,9,1,30,981
2013,9,1,31,1385
2013,9,1,32,984
2013,9,1,33,1663
2013,9,1,34,631
2013,9,1,35,1554
2013,9,1,36,1816
2013,9,1,37,717
2013,9,1,38,2031
2013,9,1,39,1009
2013,9,1,40,688
2013,9,1,41,529
2013,9,1,42,898
2013,9,1,43,1217
2013,9,1,44,727
2013,9,1,45,1882
2013,9,1,46,1426
2013,9,1,47,503
2013,9,1,48,1209
2013,9,1,49,693
2013,9,1,50,1527
2013,9,2,1,733
2013,9,2,2,2021
2013,9,2,3,1236
2013,9,2,4,766
2013,9,2,5,601
2013,9,2,6,1977
2013,9,2,7,1962
2013,9,2,8,2641
2013,9,2,9,1707
2013,9,2,10,2516
2013,9,2,11,2390
2013,9,2,12,2352
2013,9,2,13,2938
2013,9,2,14,1965
2013,9,2,15,2973
2013,9,2,16,854
2013,9,2,17,1165
2013,9,2,18,2836
2013,9,2,19,1318
2013,9,2,20,1594
2013,9,2,21,1392
2013,9,2,22,2649
2013,9,2,23,991
2013,9,2,24,2301
2013,9,2,25,2688
2013,9,2,26,1613
2013,9,2,27,788
2013,9,2,28,2940
2013,9,2,29,2423
2013,9,2,30,1355
2013,9,2,31,2040
2013,9,2,32,1395
2013,9,2,33,2385
2013,9,2,34,898
2013,9,2,35,2234
2013,9,2,36,2580
2013,9,2,37,1016
2013,9,2,38,2713
2013,9,2,39,1512
2013,9,2,40,987
2013,9,2,41,749
2013,9,2,42,1222
2013,9,2,43,1745
2013,9,2,44,981
2013,9,2,45,2831
2013,9,2,46,2039
2013,9,2,47,720
2013,9,2,48,1741
2013,9,2,49,927
2013,9,2,50,2273
2013,9,3,1,650
2013,9,3,2,1704
2013,9,3,3,1052
2013,9,3,4,698
2013,9,3,5,574
2013,9,3,6,1768
2013,9,3,7,1762
2013,9,3,8,2322
2013,9,3,9,1580
2013,9,3,10,2111
2013,9,3,11,2097
2013,9,3,12,2151
2013,9,3,13,2573
2013,9,3,14,1781
2013,9,3,15,2663
2013,9,3,16,796
2013,9,3,17,1023
2013,9,3,18,2547
2013,9,3,19,1203
2013,9,3,20,1496
2013,9,3,21,1219
2013,9,3,22,2354
2013,9,3,23,832
2013,9,3,24,1959
2013,9,3,25,2417
2013,9,3,26,1503
2013,9,3,27,616
2013,9,3,28,2581
2013,9,3,29,2096
2013,9,3,30,1219
2013,9,3,31,1736
2013,9,3,32,1385
2013,9,3,33,2117
2013,9,3,34,739
2013,9,3,35,1970
2013,9,3,36,2367
2013,9,3,37,889
2013,9,3,38,2518
2013,9,3,39,1325
2013,9,3,40,903
2013,9,3,41,645
2013,9,3,42,1098
2013,9,3,43,1542
2013,9,3,44,841
2013,9,3,45,2434
2013,9,3,46,1713
2013,9,3,47,672
2013,9,3,48,1549
2013,9,3,49,892
2013,9,3,50,1971
2013,9,4,1,611
2013,9,4,2,1586
2013,9,4,3,1042
2013,9,4,4,593
2013,9,4,5,552
2013,9,4,6,1597
2013,9,4,7,1614
2013,9,4,8,2112
2013,9,4,9,1417
2013,9,4,10,2069
2013,9,4,11,1896
2013,9,4,12,1865
2013,9,4,13,2330
2013,9,4,14,1601
2013,9,4,15,2448
2013,9,4,16,704
2013,9,4,17,897
2013,9,4,18,2327
2013,9,4,19,1092
2013,9,4,20,1353
2013,9,4,21,1108
2013,9,4,22,2201
2013,9,4,23,759
2013,9,4,24,1832
2013,9,4,25,2292
2013,9,4,26,1308
2013,9,4,27,627
2013,9,4,28,2491
2013,9,4,29,1947
2013,9,4,30,1124
2013,9,4,31,1583
2013,9,4,32,1210
2013,9,4,33,1893
2013,9,4,34,745
2013,9,4,35,1792
2013,9,4,36,2139
2013,9,4,37,777
2013,9,4,38,2259
2013,9,4,39,1230
2013,9,4,40,774
2013,9,4,41,647
2013,9,4,42,1025
2013,9,4,43,1391
2013,9,4,44,839
2013,9,4,45,2235
2013,9,4,46,1633
2013,9,4,47,619
2013,9,4,48,1429
2013,9,4,49,783
2013,9,4,50,1845
2013,9,5,1,450
2013,9,5,2,1154
2013,9,5,3,723
2013,9,5,4,419
2013,9,5,5,358
2013,9,5,6,1065
2013,9,5,7,1136
2013,9,5,8,1519
2013,9,5,9,1027
2013,9,5,10,1491
2013,9,5,11,1416
2013,9,5,12,1444
2013,9,5,13,1710
2013,9,5,14,1172
2013,9,5,15,1801
2013,9,5,16,527
2013,9,5,17,659
2013,9,5,18,1652
2013,9,5,19,862
2013,9,5,20,1001
2013,9,5,21,808
2013,9,5,22,1611
2013,9,5,23,576
2013,9,5,24,1295
2013,9,5,25,1548
2013,9,5,26,940
2013,9,5,27,429
2013,9,5,28,1793
2013,9,5,29,1388
2013,9,5,30,805
2013,9,5,31,1164
2013,9,5,32,906
2013,9,5,33,1417
2013,9,5,34,508
2013,9,5,35,1354
2013,9,5,36,1570
2013,9,5,37,608
2013,9,5,38,1657
2013,9,5,39,868
2013,9,5,40,569
2013,9,5,41,427
2013,9,5,42,743
2013,9,5,43,1108
2013,9,5,44,605
2013,9,5,45,1639
2013,9,5,46,1212
2013,9,5,47,448
2013,9,5,48,1071
2013,9,5,49,608
2013,9,5,50,1283
2013,9,6,1,396
2013,9,6,2,1209
2013,9,6,3,717
2013,9,6,4,419
2013,9,6,5,392
2013,9,6,6,1246
2013,9,6,7,1158
2013,9,6,8,1488
2013,9,6,9,977
2013,9,6,10,1447
2013,9,6,11,1424
2013,9,6,12,1422
2013,9,6,13,1639
2013,9,6,14,1211
2013,9,6,15,1720
2013,9,6,16,501
2013,9,6,17,713
2013,9,6,18,1707
2013,9,6,19,807
2013,9,6,20,1003
2013,9,6,21,780
2013,9,6,22,1657
2013,9,6,23,602
2013,9,6,24,1361
2013,9,6,25,1609
2013,9,6,26,958
2013,9,6,27,434
2013,9,6,28,1770
2013,9,6,29,1455
2013,9,6,30,779
2013,9,6,31,1191
2013,9,6,32,870
2013,9,6,33,1434
2013,9,6,34,503
2013,9,6,35,1317
2013,9,6,36,1573
2013,9,6,37,599
2013,9,6,38,1609
2013,9,6,39,912
2013,9,6,40,545
2013,9,6,41,421
2013,9,6,42,728
2013,9,6,43,1066
2013,9,6,44,596
2013,9,6,45,1552
2013,9,6,46,1180
2013,9,6,47,452
2013,9,6,48,999
2013,9,6,49,573
2013,9,6,50,1355
2013,9,7,1,394
2013,9,7,2,1080
2013,9,7,3,624
2013,9,7,4,410
2013,9,7,5,323
2013,9,7,6,1054
2013,9,7,7,1096
2013,9,7,8,1441
2013,9,7,9,977
2013,9,7,10,1346
2013,9,7,11,1271
2013,9,7,12,1269
2013,9,7,13,1536
2013,9,7,14,1094
2013,9,7,15,1619
2013,9,7,16,468
2013,9,7,17,618
2013,9,7,18,1553
2013,9,7,19,768
2013,9,7,20,897
2013,9,7,21,787
2013,9,7,22,1409
2013,9,7,23,564
2013,9,7,24,1197
2013,9,7,25,1486
2013,9,7,26,841
2013,9,7,27,389
2013,9,7,28,1594
2013,9,7,29,1252
2013,9,7,30,701
2013,9,7,31,1114
2013,9,7,32,891
2013,9,7,33,1290
2013,9,7,34,465
2013,9,7,35,1189
2013,9,7,36,1440
2013,9,7,37,526
2013,9,7,38,1432
2013,9,7,39,849
2013,9,7,40,568
2013,9,7,41,402
2013,9,7,42,662
2013,9,7,43,945
2013,9,7,44,530
2013,9,7,45,1490
2013,9,7,46,1006
2013,9,7,47,457
2013,9,7,48,1000
2013,9,7,49,540
2013,9,7,50,1170
2013,9,8,1,664
2013,9,8,2,1906
2013,9,8,3,1190
2013,9,8,4,699
2013,9,8,5,612
2013,9,8,6,1834
2013,9,8,7,1918
2013,9,8,8,2442
2013,9,8,9,1665
2013,9,8,10,2410
2013,9,8,11,2234
2013,9,8,12,2227
2013,9,8,13,2667
2013,9,8,14,1905
2013,9,8,15,2893
2013,9,8,16,825
2013,9,8,17,1100
2013,9,8,18,2752
2013,9,8,19,1354
2013,9,8,20,1547
2013,9,8,21,1328
2013,9,8,22,2671
2013,9,8,23,944
2013,9,8,24,2165
2013,9,8,25,2555
2013,9,8,26,1561
2013,9,8,27,744
2013,9,8,28,2879
2013,9,8,29,2182
2013,9,8,30,1334
2013,9,8,31,1921
2013,9,8,32,1440
2013,9,8,33,2222
2013,9,8,34,842
2013,9,8,35,2136
2013,9,8,36,2450
2013,9,8,37,957
2013,9,8,38,2673
2013,9,8,39,1440
2013,9,8,40,944
2013,9,8,41,691
2013,9,8,42,1174
2013,9,8,43,1714
2013,9,8,44,950
2013,9,8,45,2656
2013,9,8,46,1881
2013,9,8,47,695
2013,9,8,48,1640
2013,9,8,49,944
2013,9,8,50,2145
2013,9,9,1,626
2013,9,9,2,1661
2013,9,9,3,1085
2013,9,9,4,633
2013,9,9,5,505
2013,9,9,6,1641
2013,9,9,7,1667
2013,9,9,8,2131
2013,9,9,9,1388
2013,9,9,10,2005
2013,9,9,11,1976
2013,9,9,12,1897
2013,9,9,13,2306
2013,9,9,14,1563
2013,9,9,15,2442
2013,9,9,16,698
2013,9,9,17,964
2013,9,9,18,2324
2013,9,9,19,1138
2013,9,9,20,1337
2013,9,9,21,1122
2013,9,9,22,2192
2013,9,9,23,808
2013,9,9,24,1871
2013,9,9,25,2298
2013,9,9,26,1344
2013,9,9,27,588
2013,9,9,28,2435
2013,9,9,29,1973
2013,9,9,30,1181
2013,9,9,31,1600
2013,9,9,32,1204
2013,9,9,33,1903
2013,9,9,34,743
2013,9,9,35,1879
2013,9,9,36,2252
2013,9,9,37,815
2013,9,9,38,2255
2013,9,9,39,1187
2013,9,9,40,807
2013,9,9,41,601
2013,9,9,42,1018
2013,9,9,43,1483
2013,9,9,44,796
2013,9,9,45,2275
2013,9,9,46,1611
2013,9,9,47,575
2013,9,9,48,1423
2013,9,9,49,841
2013,9,9,50,1806
2013,9,10,1,650
2013,9,10,2,1659
2013,9,10,3,1129
2013,9,10,4,662
2013,9,10,5,516
2013,9,10,6,1779
2013,9,10,7,1689
2013,9,10,8,2257
2013,9,10,9,1569
2013,9,10,10,2169
2013,9,10,11,1962
2013,9,10,12,2052
2013,9,10,13,2443
2013,9,10,14,1736
2013,9,10,15,2601
2013,9,10,16,791
2013,9,10,17,1004
2013,9,10,18,2458
2013,9,10,19,1173
2013,9,10,20,1410
2013,9,10,21,1231
2013,9,10,22,2406
2013,9,10,23,932
2013,9,10,24,2005
2013,9,10,25,2453
2013,9,10,26,1451
2013,9,10,27,693
2013,9,10,28,2564
2013,9,10,29,2000
2013,9,10,30,1236
2013,9,10,31,1771
2013,9,10,32,1248
2013,9,10,33,2018
2013,9,10,34,775
2013,9,10,35,1928
2013,9,10,36,2259
2013,9,10,37,839
2013,9,10,38,2310
2013,9,10,39,1305
2013,9,10,40,871
2013,9,10,41,668
2013,9,10,42,1048
2013,9,10,43,1436
2013,9,10,44,919
2013,9,10,45,2410
2013,9,10,46,1702
2013,9,10,47,636
2013,9,10,48,1605
2013,9,10,49,891
2013,9,10,50,1972
2013,10,1,1,484
2013,10,1,2,1330
2013,10,1,3,776
2013,10,1,4,475
2013,10,1,5,426
2013,10,1,6,1371
2013,10,1,7,1401
2013,10,1,8,1734
2013,10,1,9,1162
2013,10,1,10,1795
2013,10,1,11,1609
2013,10,1,12,1524
2013,10,1,13,1967
2013,10,1,14,1367
2013,10,1,15,1977
2013,10,1,16,562
2013,10,1,17,767
2013,10,1,18,1832
2013,10,1,19,934
2013,10,1,20,1070
2013,10,1,21,856
2013,10,1,22,1794
2013,10,1,23,680
2013,10,1,24,1473
2013,10,1,25,1793
2013,10,1,26,1057
2013,10,1,27,512
2013,10,1,28,2026
2013,10,1,29,1576
2013,10,1,30,907
2013,10,1,31,1313
2013,10,1,32,1043
2013,10,1,33,1563
2013,10,1,34,575
2013,10,1,35,1449
2013,10,1,36,1789
2013,10,1,37,620
2013,10,1,38,1800
2013,10,1,39,966
2013,10,1,40,696
2013,10,1,41,506
2013,10,1,42,869
2013,10,1,43,1199
2013,10,1,44,656
2013,10,1,45,1840
2013,10,1,46,1280
2013,10,1,47,458
2013,10,1,48,1155
2013,10,1,49,639
2013,10,1,50,1477
2013,10,2,1,736
2013,10,2,2,1884
2013,10,2,3,1159
2013,10,2,4,713
2013,10,2,5,588
2013,10,2,6,1975
2013,10,2,7,1901
2013,10,2,8,2517
2013,10,2,9,1581
2013,10,2,10,2279
2013,10,2,11,2211
2013,10,2,12,2235
2013,10,2,13,2706
2013,10,2,14,1933
2013,10,2,15,2807
2013,10,2,16,818
2013,10,2,17,1079
2013,10,2,18,2808
2013,10,2,19,1349
2013,10,2,20,1543
2013,10,2,21,1376
2013,10,2,22,2617
2013,10,2,23,954
2013,10,2,24,2166
2013,10,2,25,2569
2013,10,2,26,1520
2013,10,2,27,652
2013,10,2,28,2785
2013,10,2,29,2168
2013,10,2,30,1318
2013,10,2,31,1921
2013,10,2,32,1526
2013,10,2,33,2152
2013,10,2,34,820
2013,10,2,35,2106
2013,10,2,36,2509
2013,10,2,37,902
2013,10,2,38,2571
2013,10,2,39,1329
2013,10,2,40,903
2013,10,2,41,752
2013,10,2,42,1161
2013,10,2,43,1631
2013,10,2,44,963
2013,10,2,45,2639
2013,10,2,46,1814
2013,10,2,47,735
2013,10,2,48,1674
2013,10,2,49,908
2013,10,2,50,2130
2013,10,3,1,626
2013,10,3,2,1636
2013,10,3,3,1053
2013,10,3,4,634
2013,10,3,5,512
2013,10,3,6,1707
2013,10,3,7,1734
2013,10,3,8,2141
2013,10,3,9,1498
2013,10,3,10,2039
2013,10,3,11,2078
2013,10,3,12,2030
2013,10,3,13,2412
2013,10,3,14,1666
2013,10,3,15,2532
2013,10,3,16,721
2013,10,3,17,926
2013,10,3,18,2383
2013,10,3,19,1113
2013,10,3,20,1406
2013,10,3,21,1198
2013,10,3,22,2298
2013,10,3,23,809
2013,10,3,24,1857
2013,10,3,25,2370
2013,10,3,26,1355
2013,10,3,27,598
2013,10,3,28,2441
2013,10,3,29,1972
2013,10,3,30,1144
2013,10,3,31,1596
2013,10,3,32,1303
2013,10,3,33,2003
2013,10,3,34,708
2013,10,3,35,1883
2013,10,3,36,2192
2013,10,3,37,809
2013,10,3,38,2310
2013,10,3,39,1251
2013,10,3,40,864
2013,10,3,41,603
2013,10,3,42,1048
2013,10,3,43,1443
2013,10,3,44,856
2013,10,3,45,2336
2013,10,3,46,1747
2013,10,3,47,608
2013,10,3,48,1384
2013,10,3,49,847
2013,10,3,50,1913
2013,10,4,1,537
2013,10,4,2,1576
2013,10,4,3,905
2013,10,4,4,570
2013,10,4,5,459
2013,10,4,6,1505
2013,10,4,7,1565
2013,10,4,8,2067
2013,10,4,9,1396
2013,10,4,10,1991
2013,10,4,11,1827
2013,10,4,12,1848
2013,10,4,13,2309
2013,10,4,14,1608
2013,10,4,15,2307
2013,10,4,16,722
2013,10,4,17,881
2013,10,4,18,2189
2013,10,4,19,1051
2013,10,4,20,1227
2013,10,4,21,1051
2013,10,4,22,2171
2013,10,4,23,725
2013,10,4,24,1776
2013,10,4,25,2074
2013,10,4,26,1225
2013,10,4,27,569
2013,10,4,28,2350
2013,10,4,29,1867
2013,10,4,30,1046
2013,10,4,31,1555
2013,10,4,32,1193
2013,10,4,33,1819
2013,10,4,34,656
2013,10,4,35,1691
2013,10,4,36,2016
2013,10,4,37,750
2013,10,4,38,2078
2013,10,4,39,1156
2013,10,4,40,754
2013,10,4,41,574
2013,10,4,42,973
2013,10,4,43,1330
2013,10,4,44,801
2013,10,4,45,2125
2013,10,4,46,1532
2013,10,4,47,558
2013,10,4,48,1375
2013,10,4,49,772
2013,10,4,50,1782
2013,10,5,1,441
2013,10,5,2,1124
2013,10,5,3,710
2013,10,5,4,417
2013,10,5,5,339
2013,10,5,6,1139
2013,10,5,7,1117
2013,10,5,8,1425
2013,10,5,9,999
2013,10,5,10,1357
2013,10,5,11,1331
2013,10,5,12,1318
2013,10,5,13,1668
2013,10,5,14,1192
2013,10,5,15,1639
2013,10,5,16,507
2013,10,5,17,639
2013,10,5,18,1578
2013,10,5,19,740
2013,10,5,20,918
2013,10,5,21,746
2013,10,5,22,1578
2013,10,5,23,566
2013,10,5,24,1295
2013,10,5,25,1489
2013,10,5,26,884
2013,10,5,27,429
2013,10,5,28,1668
2013,10,5,29,1324
2013,10,5,30,792
2013,10,5,31,1169
2013,10,5,32,804
2013,10,5,33,1324
2013,10,5,34,519
2013,10,5,35,1221
2013,10,5,36,1519
2013,10,5,37,561
2013,10,5,38,1552
2013,10,5,39,817
2013,10,5,40,537
2013,10,5,41,427
2013,10,5,42,675
2013,10,5,43,948
2013,10,5,44,580
2013,10,5,45,1547
2013,10,5,46,1049
2013,10,5,47,460
2013,10,5,48,977
2013,10,5,49,579
2013,10,5,50,1242
2013,10,6,1,432
2013,10,6,2,1110
2013,10,6,3,730
2013,10,6,4,475
2013,10,6,5,370
2013,10,6,6,1116
2013,10,6,7,1071
2013,10,6,8,1533
2013,10,6,9,999
2013,10,6,10,1435
2013,10,6,11,1401
2013,10,6,12,1384
2013,10,6,13,1595
2013,10,6,14,1070
2013,10,6,15,1685
2013,10,6,16,514
2013,10,6,17,620
2013,10,6,18,1609
2013,10,6,19,785
2013,10,6,20,893
2013,10,6,21,777
2013,10,6,22,1546
2013,10,6,23,541
2013,10,6,24,1241
2013,10,6,25,1524
2013,10,6,26,878
2013,10,6,27,429
2013,10,6,28,1680
2013,10,6,29,1348
2013,10,6,30,788
2013,10,6,31,1069
2013,10,6,32,849
2013,10,6,33,1313
2013,10,6,34,469
2013,10,6,35,1243
2013,10,6,36,1513
2013,10,6,37,581
2013,10,6,38,1514
2013,10,6,39,824
2013,10,6,40,563
2013,10,6,41,401
2013,10,6,42,728
2013,10,6,43,1019
2013,10,6,44,576
2013,10,6,45,1494
2013,10,6,46,1185
2013,10,6,47,429
2013,10,6,48,978
2013,10,6,49,583
2013,10,6,50,1307
2013,10,7,1,369
2013,10,7,2,1082
2013,10,7,3,574
2013,10,7,4,400
2013,10,7,5,291
2013,10,7,6,1042
2013,10,7,7,1144
2013,10,7,8,1411
2013,10,7,9,889
2013,10,7,10,1285
2013,10,7,11,1145
2013,10,7,12,1190
2013,10,7,13,1520
2013,10,7,14,1095
2013,10,7,15,1537
2013,10,7,16,465
2013,10,7,17,551
2013,10,7,18,1473
2013,10,7,19,716
2013,10,7,20,819
2013,10,7,21,724
2013,10,7,22,1405
2013,10,7,23,491
2013,10,7,24,1194
2013,10,7,25,1445
2013,10,7,26,844
2013,10,7,27,384
2013,10,7,28,1472
2013,10,7,29,1208
2013,10,7,30,715
2013,10,7,31,1001
2013,10,7,32,743
2013,10,7,33,1236
2013,10,7,34,451
2013,10,7,35,1189
2013,10,7,36,1409
2013,10,7,37,480
2013,10,7,38,1416
2013,10,7,39,786
2013,10,7,40,462
2013,10,7,41,398
2013,10,7,42,639
2013,10,7,43,881
2013,10,7,44,503
2013,10,7,45,1453
2013,10,7,46,1003
2013,10,7,47,358
2013,10,7,48,923
2013,10,7,49,512
2013,10,7,50,1199
2013,10,8,1,710
2013,10,8,2,1847
2013,10,8,3,1151
2013,10,8,4,719
2013,10,8,5,600
2013,10,8,6,1860
2013,10,8,7,1836
2013,10,8,8,2330
2013,10,8,9,1548
2013,10,8,10,2197
2013,10,8,11,2166
2013,10,8,12,2083
2013,10,8,13,2730
2013,10,8,14,1806
2013,10,8,15,2682
2013,10,8,16,760
2013,10,8,17,1019
2013,10,8,18,2585
2013,10,8,19,1189
2013,10,8,20,1441
2013,10,8,21,1304
2013,10,8,22,2503
2013,10,8,23,911
2013,10,8,24,1960
2013,10,8,25,2428
2013,10,8,26,1490
2013,10,8,27,697
2013,10,8,28,2758
2013,10,8,29,2185
2013,10,8,30,1226
2013,10,8,31,1782
2013,10,8,32,1391
2013,10,8,33,2092
2013,10,8,34,746
2013,10,8,35,2051
2013,10,8,36,2432
2013,10,8,37,905
2013,10,8,38,2389
2013,10,8,39,1422
2013,10,8,40,925
2013,10,8,41,668
2013,10,8,42,1205
2013,10,8,43,1606
2013,10,8,44,927
2013,10,8,45,2458
2013,10,8,46,1811
2013,10,8,47,704
2013,10,8,48,1584
2013,10,8,49,918
2013,10,8,50,2072
2013,10,9,1,572
2013,10,9,2,1496
2013,10,9,3,1006
2013,10,9,4,580
2013,10,9,5,484
2013,10,9,6,1529
2013,10,9,7,1540
2013,10,9,8,2039
2013,10,9,9,1373
2013,10,9,10,2019
2013,10,9,11,1841
2013,10,9,12,1936
2013,10,9,13,2199
2013,10,9,14,1484
2013,10,9,15,2303
2013,10,9,16,671
2013,10,9,17,856
2013,10,9,18,2268
2013,10,9,19,1089
2013,10,9,20,1291
2013,10,9,21,1083
2013,10,9,22,2074
2013,10,9,23,789
2013,10,9,24,1723
2013,10,9,25,2176
2013,10,9,26,1248
2013,10,9,27,620
2013,10,9,28,2313
2013,10,9,29,1861
2013,10,9,30,1039
2013,10,9,31,1576
2013,10,9,32,1189
2013,10,9,33,1782
2013,10,9,34,696
2013,10,9,35,1737
2013,10,9,36,2074
2013,10,9,37,796
2013,10,9,38,2098
2013,10,9,39,1149
2013,10,9,40,804
2013,10,9,41,557
2013,10,9,42,936
2013,10,9,43,1372
2013,10,9,44,780
2013,10,9,45,2118
2013,10,9,46,1565
2013,10,9,47,556
2013,10,9,48,1381
2013,10,9,49,785
2013,10,9,50,1740
2013,10,10,1,590
2013,10,10,2,1616
2013,10,10,3,1065
2013,10,10,4,609
2013,10,10,5,538
2013,10,10,6,1598
2013,10,10,7,1698
2013,10,10,8,2121
2013,10,10,9,1483
2013,10,10,10,2051
2013,10,10,11,1848
2013,10,10,12,1994
2013,10,10,13,2265
2013,10,10,14,1696
2013,10,10,15,2506
2013,10,10,16,732
2013,10,10,17,932
2013,10,10,18,2407
2013,10,10,19,1171
2013,10,10,20,1303
2013,10,10,21,1207
2013,10,10,22,2255
2013,10,10,23,867
2013,10,10,24,1868
2013,10,10,25,2354
2013,10,10,26,1308
2013,10,10,27,628
2013,10,10,28,2582
2013,10,10,29,1969
2013,10,10,30,1115
2013,10,10,31,1672
2013,10,10,32,1288
2013,10,10,33,1968
2013,10,10,34,679
2013,10,10,35,1833
2013,10,10,36,2187
2013,10,10,37,825
2013,10,10,38,2271
2013,10,10,39,1187
2013,10,10,40,789
2013,10,10,41,637
2013,10,10,42,1091
2013,10,10,43,1452
2013,10,10,44,830
2013,10,10,45,2320
2013,10,10,46,1758
2013,10,10,47,629
2013,10,10,48,1435
2013,10,10,49,817
2013,10,10,50,1826
2013,11,1,1,572
2013,11,1,2,1427
2013,11,1,3,900
2013,11,1,4,519
2013,11,1,5,422
2013,11,1,6,1382
2013,11,1,7,1422
2013,11,1,8,1848
2013,11,1,9,1237
2013,11,1,10,1771
2013,11,1,11,1623
2013,11,1,12,1735
2013,11,1,13,1983
2013,11,1,14,1341
2013,11,1,15,2089
2013,11,1,16,623
2013,11,1,17,793
2013,11,1,18,2015
2013,11,1,19,998
2013,11,1,20,1178
2013,11,1,21,950
2013,11,1,22,1897
2013,11,1,23,731
2013,11,1,24,1612
2013,11,1,25,1961
2013,11,1,26,1165
2013,11,1,27,538
2013,11,1,28,2080
2013,11,1,29,1656
2013,11,1,30,914
2013,11,1,31,1496
2013,11,1,32,1013
2013,11,1,33,1674
2013,11,1,34,604
2013,11,1,35,1539
2013,11,1,36,1722
2013,11,1,37,705
2013,11,1,38,1888
2013,11,1,39,1070
2013,11,1,40,684
2013,11,1,41,528
2013,11,1,42,833
2013,11,1,43,1246
2013,11,1,44,760
2013,11,1,45,1949
2013,11,1,46,1389
2013,11,1,47,504
2013,11,1,48,1262
2013,11,1,49,674
2013,11,1,50,1543
2013,11,2,1,713
2013,11,2,2,1964
2013,11,2,3,1231
2013,11,2,4,755
2013,11,2,5,615
2013,11,2,6,2042
2013,11,2,7,2001
2013,11,2,8,2719
2013,11,2,9,1703
2013,11,2,10,2570
2013,11,2,11,2343
2013,11,2,12,2297
2013,11,2,13,2830
2013,11,2,14,1994
2013,11,2,15,2907
2013,11,2,16,812
2013,11,2,17,1128
2013,11,2,18,2840
2013,11,2,19,1378
2013,11,2,20,1554
2013,11,2,21,1328
2013,11,2,22,2792
2013,11,2,23,976
2013,11,2,24,2191
2013,11,2,25,2673
2013,11,2,26,1630
2013,11,2,27,747
2013,11,2,28,3058
2013,11,2,29,2401
2013,11,2,30,1356
2013,11,2,31,1993
2013,11,2,32,1521
2013,11,2,33,2367
2013,11,2,34,934
2013,11,2,35,2260
2013,11,2,36,2655
2013,11,2,37,975
2013,11,2,38,2834
2013,11,2,39,1519
2013,11,2,40,993
2013,11,2,41,736
2013,11,2,42,1318
2013,11,2,43,1736
2013,11,2,44,1045
2013,11,2,45,2714
2013,11,2,46,1984
2013,11,2,47,757
2013,11,2,48,1759
2013,11,2,49,1042
2013,11,2,50,2184
2013,11,3,1,669
2013,11,3,2,1787
2013,11,3,3,1116
2013,11,3,4,674
2013,11,3,5,531
2013,11,3,6,1753
2013,11,3,7,1732
2013,11,3,8,2293
2013,11,3,9,1511
2013,11,3,10,2241
2013,11,3,11,2112
2013,11,3,12,2089
2013,11,3,13,2557
2013,11,3,14,1692
2013,11,3,15,2649
2013,11,3,16,775
2013,11,3,17,984
2013,11,3,18,2510
2013,11,3,19,1248
2013,11,3,20,1384
2013,11,3,21,1257
2013,11,3,22,2469
2013,11,3,23,883
2013,11,3,24,2012
2013,11,3,25,2297
2013,11,3,26,1417
2013,11,3,27,651
2013,11,3,28,2682
2013,11,3,29,2063
2013,11,3,30,1230
2013,11,3,31,1785
2013,11,3,32,1345
2013,11,3,33,2146
2013,11,3,34,787
2013,11,3,35,1986
2013,11,3,36,2340
2013,11,3,37,918
2013,11,3,38,2403
2013,11,3,39,1329
2013,11,3,40,872
2013,11,3,41,634
2013,11,3,42,1190
2013,11,3,43,1518
2013,11,3,44,897
2013,11,3,45,2375
2013,11,3,46,1843
2013,11,3,47,666
2013,11,3,48,1554
2013,11,3,49,918
2013,11,3,50,1980
2013,11,4,1,610
2013,11,4,2,1674
2013,11,4,3,1020
2013,11,4,4,635
2013,11,4,5,532
2013,11,4,6,1650
2013,11,4,7,1656
2013,11,4,8,2224
2013,11,4,9,1404
2013,11,4,10,2008
2013,11,4,11,1994
2013,11,4,12,1965
2013,11,4,13,2396
2013,11,4,14,1581
2013,11,4,15,2414
2013,11,4,16,712
2013,11,4,17,873
2013,11,4,18,2253
2013,11,4,19,1107
2013,11,4,20,1315
2013,11,4,21,1060
2013,11,4,22,2169
2013,11,4,23,792
2013,11,4,24,1859
2013,11,4,25,2237
2013,11,4,26,1272
2013,11,4,27,628
2013,11,4,28,2509
2013,11,4,29,1928
2013,11,4,30,1114
2013,11,4,31,1661
2013,11,4,32,1194
2013,11,4,33,2000
2013,11,4,34,720
2013,11,4,35,1839
2013,11,4,36,2267
2013,11,4,37,808
2013,11,4,38,2274
2013,11,4,39,1284
2013,11,4,40,884
2013,11,4,41,658
2013,11,4,42,1064
2013,11,4,43,1439
2013,11,4,44,833
2013,11,4,45,2271
2013,11,4,46,1663
2013,11,4,47,639
2013,11,4,48,1406
2013,11,4,49,812
2013,11,4,50,1839
2013,11,5,1,453
2013,11,5,2,1223
2013,11,5,3,721
2013,11,5,4,424
2013,11,5,5,391
2013,11,5,6,1193
2013,11,5,7,1166
2013,11,5,8,1548
2013,11,5,9,1048
2013,11,5,10,1381
2013,11,5,11,1358
2013,11,5,12,1408
2013,11,5,13,1691
2013,11,5,14,1225
2013,11,5,15,1791
2013,11,5,16,505
2013,11,5,17,703
2013,11,5,18,1808
2013,11,5,19,795
2013,11,5,20,967
2013,11,5,21,790
2013,11,5,22,1619
2013,11,5,23,606
2013,11,5,24,1300
2013,11,5,25,1586
2013,11,5,26,938
2013,11,5,27,427
2013,11,5,28,1728
2013,11,5,29,1374
2013,11,5,30,799
2013,11,5,31,1146
2013,11,5,32,881
2013,11,5,33,1369
2013,11,5,34,536
2013,11,5,35,1375
2013,11,5,36,1547
2013,11,5,37,595
2013,11,5,38,1620
2013,11,5,39,917
2013,11,5,40,566
2013,11,5,41,430
2013,11,5,42,687
2013,11,5,43,1082
2013,11,5,44,587
2013,11,5,45,1613
2013,11,5,46,1165
2013,11,5,47,414
2013,11,5,48,1014
2013,11,5,49,604
2013,11,5,50,1340
2013,11,6,1,466
2013,11,6,2,1226
2013,11,6,3,719
2013,11,6,4,461
2013,11,6,5,357
2013,11,6,6,1221
2013,11,6,7,1159
2013,11,6,8,1553
2013,11,6,9,1037
2013,11,6,10,1482
2013,11,6,11,1411
2013,11,6,12,1430
2013,11,6,13,1761
2013,11,6,14,1174
2013,11,6,15,1818
2013,11,6,16,516
2013,11,6,17,634
2013,11,6,18,1607
2013,11,6,19,816
2013,11,6,20,987
2013,11,6,21,822
2013,11,6,22,1727
2013,11,6,23,609
2013,11,6,24,1315
2013,11,6,25,1658
2013,11,6,26,946
2013,11,6,27,413
2013,11,6,28,1712
2013,11,6,29,1456
2013,11,6,30,800
2013,11,6,31,1233
2013,11,6,32,852
2013,11,6,33,1426
2013,11,6,34,546
2013,11,6,35,1323
2013,11,6,36,1485
2013,11,6,37,568
2013,11,6,38,1629
2013,11,6,39,888
2013,11,6,40,599
2013,11,6,41,469
2013,11,6,42,772
2013,11,6,43,1085
2013,11,6,44,603
2013,11,6,45,1596
2013,11,6,46,1175
2013,11,6,47,448
2013,11,6,48,1027
2013,11,6,49,596
2013,11,6,50,1346
2013,11,7,1,415
2013,11,7,2,1118
2013,11,7,3,691
2013,11,7,4,400
2013,11,7,5,318
2013,11,7,6,1086
2013,11,7,7,1008
2013,11,7,8,1497
2013,11,7,9,933
2013,11,7,10,1325
2013,11,7,11,1274
2013,11,7,12,1313
2013,11,7,13,1540
2013,11,7,14,1041
2013,11,7,15,1630
2013,11,7,16,464
2013,11,7,17,633
2013,11,7,18,1566
2013,11,7,19,739
2013,11,7,20,906
2013,11,7,21,747
2013,11,7,22,1547
2013,11,7,23,524
2013,11,7,24,1194
2013,11,7,25,1534
2013,11,7,26,846
2013,11,7,27,398
2013,11,7,28,1612
2013,11,7,29,1332
2013,11,7,30,741
2013,11,7,31,1015
2013,11,7,32,828
2013,11,7,33,1218
2013,11,7,34,461
2013,11,7,35,1173
2013,11,7,36,1415
2013,11,7,37,523
2013,11,7,38,1519
2013,11,7,39,797
2013,11,7,40,551
2013,11,7,41,404
2013,11,7,42,641
2013,11,7,43,895
2013,11,7,44,536
2013,11,7,45,1427
2013,11,7,46,1126
2013,11,7,47,418
2013,11,7,48,983
2013,11,7,49,526
2013,11,7,50,1158
2013,11,8,1,728
2013,11,8,2,1842
2013,11,8,3,1159
2013,11,8,4,707
2013,11,8,5,607
2013,11,8,6,1898
2013,11,8,7,1837
2013,11,8,8,2472
2013,11,8,9,1629
2013,11,8,10,2395
2013,11,8,11,2216
2013,11,8,12,2268
2013,11,8,13,2702
2013,11,8,14,1881
2013,11,8,15,2872
2013,11,8,16,760
2013,11,8,17,1049
2013,11,8,18,2790
2013,11,8,19,1324
2013,11,8,20,1535
2013,11,8,21,1343
2013,11,8,22,2587
2013,11,8,23,964
2013,11,8,24,2163
2013,11,8,25,2573
2013,11,8,26,1539
2013,11,8,27,678
2013,11,8,28,2913
2013,11,8,29,2269
2013,11,8,30,1300
2013,11,8,31,1929
2013,11,8,32,1439
2013,11,8,33,2254
2013,11,8,34,885
2013,11,8,35,2140
2013,11,8,36,2495
2013,11,8,37,970
2013,11,8,38,2690
2013,11,8,39,1406
2013,11,8,40,1020
2013,11,8,41,699
2013,11,8,42,1233
2013,11,8,43,1698
2013,11,8,44,966
2013,11,8,45,2585
2013,11,8,46,1924
2013,11,8,47,701
2013,11,8,48,1718
2013,11,8,49,928
2013,11,8,50,2148
2013,11,9,1,649
2013,11,9,2,1667
2013,11,9,3,1023
2013,11,9,4,614
2013,11,9,5,539
2013,11,9,6,1642
2013,11,9,7,1613
2013,11,9,8,2217
2013,11,9,9,1487
2013,11,9,10,2022
2013,11,9,11,1963
2013,11,9,12,1906
2013,11,9,13,2363
2013,11,9,14,1636
2013,11,9,15,2511
2013,11,9,16,704
2013,11,9,17,865
2013,11,9,18,2363
2013,11,9,19,1170
2013,11,9,20,1345
2013,11,9,21,1135
2013,11,9,22,2189
2013,11,9,23,845
2013,11,9,24,1818
2013,11,9,25,2272
2013,11,9,26,1401
2013,11,9,27,584
2013,11,9,28,2505
2013,11,9,29,1857
2013,11,9,30,1129
2013,11,9,31,1582
2013,11,9,32,1202
2013,11,9,33,1949
2013,11,9,34,752
2013,11,9,35,1860
2013,11,9,36,2115
2013,11,9,37,820
2013,11,9,38,2225
2013,11,9,39,1221
2013,11,9,40,824
2013,11,9,41,606
2013,11,9,42,1105
2013,11,9,43,1461
2013,11,9,44,816
2013,11,9,45,2276
2013,11,9,46,1597
2013,11,9,47,613
2013,11,9,48,1424
2013,11,9,49,773
2013,11,9,50,1918
2013,11,10,1,683
2013,11,10,2,1759
2013,11,10,3,1135
2013,11,10,4,697
2013,11,10,5,563
2013,11,10,6,1782
2013,11,10,7,1823
2013,11,10,8,2195
2013,11,10,9,1573
2013,11,10,10,2199
2013,11,10,11,2141
2013,11,10,12,2040
2013,11,10,13,2496
2013,11,10,14,1727
2013,11,10,15,2582
2013,11,10,16,772
2013,11,10,17,982
2013,11,10,18,2520
2013,11,10,19,1191
2013,11,10,20,1373
2013,11,10,21,1221
2013,11,10,22,2330
2013,11,10,23,897
2013,11,10,24,1940
2013,11,10,25,2376
2013,11,10,26,1423
2013,11,10,27,637
2013,11,10,28,2592
2013,11,10,29,2123
2013,11,10,30,1195
2013,11,10,31,1777
2013,11,10,32,1351
2013,11,10,33,2105
2013,11,10,34,775
2013,11,10,35,1959
2013,11,10,36,2339
2013,11,10,37,894
2013,11,10,38,2349
2013,11,10,39,1342
2013,11,10,40,931
2013,11,10,41,662
2013,11,10,42,1038
2013,11,10,43,1522
2013,11,10,44,919
2013,11,10,45,2351
2013,11,10,46,1796
2013,11,10,47,676
2013,11,10,48,1564
2013,11,10,49,860
2013,11,10,50,1827
2013,12,1,1,388
2013,12,1,2,1023
2013,12,1,3,657
2013,12,1,4,393
2013,12,1,5,356
2013,12,1,6,1031
2013,12,1,7,1035
2013,12,1,8,1335
2013,12,1,9,896
2013,12,1,10,1259
2013,12,1,11,1271
2013,12,1,12,1277
2013,12,1,13,1487
2013,12,1,14,1085
2013,12,1,15,1529
2013,12,1,16,452
2013,12,1,17,562
2013,12,1,18,1468
2013,12,1,19,702
2013,12,1,20,861
2013,12,1,21,694
2013,12,1,22,1425
2013,12,1,23,494
2013,12,1,24,1166
2013,12,1,25,1441
2013,12,1,26,790
2013,12,1,27,375
2013,12,1,28,1575
2013,12,1,29,1248
2013,12,1,30,689
2013,12,1,31,1050
2013,12,1,32,812
2013,12,1,33,1235
2013,12,1,34,459
2013,12,1,35,1179
2013,12,1,36,1279
2013,12,1,37,529
2013,12,1,38,1437
2013,12,1,39,734
2013,12,1,40,498
2013,12,1,41,399
2013,12,1,42,639
2013,12,1,43,923
2013,12,1,44,520
2013,12,1,45,1441
2013,12,1,46,1004
2013,12,1,47,389
2013,12,1,48,897
2013,12,1,49,477
2013,12,1,50,1164
2013,12,2,1,549
2013,12,2,2,1518
2013,12,2,3,893
2013,12,2,4,527
2013,12,2,5,435
2013,12,2,6,1482
2013,12,2,7,1400
2013,12,2,8,1913
2013,12,2,9,1288
2013,12,2,10,1825
2013,12,2,11,1727
2013,12,2,12,1747
2013,12,2,13,2096
2013,12,2,14,1509
2013,12,2,15,2196
2013,12,2,16,640
2013,12,2,17,796
2013,12,2,18,2129
2013,12,2,19,1015
2013,12,2,20,1072
2013,12,2,21,1012
2013,12,2,22,2028
2013,12,2,23,734
2013,12,2,24,1671
2013,12,2,25,1932
2013,12,2,26,1176
2013,12,2,27,523
2013,12,2,28,2204
2013,12,2,29,1734
2013,12,2,30,1003
2013,12,2,31,1450
2013,12,2,32,1083
2013,12,2,33,1797
2013,12,2,34,668
2013,12,2,35,1646
2013,12,2,36,1922
2013,12,2,37,724
2013,12,2,38,1962
2013,12,2,39,1034
2013,12,2,40,698
2013,12,2,41,569
2013,12,2,42,938
2013,12,2,43,1299
2013,12,2,44,719
2013,12,2,45,1983
2013,12,2,46,1480
2013,12,2,47,570
2013,12,2,48,1232
2013,12,2,49,754
2013,12,2,50,1640
2013,12,3,1,478
2013,12,3,2,1287
2013,12,3,3,815
2013,12,3,4,501
2013,12,3,5,417
2013,12,3,6,1315
2013,12,3,7,1264
2013,12,3,8,1704
2013,12,3,9,1145
2013,12,3,10,1658
2013,12,3,11,1484
2013,12,3,12,1533
2013,12,3,13,1823
2013,12,3,14,1284
2013,12,3,15,1948
2013,12,3,16,600
2013,12,3,17,702
2013,12,3,18,1888
2013,12,3,19,874
2013,12,3,20,1062
2013,12,3,21,900
2013,12,3,22,1783
2013,12,3,23,650
2013,12,3,24,1476
2013,12,3,25,1834
2013,12,3,26,1015
2013,12,3,27,492
2013,12,3,28,1967
2013,12,3,29,1590
2013,12,3,30,869
2013,12,3,31,1354
2013,12,3,32,920
2013,12,3,33,1549
2013,12,3,34,608
2013,12,3,35,1478
2013,12,3,36,1669
2013,12,3,37,650
2013,12,3,38,1799
2013,12,3,39,940
2013,12,3,40,714
2013,12,3,41,511
2013,12,3,42,798
2013,12,3,43,1143
2013,12,3,44,651
2013,12,3,45,1759
2013,12,3,46,1286
2013,12,3,47,514
2013,12,3,48,1134
2013,12,3,49,634
2013,12,3,50,1463
2013,12,4,1,455
2013,12,4,2,1204
2013,12,4,3,765
2013,12,4,4,467
2013,12,4,5,351
2013,12,4,6,1128
2013,12,4,7,1206
2013,12,4,8,1576
2013,12,4,9,1007
2013,12,4,10,1471
2013,12,4,11,1412
2013,12,4,12,1425
2013,12,4,13,1738
2013,12,4,14,1183
2013,12,4,15,1796
2013,12,4,16,523
2013,12,4,17,622
2013,12,4,18,1704
2013,12,4,19,840
2013,12,4,20,982
2013,12,4,21,846
2013,12,4,22,1632
2013,12,4,23,590
2013,12,4,24,1360
2013,12,4,25,1669
2013,12,4,26,1009
2013,12,4,27,436
2013,12,4,28,1720
2013,12,4,29,1415
2013,12,4,30,886
2013,12,4,31,1166
2013,12,4,32,921
2013,12,4,33,1465
2013,12,4,34,488
2013,12,4,35,1288
2013,12,4,36,1566
2013,12,4,37,602
2013,12,4,38,1582
2013,12,4,39,887
2013,12,4,40,548
2013,12,4,41,481
2013,12,4,42,809
2013,12,4,43,1031
2013,12,4,44,565
2013,12,4,45,1646
2013,12,4,46,1183
2013,12,4,47,472
2013,12,4,48,1028
2013,12,4,49,568
2013,12,4,50,1324
2013,12,5,1,328
2013,12,5,2,846
2013,12,5,3,539
2013,12,5,4,353
2013,12,5,5,254
2013,12,5,6,806
2013,12,5,7,848
2013,12,5,8,1127
2013,12,5,9,738
2013,12,5,10,1078
2013,12,5,11,982
2013,12,5,12,999
2013,12,5,13,1277
2013,12,5,14,854
2013,12,5,15,1281
2013,12,5,16,353
2013,12,5,17,514
2013,12,5,18,1259
2013,12,5,19,660
2013,12,5,20,759
2013,12,5,21,616
2013,12,5,22,1266
2013,12,5,23,420
2013,12,5,24,1013
2013,12,5,25,1144
2013,12,5,26,673
2013,12,5,27,342
2013,12,5,28,1315
2013,12,5,29,1049
2013,12,5,30,581
2013,12,5,31,856
2013,12,5,32,656
2013,12,5,33,1061
2013,12,5,34,334
2013,12,5,35,981
2013,12,5,36,1120
2013,12,5,37,461
2013,12,5,38,1158
2013,12,5,39,627
2013,12,5,40,464
2013,12,5,41,336
2013,12,5,42,551
2013,12,5,43,745
2013,12,5,44,446
2013,12,5,45,1125
2013,12,5,46,862
2013,12,5,47,321
2013,12,5,48,747
2013,12,5,49,415
2013,12,5,50,979
2013,12,6,1,343
2013,12,6,2,850
2013,12,6,3,523
2013,12,6,4,312
2013,12,6,5,245
2013,12,6,6,864
2013,12,6,7,844
2013,12,6,8,1161
2013,12,6,9,790
2013,12,6,10,1065
2013,12,6,11,1017
2013,12,6,12,1059
2013,12,6,13,1252
2013,12,6,14,847
2013,12,6,15,1253
2013,12,6,16,371
2013,12,6,17,456
2013,12,6,18,1236
2013,12,6,19,578
2013,12,6,20,727
2013,12,6,21,586
2013,12,6,22,1180
2013,12,6,23,450
2013,12,6,24,978
2013,12,6,25,1207
2013,12,6,26,682
2013,12,6,27,348
2013,12,6,28,1287
2013,12,6,29,1041
2013,12,6,30,588
2013,12,6,31,800
2013,12,6,32,660
2013,12,6,33,1033
2013,12,6,34,376
2013,12,6,35,981
2013,12,6,36,1119
2013,12,6,37,448
2013,12,6,38,1175
2013,12,6,39,618
2013,12,6,40,437
2013,12,6,41,313
2013,12,6,42,540
2013,12,6,43,739
2013,12,6,44,422
2013,12,6,45,1200
2013,12,6,46,839
2013,12,6,47,335
2013,12,6,48,747
2013,12,6,49,401
2013,12,6,50,925
2013,12,7,1,323
2013,12,7,2,821
2013,12,7,3,507
2013,12,7,4,316
2013,12,7,5,239
2013,12,7,6,765
2013,12,7,7,772
2013,12,7,8,1032
2013,12,7,9,733
2013,12,7,10,959
2013,12,7,11,993
2013,12,7,12,934
2013,12,7,13,1099
2013,12,7,14,800
2013,12,7,15,1168
2013,12,7,16,352
2013,12,7,17,479
2013,12,7,18,1100
2013,12,7,19,531
2013,12,7,20,656
2013,12,7,21,546
2013,12,7,22,1110
2013,12,7,23,338
2013,12,7,24,893
2013,12,7,25,1082
2013,12,7,26,642
2013,12,7,27,292
2013,12,7,28,1177
2013,12,7,29,944
2013,12,7,30,530
2013,12,7,31,802
2013,12,7,32,603
2013,12,7,33,968
2013,12,7,34,318
2013,12,7,35,921
2013,12,7,36,954
2013,12,7,37,385
2013,12,7,38,1090
2013,12,7,39,573
2013,12,7,40,390
2013,12,7,41,292
2013,12,7,42,498
2013,12,7,43,715
2013,12,7,44,380
2013,12,7,45,1038
2013,12,7,46,825
2013,12,7,47,316
2013,12,7,48,683
2013,12,7,49,372
2013,12,7,50,901
2013,12,8,1,533
2013,12,8,2,1420
2013,12,8,3,810
2013,12,8,4,502
2013,12,8,5,444
2013,12,8,6,1398
2013,12,8,7,1360
2013,12,8,8,1800
2013,12,8,9,1212
2013,12,8,10,1751
2013,12,8,11,1663
2013,12,8,12,1674
2013,12,8,13,1993
2013,12,8,14,1413
2013,12,8,15,2107
2013,12,8,16,655
2013,12,8,17,774
2013,12,8,18,1957
2013,12,8,19,966
2013,12,8,20,1128
2013,12,8,21,939
2013,12,8,22,1890
2013,12,8,23,689
2013,12,8,24,1531
2013,12,8,25,1905
2013,12,8,26,1151
2013,12,8,27,573
2013,12,8,28,2109
2013,12,8,29,1562
2013,12,8,30,1022
2013,12,8,31,1402
2013,12,8,32,1015
2013,12,8,33,1680
2013,12,8,34,615
2013,12,8,35,1587
2013,12,8,36,1795
2013,12,8,37,700
2013,12,8,38,1941
2013,12,8,39,1004
2013,12,8,40,674
2013,12,8,41,487
2013,12,8,42,853
2013,12,8,43,1224
2013,12,8,44,699
2013,12,8,45,1888
2013,12,8,46,1356
2013,12,8,47,536
2013,12,8,48,1193
2013,12,8,49,705
2013,12,8,50,1590
2013,12,9,1,446
2013,12,9,2,1199
2013,12,9,3,756
2013,12,9,4,462
2013,12,9,5,398
2013,12,9,6,1238
2013,12,9,7,1250
2013,12,9,8,1597
2013,12,9,9,1078
2013,12,9,10,1498
2013,12,9,11,1398
2013,12,9,12,1442
2013,12,9,13,1770
2013,12,9,14,1175
2013,12,9,15,1936
2013,12,9,16,523
2013,12,9,17,682
2013,12,9,18,1681
2013,12,9,19,800
2013,12,9,20,959
2013,12,9,21,813
2013,12,9,22,1592
2013,12,9,23,597
2013,12,9,24,1346
2013,12,9,25,1631
2013,12,9,26,998
2013,12,9,27,441
2013,12,9,28,1791
2013,12,9,29,1369
2013,12,9,30,827
2013,12,9,31,1167
2013,12,9,32,926
2013,12,9,33,1420
2013,12,9,34,479
2013,12,9,35,1363
2013,12,9,36,1605
2013,12,9,37,640
2013,12,9,38,1573
2013,12,9,39,936
2013,12,9,40,638
2013,12,9,41,452
2013,12,9,42,793
2013,12,9,43,982
2013,12,9,44,631
2013,12,9,45,1662
2013,12,9,46,1208
2013,12,9,47,419
2013,12,9,48,1017
2013,12,9,49,646
2013,12,9,50,1361
2013,12,10,1,466
2013,12,10,2,1268
2013,12,10,3,796
2013,12,10,4,490
2013,12,10,5,442
2013,12,10,6,1251
2013,12,10,7,1250
2013,12,10,8,1635
2013,12,10,9,1118
2013,12,10,10,1653
2013,12,10,11,1512
2013,12,10,12,1529
2013,12,10,13,1817
2013,12,10,14,1310
2013,12,10,15,2014
2013,12,10,16,564
2013,12,10,17,711
2013,12,10,18,1858
2013,12,10,19,890
2013,12,10,20,1048
2013,12,10,21,900
2013,12,10,22,1720
2013,12,10,23,665
2013,12,10,24,1448
2013,12,10,25,1717
2013,12,10,26,1053
2013,12,10,27,468
2013,12,10,28,1959
2013,12,10,29,1478
2013,12,10,30,882
2013,12,10,31,1294
2013,12,10,32,980
2013,12,10,33,1549
2013,12,10,34,566
2013,12,10,35,1379
2013,12,10,36,1657
2013,12,10,37,627
2013,12,10,38,1757
2013,12,10,39,964
2013,12,10,40,626
2013,12,10,41,488
2013,12,10,42,803
2013,12,10,43,1117
2013,12,10,44,635
2013,12,10,45,1801
2013,12,10,46,1297
2013,12,10,47,458
2013,12,10,48,1204
2013,12,10,49,640
2013,12,10,50,1502
2014,1,1,1,435
2014,1,1,2,1116
2014,1,1,3,654
2014,1,1,4,366
2014,1,1,5,330
2014,1,1,6,1042
2014,1,1,7,1076
2014,1,1,8,1402
2014,1,1,9,907
2014,1,1,10,1375
2014,1,1,11,1316
2014,1,1,12,1309
2014,1,1,13,1538
2014,1,1,14,1010
2014,1,1,15,1556
2014,1,1,16,446
2014,1,1,17,632
2014,1,1,18,1549
2014,1,1,19,730
2014,1,1,20,829
2014,1,1,21,685
2014,1,1,22,1521
2014,1,1,23,555
2014,1,1,24,1207
2014,1,1,25,1520
2014,1,1,26,923
2014,1,1,27,415
2014,1,1,28,1680
2014,1,1,29,1301
2014,1,1,30,715
2014,1,1,31,1104
2014,1,1,32,768
2014,1,1,33,1288
2014,1,1,34,458
2014,1,1,35,1181
2014,1,1,36,1410
2014,1,1,37,519
2014,1,1,38,1475
2014,1,1,39,789
2014,1,1,40,533
2014,1,1,41,356
2014,1,1,42,698
2014,1,1,43,912
2014,1,1,44,539
2014,1,1,45,1372
2014,1,1,46,1124
2014,1,1,47,397
2014,1,1,48,979
2014,1,1,49,517
2014,1,1,50,1229
2014,1,2,1,564
2014,1,2,2,1501
2014,1,2,3,919
2014,1,2,4,538
2014,1,2,5,507
2014,1,2,6,1541
2014,1,2,7,1548
2014,1,2,8,2036
2014,1,2,9,1271
2014,1,2,10,1872
2014,1,2,11,1808
2014,1,2,12,1778
2014,1,2,13,2187
2014,1,2,14,1477
2014,1,2,15,2205
2014,1,2,16,701
2014,1,2,17,836
2014,1,2,18,2166
2014,1,2,19,1061
2014,1,2,20,1220
2014,1,2,21,1014
2014,1,2,22,2148
2014,1,2,23,738
2014,1,2,24,1704
2014,1,2,25,2066
2014,1,2,26,1237
2014,1,2,27,556
2014,1,2,28,2251
2014,1,2,29,1761
2014,1,2,30,1075
2014,1,2,31,1471
2014,1,2,32,1178
2014,1,2,33,1816
2014,1,2,34,662
2014,1,2,35,1684
2014,1,2,36,1963
2014,1,2,37,770
2014,1,2,38,2085
2014,1,2,39,1130
2014,1,2,40,737
2014,1,2,41,551
2014,1,2,42,940
2014,1,2,43,1300
2014,1,2,44,760
2014,1,2,45,2144
2014,1,2,46,1517
2014,1,2,47,576
2014,1,2,48,1301
2014,1,2,49,733
2014,1,2,50,1711
2014,1,3,1,479
2014,1,3,2,1339
2014,1,3,3,833
2014,1,3,4,517
2014,1,3,5,419
2014,1,3,6,1344
2014,1,3,7,1365
2014,1,3,8,1753
2014,1,3,9,1176
2014,1,3,10,1678
2014,1,3,11,1584
2014,1,3,12,1560
2014,1,3,13,1868
2014,1,3,14,1367
2014,1,3,15,1966
2014,1,3,16,608
2014,1,3,17,791
2014,1,3,18,1852
2014,1,3,19,948
2014,1,3,20,1050
2014,1,3,21,929
2014,1,3,22,1839
2014,1,3,23,653
2014,1,3,24,1503
2014,1,3,25,1869
2014,1,3,26,1107
2014,1,3,27,490
2014,1,3,28,2066
2014,1,3,29,1534
2014,1,3,30,910
2014,1,3,31,1460
2014,1,3,32,1038
2014,1,3,33,1607
2014,1,3,34,591
2014,1,3,35,1509
2014,1,3,36,1728
2014,1,3,37,721
2014,1,3,38,1810
2014,1,3,39,997
2014,1,3,40,656
2014,1,3,41,478
2014,1,3,42,830
2014,1,3,43,1169
2014,1,3,44,669
2014,1,3,45,1848
2014,1,3,46,1377
2014,1,3,47,483
2014,1,3,48,1117
2014,1,3,49,636
2014,1,3,50,1553
2014,1,4,1,483
2014,1,4,2,1280
2014,1,4,3,750
2014,1,4,4,447
2014,1,4,5,406
2014,1,4,6,1190
2014,1,4,7,1352
2014,1,4,8,1573
2014,1,4,9,1086
2014,1,4,10,1538
2014,1,4,11,1494
2014,1,4,12,1425
2014,1,4,13,1778
2014,1,4,14,1256
2014,1,4,15,1891
2014,1,4,16,541
2014,1,4,17,715
2014,1,4,18,1819
2014,1,4,19,872
2014,1,4,20,986
2014,1,4,21,881
2014,1,4,22,1771
2014,1,4,23,600
2014,1,4,24,1400
2014,1,4,25,1694
2014,1,4,26,1019
2014,1,4,27,477
2014,1,4,28,1871
2014,1,4,29,1478
2014,1,4,30,903
2014,1,4,31,1239
2014,1,4,32,905
2014,1,4,33,1429
2014,1,4,34,564
2014,1,4,35,1424
2014,1,4,36,1634
2014,1,4,37,618
2014,1,4,38,1721
2014,1,4,39,956
2014,1,4,40,644
2014,1,4,41,458
2014,1,4,42,763
2014,1,4,43,1148
2014,1,4,44,661
2014,1,4,45,1718
2014,1,4,46,1247
2014,1,4,47,478
2014,1,4,48,1079
2014,1,4,49,644
2014,1,4,50,1351
2014,1,5,1,337
2014,1,5,2,920
2014,1,5,3,562
2014,1,5,4,304
2014,1,5,5,270
2014,1,5,6,873
2014,1,5,7,896
2014,1,5,8,1145
2014,1,5,9,782
2014,1,5,10,1138
2014,1,5,11,1050
2014,1,5,12,1072
2014,1,5,13,1334
2014,1,5,14,877
2014,1,5,15,1435
2014,1,5,16,396
2014,1,5,17,491
2014,1,5,18,1302
2014,1,5,19,601
2014,1,5,20,736
2014,1,5,21,617
2014,1,5,22,1259
2014,1,5,23,486
2014,1,5,24,984
2014,1,5,25,1225
2014,1,5,26,721
2014,1,5,27,317
2014,1,5,28,1388
2014,1,5,29,1023
2014,1,5,30,606
2014,1,5,31,906
2014,1,5,32,627
2014,1,5,33,997
2014,1,5,34,387
2014,1,5,35,1016
2014,1,5,36,1167
2014,1,5,37,428
2014,1,5,38,1287
2014,1,5,39,664
2014,1,5,40,477
2014,1,5,41,325
2014,1,5,42,568
2014,1,5,43,700
2014,1,5,44,473
2014,1,5,45,1206
2014,1,5,46,867
2014,1,5,47,346
2014,1,5,48,808
2014,1,5,49,442
2014,1,5,50,1055
2014,1,6,1,323
2014,1,6,2,904
2014,1,6,3,602
2014,1,6,4,330
2014,1,6,5,253
2014,1,6,6,929
2014,1,6,7,924
2014,1,6,8,1165
2014,1,6,9,801
2014,1,6,10,1124
2014,1,6,11,1029
2014,1,6,12,1055
2014,1,6,13,1360
2014,1,6,14,867
2014,1,6,15,1372
2014,1,6,16,392
2014,1,6,17,501
2014,1,6,18,1340
2014,1,6,19,597
2014,1,6,20,717
2014,1,6,21,634
2014,1,6,22,1158
2014,1,6,23,456
2014,1,6,24,963
2014,1,6,25,1249
2014,1,6,26,713
2014,1,6,27,340
2014,1,6,28,1387
2014,1,6,29,1041
2014,1,6,30,636
2014,1,6,31,886
2014,1,6,32,696
2014,1,6,33,1091
2014,1,6,34,384
2014,1,6,35,1056
2014,1,6,36,1197
2014,1,6,37,450
2014,1,6,38,1242
2014,1,6,39,663
2014,1,6,40,451
2014,1,6,41,311
2014,1,6,42,559
2014,1,6,43,857
2014,1,6,44,460
2014,1,6,45,1222
2014,1,6,46,874
2014,1,6,47,352
2014,1,6,48,762
2014,1,6,49,443
2014,1,6,50,989
2014,1,7,1,284
2014,1,7,2,839
2014,1,7,3,481
2014,1,7,4,301
2014,1,7,5,300
2014,1,7,6,770
2014,1,7,7,825
2014,1,7,8,1083
2014,1,7,9,704
2014,1,7,10,1057
2014,1,7,11,987
2014,1,7,12,951
2014,1,7,13,1181
2014,1,7,14,839
2014,1,7,15,1240
2014,1,7,16,350
2014,1,7,17,476
2014,1,7,18,1203
2014,1,7,19,555
2014,1,7,20,635
2014,1,7,21,596
2014,1,7,22,1153
2014,1,7,23,416
2014,1,7,24,937
2014,1,7,25,1152
2014,1,7,26,704
2014,1,7,27,310
2014,1,7,28,1232
2014,1,7,29,1040
2014,1,7,30,551
2014,1,7,31,818
2014,1,7,32,605
2014,1,7,33,968
2014,1,7,34,401
2014,1,7,35,910
2014,1,7,36,1030
2014,1,7,37,427
2014,1,7,38,1237
2014,1,7,39,621
2014,1,7,40,402
2014,1,7,41,337
2014,1,7,42,521
2014,1,7,43,736
2014,1,7,44,409
2014,1,7,45,1104
2014,1,7,46,806
2014,1,7,47,338
2014,1,7,48,741
2014,1,7,49,414
2014,1,7,50,914
2014,1,8,1,475
2014,1,8,2,1416
2014,1,8,3,898
2014,1,8,4,535
2014,1,8,5,475
2014,1,8,6,1459
2014,1,8,7,1440
2014,1,8,8,1878
2014,1,8,9,1327
2014,1,8,10,1831
2014,1,8,11,1673
2014,1,8,12,1723
2014,1,8,13,2016
2014,1,8,14,1493
2014,1,8,15,2125
2014,1,8,16,611
2014,1,8,17,841
2014,1,8,18,2179
2014,1,8,19,997
2014,1,8,20,1180
2014,1,8,21,1001
2014,1,8,22,2002
2014,1,8,23,733
2014,1,8,24,1621
2014,1,8,25,1999
2014,1,8,26,1135
2014,1,8,27,518
2014,1,8,28,2205
2014,1,8,29,1672
2014,1,8,30,1025
2014,1,8,31,1429
2014,1,8,32,1144
2014,1,8,33,1733
2014,1,8,34,649
2014,1,8,35,1707
2014,1,8,36,1921
2014,1,8,37,690
2014,1,8,38,1913
2014,1,8,39,1098
2014,1,8,40,773
2014,1,8,41,538
2014,1,8,42,895
2014,1,8,43,1245
2014,1,8,44,732
2014,1,8,45,1999
2014,1,8,46,1458
2014,1,8,47,510
2014,1,8,48,1252
2014,1,8,49,718
2014,1,8,50,1641
2014,1,9,1,440
2014,1,9,2,1294
2014,1,9,3,793
2014,1,9,4,439
2014,1,9,5,397
2014,1,9,6,1223
2014,1,9,7,1277
2014,1,9,8,1641
2014,1,9,9,1116
2014,1,9,10,1604
2014,1,9,11,1461
2014,1,9,12,1493
2014,1,9,13,1721
2014,1,9,14,1285
2014,1,9,15,1877
2014,1,9,16,540
2014,1,9,17,690
2014,1,9,18,1791
2014,1,9,19,838
2014,1,9,20,1006
2014,1,9,21,888
2014,1,9,22,1664
2014,1,9,23,618
2014,1,9,24,1407
2014,1,9,25,1728
2014,1,9,26,973
2014,1,9,27,484
2014,1,9,28,1948
2014,1,9,29,1482
2014,1,9,30,856
2014,1,9,31,1213
2014,1,9,32,930
2014,1,9,33,1441
2014,1,9,34,551
2014,1,9,35,1440
2014,1,9,36,1661
2014,1,9,37,603
2014,1,9,38,1660
2014,1,9,39,906
2014,1,9,40,571
2014,1,9,41,474
2014,1,9,42,763
2014,1,9,43,1067
2014,1,9,44,638
2014,1,9,45,1756
2014,1,9,46,1217
2014,1,9,47,443
2014,1,9,48,1103
2014,1,9,49,584
2014,1,9,50,1415
2014,1,10,1,503
2014,1,10,2,1301
2014,1,10,3,845
2014,1,10,4,530
2014,1,10,5,366
2014,1,10,6,1303
2014,1,10,7,1345
2014,1,10,8,1739
2014,1,10,9,1175
2014,1,10,10,1681
2014,1,10,11,1567
2014,1,10,12,1542
2014,1,10,13,1870
2014,1,10,14,1230
2014,1,10,15,1998
2014,1,10,16,583
2014,1,10,17,743
2014,1,10,18,1937
2014,1,10,19,928
2014,1,10,20,1038
2014,1,10,21,853
2014,1,10,22,1876
2014,1,10,23,657
2014,1,10,24,1545
2014,1,10,25,1814
2014,1,10,26,1085
2014,1,10,27,464
2014,1,10,28,1964
2014,1,10,29,1556
2014,1,10,30,900
2014,1,10,31,1300
2014,1,10,32,983
2014,1,10,33,1533
2014,1,10,34,580
2014,1,10,35,1460
2014,1,10,36,1683
2014,1,10,37,677
2014,1,10,38,1813
2014,1,10,39,963
2014,1,10,40,628
2014,1,10,41,513
2014,1,10,42,852
2014,1,10,43,1211
2014,1,10,44,681
2014,1,10,45,1819
2014,1,10,46,1339
2014,1,10,47,470
2014,1,10,48,1177
2014,1,10,49,646
2014,1,10,50,1458
2014,2,1,1,405
2014,2,1,2,1135
2014,2,1,3,674
2014,2,1,4,415
2014,2,1,5,314
2014,2,1,6,1089
2014,2,1,7,1004
2014,2,1,8,1460
2014,2,1,9,927
2014,2,1,10,1372
2014,2,1,11,1287
2014,2,1,12,1252
2014,2,1,13,1527
2014,2,1,14,1132
2014,2,1,15,1661
2014,2,1,16,494
2014,2,1,17,599
2014,2,1,18,1483
2014,2,1,19,741
2014,2,1,20,852
2014,2,1,21,721
2014,2,1,22,1477
2014,2,1,23,473
2014,2,1,24,1235
2014,2,1,25,1437
2014,2,1,26,874
2014,2,1,27,390
2014,2,1,28,1596
2014,2,1,29,1267
2014,2,1,30,778
2014,2,1,31,1003
2014,2,1,32,809
2014,2,1,33,1304
2014,2,1,34,458
2014,2,1,35,1263
2014,2,1,36,1354
2014,2,1,37,561
2014,2,1,38,1393
2014,2,1,39,789
2014,2,1,40,553
2014,2,1,41,394
2014,2,1,42,700
2014,2,1,43,983
2014,2,1,44,546
2014,2,1,45,1437
2014,2,1,46,1104
2014,2,1,47,408
2014,2,1,48,1007
2014,2,1,49,490
2014,2,1,50,1211
2014,2,2,1,554
2014,2,2,2,1616
2014,2,2,3,933
2014,2,2,4,549
2014,2,2,5,463
2014,2,2,6,1431
2014,2,2,7,1478
2014,2,2,8,1982
2014,2,2,9,1323
2014,2,2,10,1845
2014,2,2,11,1746
2014,2,2,12,1849
2014,2,2,13,2138
2014,2,2,14,1493
2014,2,2,15,2322
2014,2,2,16,700
2014,2,2,17,808
2014,2,2,18,2234
2014,2,2,19,1075
2014,2,2,20,1241
2014,2,2,21,1105
2014,2,2,22,2023
2014,2,2,23,800
2014,2,2,24,1704
2014,2,2,25,2095
2014,2,2,26,1234
2014,2,2,27,517
2014,2,2,28,2308
2014,2,2,29,1809
2014,2,2,30,1062
2014,2,2,31,1487
2014,2,2,32,1206
2014,2,2,33,1796
2014,2,2,34,664
2014,2,2,35,1706
2014,2,2,36,1982
2014,2,2,37,749
2014,2,2,38,2035
2014,2,2,39,1137
2014,2,2,40,768
2014,2,2,41,586
2014,2,2,42,938
2014,2,2,43,1332
2014,2,2,44,770
2014,2,2,45,2093
2014,2,2,46,1482
2014,2,2,47,612
2014,2,2,48,1337
2014,2,2,49,766
2014,2,2,50,1722
2014,2,3,1,503
2014,2,3,2,1400
2014,2,3,3,847
2014,2,3,4,498
2014,2,3,5,402
2014,2,3,6,1306
2014,2,3,7,1360
2014,2,3,8,1835
2014,2,3,9,1205
2014,2,3,10,1745
2014,2,3,11,1569
2014,2,3,12,1588
2014,2,3,13,1986
2014,2,3,14,1336
2014,2,3,15,2035
2014,2,3,16,584
2014,2,3,17,759
2014,2,3,18,2003
2014,2,3,19,877
2014,2,3,20,1084
2014,2,3,21,904
2014,2,3,22,1821
2014,2,3,23,696
2014,2,3,24,1525
2014,2,3,25,1836
2014,2,3,26,1084
2014,2,3,27,534
2014,2,3,28,2053
2014,2,3,29,1635
2014,2,3,30,940
2014,2,3,31,1343
2014,2,3,32,996
2014,2,3,33,1610
2014,2,3,34,599
2014,2,3,35,1560
2014,2,3,36,1834
2014,2,3,37,680
2014,2,3,38,1835
2014,2,3,39,976
2014,2,3,40,735
2014,2,3,41,495
2014,2,3,42,874
2014,2,3,43,1160
2014,2,3,44,648
2014,2,3,45,1786
2014,2,3,46,1366
2014,2,3,47,535
2014,2,3,48,1224
2014,2,3,49,638
2014,2,3,50,1564
2014,2,4,1,480
2014,2,4,2,1247
2014,2,4,3,795
2014,2,4,4,472
2014,2,4,5,386
2014,2,4,6,1256
2014,2,4,7,1196
2014,2,4,8,1596
2014,2,4,9,1121
2014,2,4,10,1619
2014,2,4,11,1483
2014,2,4,12,1497
2014,2,4,13,1794
2014,2,4,14,1322
2014,2,4,15,1765
2014,2,4,16,533
2014,2,4,17,700
2014,2,4,18,1757
2014,2,4,19,843
2014,2,4,20,1007
2014,2,4,21,856
2014,2,4,22,1726
2014,2,4,23,616
2014,2,4,24,1387
2014,2,4,25,1737
2014,2,4,26,1058
2014,2,4,27,476
2014,2,4,28,1859
2014,2,4,29,1495
2014,2,4,30,878
2014,2,4,31,1205
2014,2,4,32,965
2014,2,4,33,1575
2014,2,4,34,515
2014,2,4,35,1337
2014,2,4,36,1622
2014,2,4,37,624
2014,2,4,38,1760
2014,2,4,39,943
2014,2,4,40,603
2014,2,4,41,478
2014,2,4,42,788
2014,2,4,43,1032
2014,2,4,44,613
2014,2,4,45,1718
2014,2,4,46,1191
2014,2,4,47,468
2014,2,4,48,1093
2014,2,4,49,619
2014,2,4,50,1327
2014,2,5,1,325
2014,2,5,2,863
2014,2,5,3,575
2014,2,5,4,315
2014,2,5,5,281
2014,2,5,6,878
2014,2,5,7,876
2014,2,5,8,1155
2014,2,5,9,791
2014,2,5,10,1095
2014,2,5,11,1045
2014,2,5,12,1089
2014,2,5,13,1277
2014,2,5,14,896
2014,2,5,15,1344
2014,2,5,16,413
2014,2,5,17,458
2014,2,5,18,1321
2014,2,5,19,642
2014,2,5,20,756
2014,2,5,21,628
2014,2,5,22,1331
2014,2,5,23,457
2014,2,5,24,1047
2014,2,5,25,1235
2014,2,5,26,718
2014,2,5,27,330
2014,2,5,28,1309
2014,2,5,29,1055
2014,2,5,30,614
2014,2,5,31,934
2014,2,5,32,701
2014,2,5,33,1106
2014,2,5,34,368
2014,2,5,35,1021
2014,2,5,36,1204
2014,2,5,37,463
2014,2,5,38,1205
2014,2,5,39,684
2014,2,5,40,466
2014,2,5,41,364
2014,2,5,42,527
2014,2,5,43,768
2014,2,5,44,433
2014,2,5,45,1241
2014,2,5,46,914
2014,2,5,47,327
2014,2,5,48,802
2014,2,5,49,452
2014,2,5,50,1006
2014,2,6,1,360
2014,2,6,2,909
2014,2,6,3,558
2014,2,6,4,334
2014,2,6,5,278
2014,2,6,6,880
2014,2,6,7,926
2014,2,6,8,1191
2014,2,6,9,787
2014,2,6,10,1084
2014,2,6,11,1063
2014,2,6,12,1061
2014,2,6,13,1275
2014,2,6,14,902
2014,2,6,15,1308
2014,2,6,16,383
2014,2,6,17,541
2014,2,6,18,1357
2014,2,6,19,595
2014,2,6,20,772
2014,2,6,21,587
2014,2,6,22,1236
2014,2,6,23,467
2014,2,6,24,994
2014,2,6,25,1209
2014,2,6,26,716
2014,2,6,27,350
2014,2,6,28,1374
2014,2,6,29,1076
2014,2,6,30,666
2014,2,6,31,935
2014,2,6,32,681
2014,2,6,33,1129
2014,2,6,34,410
2014,2,6,35,1057
2014,2,6,36,1158
2014,2,6,37,468
2014,2,6,38,1236
2014,2,6,39,718
2014,2,6,40,451
2014,2,6,41,361
2014,2,6,42,578
2014,2,6,43,813
2014,2,6,44,425
2014,2,6,45,1169
2014,2,6,46,897
2014,2,6,47,324
2014,2,6,48,775
2014,2,6,49,432
2014,2,6,50,1029
2014,2,7,1,289
2014,2,7,2,813
2014,2,7,3,533
2014,2,7,4,302
2014,2,7,5,273
2014,2,7,6,782
2014,2,7,7,748
2014,2,7,8,1063
2014,2,7,9,767
2014,2,7,10,1037
2014,2,7,11,1057
2014,2,7,12,933
2014,2,7,13,1221
2014,2,7,14,829
2014,2,7,15,1249
2014,2,7,16,335
2014,2,7,17,482
2014,2,7,18,1190
2014,2,7,19,540
2014,2,7,20,684
2014,2,7,21,575
2014,2,7,22,1129
2014,2,7,23,422
2014,2,7,24,959
2014,2,7,25,1181
2014,2,7,26,665
2014,2,7,27,311
2014,2,7,28,1219
2014,2,7,29,992
2014,2,7,30,568
2014,2,7,31,781
2014,2,7,32,627
2014,2,7,33,938
2014,2,7,34,344
2014,2,7,35,1000
2014,2,7,36,1100
2014,2,7,37,363
2014,2,7,38,1097
2014,2,7,39,640
2014,2,7,40,431
2014,2,7,41,333
2014,2,7,42,485
2014,2,7,43,719
2014,2,7,44,397
2014,2,7,45,1169
2014,2,7,46,791
2014,2,7,47,299
2014,2,7,48,735
2014,2,7,49,405
2014,2,7,50,896
2014,2,8,1,535
2014,2,8,2,1453
2014,2,8,3,916
2014,2,8,4,577
2014,2,8,5,451
2014,2,8,6,1471
2014,2,8,7,1433
2014,2,8,8,1948
2014,2,8,9,1272
2014,2,8,10,1793
2014,2,8,11,1707
2014,2,8,12,1723
2014,2,8,13,2069
2014,2,8,14,1502
2014,2,8,15,2204
2014,2,8,16,649
2014,2,8,17,832
2014,2,8,18,2137
2014,2,8,19,1004
2014,2,8,20,1187
2014,2,8,21,997
2014,2,8,22,2053
2014,2,8,23,726
2014,2,8,24,1633
2014,2,8,25,1979
2014,2,8,26,1161
2014,2,8,27,539
2014,2,8,28,2150
2014,2,8,29,1782
2014,2,8,30,997
2014,2,8,31,1461
2014,2,8,32,1104
2014,2,8,33,1753
2014,2,8,34,637
2014,2,8,35,1695
2014,2,8,36,1857
2014,2,8,37,754
2014,2,8,38,2103
2014,2,8,39,1046
2014,2,8,40,686
2014,2,8,41,525
2014,2,8,42,931
2014,2,8,43,1248
2014,2,8,44,723
2014,2,8,45,2030
2014,2,8,46,1435
2014,2,8,47,595
2014,2,8,48,1278
2014,2,8,49,771
2014,2,8,50,1651
2014,2,9,1,450
2014,2,9,2,1282
2014,2,9,3,771
2014,2,9,4,435
2014,2,9,5,379
2014,2,9,6,1242
2014,2,9,7,1294
2014,2,9,8,1645
2014,2,9,9,1118
2014,2,9,10,1607
2014,2,9,11,1585
2014,2,9,12,1524
2014,2,9,13,1800
2014,2,9,14,1289
2014,2,9,15,1896
2014,2,9,16,548
2014,2,9,17,634
2014,2,9,18,1794
2014,2,9,19,916
2014,2,9,20,1002
2014,2,9,21,871
2014,2,9,22,1749
2014,2,9,23,653
2014,2,9,24,1386
2014,2,9,25,1746
2014,2,9,26,1051
2014,2,9,27,462
2014,2,9,28,1874
2014,2,9,29,1503
2014,2,9,30,844
2014,2,9,31,1280
2014,2,9,32,911
2014,2,9,33,1529
2014,2,9,34,562
2014,2,9,35,1432
2014,2,9,36,1652
2014,2,9,37,628
2014,2,9,38,1660
2014,2,9,39,907
2014,2,9,40,646
2014,2,9,41,482
2014,2,9,42,739
2014,2,9,43,1115
2014,2,9,44,656
2014,2,9,45,1702
2014,2,9,46,1253
2014,2,9,47,445
2014,2,9,48,1029
2014,2,9,49,607
2014,2,9,50,1332
2014,2,10,1,490
2014,2,10,2,1357
2014,2,10,3,855
2014,2,10,4,477
2014,2,10,5,453
2014,2,10,6,1322
2014,2,10,7,1319
2014,2,10,8,1749
2014,2,10,9,1173
2014,2,10,10,1673
2014,2,10,11,1545
2014,2,10,12,1599
2014,2,10,13,1984
2014,2,10,14,1415
2014,2,10,15,2104
2014,2,10,16,568
2014,2,10,17,723
2014,2,10,18,1912
2014,2,10,19,897
2014,2,10,20,1053
2014,2,10,21,882
2014,2,10,22,1815
2014,2,10,23,622
2014,2,10,24,1514
2014,2,10,25,1812
2014,2,10,26,1136
2014,2,10,27,468
2014,2,10,28,1987
2014,2,10,29,1568
2014,2,10,30,981
2014,2,10,31,1368
2014,2,10,32,994
2014,2,10,33,1555
2014,2,10,34,581
2014,2,10,35,1448
2014,2,10,36,1821
2014,2,10,37,684
2014,2,10,38,1853
2014,2,10,39,1040
2014,2,10,40,719
2014,2,10,41,512
2014,2,10,42,824
2014,2,10,43,1155
2014,2,10,44,653
2014,2,10,45,1883
2014,2,10,46,1326
2014,2,10,47,488
2014,2,10,48,1111
2014,2,10,49,657
2014,2,10,50,1540
2014,3,1,1,549
2014,3,1,2,1406
2014,3,1,3,885
2014,3,1,4,524
2014,3,1,5,472
2014,3,1,6,1460
2014,3,1,7,1363
2014,3,1,8,1832
2014,3,1,9,1267
2014,3,1,10,1767
2014,3,1,11,1785
2014,3,1,12,1711
2014,3,1,13,2050
2014,3,1,14,1488
2014,3,1,15,2118
2014,3,1,16,630
2014,3,1,17,796
2014,3,1,18,2050
2014,3,1,19,983
2014,3,1,20,1164
2014,3,1,21,954
2014,3,1,22,2001
2014,3,1,23,779
2014,3,1,24,1598
2014,3,1,25,1955
2014,3,1,26,1169
2014,3,1,27,550
2014,3,1,28,2077
2014,3,1,29,1691
2014,3,1,30,1005
2014,3,1,31,1428
2014,3,1,32,1038
2014,3,1,33,1752
2014,3,1,34,620
2014,3,1,35,1666
2014,3,1,36,1895
2014,3,1,37,706
2014,3,1,38,1925
2014,3,1,39,1014
2014,3,1,40,659
2014,3,1,41,539
2014,3,1,42,900
2014,3,1,43,1271
2014,3,1,44,779
2014,3,1,45,1907
2014,3,1,46,1390
2014,3,1,47,558
2014,3,1,48,1300
2014,3,1,49,734
2014,3,1,50,1569
2014,3,2,1,733
2014,3,2,2,2047
2014,3,2,3,1289
2014,3,2,4,738
2014,3,2,5,629
2014,3,2,6,2074
2014,3,2,7,2044
2014,3,2,8,2658
2014,3,2,9,1782
2014,3,2,10,2510
2014,3,2,11,2393
2014,3,2,12,2511
2014,3,2,13,2923
2014,3,2,14,1982
2014,3,2,15,3090
2014,3,2,16,886
2014,3,2,17,1048
2014,3,2,18,2848
2014,3,2,19,1431
2014,3,2,20,1629
2014,3,2,21,1392
2014,3,2,22,2704
2014,3,2,23,1032
2014,3,2,24,2381
2014,3,2,25,2824
2014,3,2,26,1659
2014,3,2,27,789
2014,3,2,28,3106
2014,3,2,29,2391
2014,3,2,30,1415
2014,3,2,31,2084
2014,3,2,32,1561
2014,3,2,33,2384
2014,3,2,34,893
2014,3,2,35,2249
2014,3,2,36,2599
2014,3,2,37,1101
2014,3,2,38,2819
2014,3,2,39,1518
2014,3,2,40,1003
2014,3,2,41,727
2014,3,2,42,1269
2014,3,2,43,1757
2014,3,2,44,1016
2014,3,2,45,2817
2014,3,2,46,1989
2014,3,2,47,790
2014,3,2,48,1736
2014,3,2,49,1021
2014,3,2,50,2276
2014,3,3,1,685
2014,3,3,2,1851
2014,3,3,3,1127
2014,3,3,4,685
2014,3,3,5,608
2014,3,3,6,1773
2014,3,3,7,1832
2014,3,3,8,2347
2014,3,3,9,1608
2014,3,3,10,2271
2014,3,3,11,2151
2014,3,3,12,2128
2014,3,3,13,2608
2014,3,3,14,1782
2014,3,3,15,2730
2014,3,3,16,813
2014,3,3,17,977
2014,3,3,18,2587
2014,3,3,19,1195
2014,3,3,20,1473
2014,3,3,21,1261
2014,3,3,22,2490
2014,3,3,23,887
2014,3,3,24,1969
2014,3,3,25,2478
2014,3,3,26,1458
2014,3,3,27,705
2014,3,3,28,2685
2014,3,3,29,2130
2014,3,3,30,1262
2014,3,3,31,1862
2014,3,3,32,1342
2014,3,3,33,2170
2014,3,3,34,794
2014,3,3,35,2020
2014,3,3,36,2235
2014,3,3,37,905
2014,3,3,38,2440
2014,3,3,39,1363
2014,3,3,40,920
2014,3,3,41,691
2014,3,3,42,1163
2014,3,3,43,1599
2014,3,3,44,938
2014,3,3,45,2475
2014,3,3,46,1776
2014,3,3,47,675
2014,3,3,48,1502
2014,3,3,49,865
2014,3,3,50,1989
2014,3,4,1,621
2014,3,4,2,1660
2014,3,4,3,1018
2014,3,4,4,602
2014,3,4,5,490
2014,3,4,6,1602
2014,3,4,7,1695
2014,3,4,8,2195
2014,3,4,9,1419
2014,3,4,10,2099
2014,3,4,11,1912
2014,3,4,12,1942
2014,3,4,13,2341
2014,3,4,14,1672
2014,3,4,15,2538
2014,3,4,16,788
2014,3,4,17,907
2014,3,4,18,2390
2014,3,4,19,1206
2014,3,4,20,1326
2014,3,4,21,1141
2014,3,4,22,2256
2014,3,4,23,851
2014,3,4,24,1806
2014,3,4,25,2297
2014,3,4,26,1342
2014,3,4,27,631
2014,3,4,28,2429
2014,3,4,29,1952
2014,3,4,30,1153
2014,3,4,31,1693
2014,3,4,32,1265
2014,3,4,33,1957
2014,3,4,34,703
2014,3,4,35,1836
2014,3,4,36,2136
2014,3,4,37,849
2014,3,4,38,2363
2014,3,4,39,1241
2014,3,4,40,895
2014,3,4,41,622
2014,3,4,42,973
2014,3,4,43,1478
2014,3,4,44,837
2014,3,4,45,2267
2014,3,4,46,1594
2014,3,4,47,568
2014,3,4,48,1432
2014,3,4,49,847
2014,3,4,50,1884
2014,3,5,1,428
2014,3,5,2,1202
2014,3,5,3,737
2014,3,5,4,471
2014,3,5,5,348
2014,3,5,6,1222
2014,3,5,7,1152
2014,3,5,8,1567
2014,3,5,9,1053
2014,3,5,10,1375
2014,3,5,11,1415
2014,3,5,12,1460
2014,3,5,13,1733
2014,3,5,14,1190
2014,3,5,15,1781
2014,3,5,16,559
2014,3,5,17,717
2014,3,5,18,1702
2014,3,5,19,812
2014,3,5,20,970
2014,3,5,21,774
2014,3,5,22,1610
2014,3,5,23,640
2014,3,5,24,1364
2014,3,5,25,1657
2014,3,5,26,971
2014,3,5,27,457
2014,3,5,28,1818
2014,3,5,29,1457
2014,3,5,30,834
2014,3,5,31,1187
2014,3,5,32,891
2014,3,5,33,1472
2014,3,5,34,528
2014,3,5,35,1335
2014,3,5,36,1659
2014,3,5,37,598
2014,3,5,38,1703
2014,3,5,39,945
2014,3,5,40,598
2014,3,5,41,429
2014,3,5,42,733
2014,3,5,43,1058
2014,3,5,44,596
2014,3,5,45,1684
2014,3,5,46,1199
2014,3,5,47,419
2014,3,5,48,1046
2014,3,5,49,643
2014,3,5,50,1328
2014,3,6,1,447
2014,3,6,2,1192
2014,3,6,3,729
2014,3,6,4,434
2014,3,6,5,359
2014,3,6,6,1246
2014,3,6,7,1245
2014,3,6,8,1572
2014,3,6,9,1091
2014,3,6,10,1491
2014,3,6,11,1407
2014,3,6,12,1454
2014,3,6,13,1750
2014,3,6,14,1219
2014,3,6,15,1807
2014,3,6,16,528
2014,3,6,17,703
2014,3,6,18,1674
2014,3,6,19,857
2014,3,6,20,976
2014,3,6,21,847
2014,3,6,22,1639
2014,3,6,23,622
2014,3,6,24,1406
2014,3,6,25,1596
2014,3,6,26,971
2014,3,6,27,429
2014,3,6,28,1864
2014,3,6,29,1452
2014,3,6,30,769
2014,3,6,31,1225
2014,3,6,32,894
2014,3,6,33,1402
2014,3,6,34,535
2014,3,6,35,1300
2014,3,6,36,1576
2014,3,6,37,576
2014,3,6,38,1698
2014,3,6,39,894
2014,3,6,40,613
2014,3,6,41,463
2014,3,6,42,730
2014,3,6,43,1012
2014,3,6,44,568
2014,3,6,45,1690
2014,3,6,46,1189
2014,3,6,47,473
2014,3,6,48,1072
2014,3,6,49,605
2014,3,6,50,1358
2014,3,7,1,401
2014,3,7,2,1170
2014,3,7,3,688
2014,3,7,4,434
2014,3,7,5,316
2014,3,7,6,1150
2014,3,7,7,1163
2014,3,7,8,1478
2014,3,7,9,949
2014,3,7,10,1380
2014,3,7,11,1300
2014,3,7,12,1315
2014,3,7,13,1587
2014,3,7,14,1126
2014,3,7,15,1599
2014,3,7,16,472
2014,3,7,17,578
2014,3,7,18,1542
2014,3,7,19,747
2014,3,7,20,893
2014,3,7,21,760
2014,3,7,22,1494
2014,3,7,23,540
2014,3,7,24,1210
2014,3,7,25,1486
2014,3,7,26,900
2014,3,7,27,381
2014,3,7,28,1713
2014,3,7,29,1306
2014,3,7,30,775
2014,3,7,31,1065
2014,3,7,32,834
2014,3,7,33,1310
2014,3,7,34,515
2014,3,7,35,1271
2014,3,7,36,1492
2014,3,7,37,568
2014,3,7,38,1521
2014,3,7,39,815
2014,3,7,40,574
2014,3,7,41,443
2014,3,7,42,699
2014,3,7,43,919
2014,3,7,44,558
2014,3,7,45,1512
2014,3,7,46,1117
2014,3,7,47,466
2014,3,7,48,951
2014,3,7,49,542
2014,3,7,50,1238
2014,3,8,1,714
2014,3,8,2,1957
2014,3,8,3,1208
2014,3,8,4,699
2014,3,8,5,589
2014,3,8,6,1983
2014,3,8,7,2032
2014,3,8,8,2497
2014,3,8,9,1710
2014,3,8,10,2386
2014,3,8,11,2280
2014,3,8,12,2269
2014,3,8,13,2744
2014,3,8,14,1898
2014,3,8,15,2905
2014,3,8,16,862
2014,3,8,17,1087
2014,3,8,18,2813
2014,3,8,19,1335
2014,3,8,20,1615
2014,3,8,21,1329
2014,3,8,22,2602
2014,3,8,23,1006
2014,3,8,24,2198
2014,3,8,25,2650
2014,3,8,26,1641
2014,3,8,27,721
2014,3,8,28,2862
2014,3,8,29,2304
2014,3,8,30,1322
2014,3,8,31,1990
2014,3,8,32,1387
2014,3,8,33,2347
2014,3,8,34,821
2014,3,8,35,2144
2014,3,8,36,2469
2014,3,8,37,972
2014,3,8,38,2605
2014,3,8,39,1437
2014,3,8,40,968
2014,3,8,41,758
2014,3,8,42,1255
2014,3,8,43,1704
2014,3,8,44,996
2014,3,8,45,2645
2014,3,8,46,1936
2014,3,8,47,746
2014,3,8,48,1753
2014,3,8,49,945
2014,3,8,50,2137
2014,3,9,1,622
2014,3,9,2,1677
2014,3,9,3,996
2014,3,9,4,650
2014,3,9,5,523
2014,3,9,6,1646
2014,3,9,7,1719
2014,3,9,8,2251
2014,3,9,9,1441
2014,3,9,10,2070
2014,3,9,11,1956
2014,3,9,12,1975
2014,3,9,13,2415
2014,3,9,14,1648
2014,3,9,15,2551
2014,3,9,16,765
2014,3,9,17,866
2014,3,9,18,2418
2014,3,9,19,1084
2014,3,9,20,1347
2014,3,9,21,1150
2014,3,9,22,2380
2014,3,9,23,808
2014,3,9,24,1970
2014,3,9,25,2345
2014,3,9,26,1417
2014,3,9,27,625
2014,3,9,28,2400
2014,3,9,29,1905
2014,3,9,30,1132
2014,3,9,31,1643
2014,3,9,32,1208
2014,3,9,33,1949
2014,3,9,34,734
2014,3,9,35,1916
2014,3,9,36,2170
2014,3,9,37,865
2014,3,9,38,2316
2014,3,9,39,1226
2014,3,9,40,783
2014,3,9,41,588
2014,3,9,42,1051
2014,3,9,43,1416
2014,3,9,44,841
2014,3,9,45,2372
2014,3,9,46,1702
2014,3,9,47,568
2014,3,9,48,1476
2014,3,9,49,866
2014,3,9,50,1884
2014,3,10,1,660
2014,3,10,2,1765
2014,3,10,3,1071
2014,3,10,4,687
2014,3,10,5,505
2014,3,10,6,1798
2014,3,10,7,1755
2014,3,10,8,2327
2014,3,10,9,1566
2014,3,10,10,2119
2014,3,10,11,2140
2014,3,10,12,2095
2014,3,10,13,2613
2014,3,10,14,1818
2014,3,10,15,2678
2014,3,10,16,778
2014,3,10,17,985
2014,3,10,18,2500
2014,3,10,19,1214
2014,3,10,20,1428
2014,3,10,21,1183
2014,3,10,22,2537
2014,3,10,23,921
2014,3,10,24,1964
2014,3,10,25,2491
2014,3,10,26,1484
2014,3,10,27,629
2014,3,10,28,2579
2014,3,10,29,2157
2014,3,10,30,1205
2014,3,10,31,1770
2014,3,10,32,1316
2014,3,10,33,2127
2014,3,10,34,767
2014,3,10,35,1924
2014,3,10,36,2335
2014,3,10,37,907
2014,3,10,38,2377
2014,3,10,39,1340
2014,3,10,40,896
2014,3,10,41,697
2014,3,10,42,1097
2014,3,10,43,1539
2014,3,10,44,928
2014,3,10,45,2441
2014,3,10,46,1733
2014,3,10,47,632
2014,3,10,48,1577
2014,3,10,49,888
2014,3,10,50,2083
2014,4,1,1,573
2014,4,1,2,1645
2014,4,1,3,973
2014,4,1,4,631
2014,4,1,5,516
2014,4,1,6,1611
2014,4,1,7,1588
2014,4,1,8,2103
2014,4,1,9,1376
2014,4,1,10,1996
2014,4,1,11,1916
2014,4,1,12,1959
2014,4,1,13,2239
2014,4,1,14,1640
2014,4,1,15,2398
2014,4,1,16,718
2014,4,1,17,896
2014,4,1,18,2280
2014,4,1,19,1061
2014,4,1,20,1316
2014,4,1,21,1092
2014,4,1,22,2228
2014,4,1,23,800
2014,4,1,24,1807
2014,4,1,25,2211
2014,4,1,26,1344
2014,4,1,27,617
2014,4,1,28,2408
2014,4,1,29,1819
2014,4,1,30,1051
2014,4,1,31,1621
2014,4,1,32,1206
2014,4,1,33,1892
2014,4,1,34,742
2014,4,1,35,1813
2014,4,1,36,2154
2014,4,1,37,758
2014,4,1,38,2175
2014,4,1,39,1202
2014,4,1,40,791
2014,4,1,41,596
2014,4,1,42,978
2014,4,1,43,1327
2014,4,1,44,826
2014,4,1,45,2150
2014,4,1,46,1625
2014,4,1,47,593
2014,4,1,48,1340
2014,4,1,49,767
2014,4,1,50,1781
2014,4,2,1,774
2014,4,2,2,2300
2014,4,2,3,1412
2014,4,2,4,876
2014,4,2,5,724
2014,4,2,6,2291
2014,4,2,7,2309
2014,4,2,8,2972
2014,4,2,9,2039
2014,4,2,10,2896
2014,4,2,11,2661
2014,4,2,12,2778
2014,4,2,13,3205
2014,4,2,14,2342
2014,4,2,15,3316
2014,4,2,16,969
2014,4,2,17,1272
2014,4,2,18,3295
2014,4,2,19,1638
2014,4,2,20,1845
2014,4,2,21,1563
2014,4,2,22,3073
2014,4,2,23,1060
2014,4,2,24,2532
2014,4,2,25,3200
2014,4,2,26,1829
2014,4,2,27,829
2014,4,2,28,3386
2014,4,2,29,2675
2014,4,2,30,1644
2014,4,2,31,2315
2014,4,2,32,1774
2014,4,2,33,2773
2014,4,2,34,992
2014,4,2,35,2520
2014,4,2,36,2975
2014,4,2,37,1145
2014,4,2,38,3181
2014,4,2,39,1644
2014,4,2,40,1171
2014,4,2,41,884
2014,4,2,42,1434
2014,4,2,43,1999
2014,4,2,44,1123
2014,4,2,45,3008
2014,4,2,46,2280
2014,4,2,47,853
2014,4,2,48,1994
2014,4,2,49,1092
2014,4,2,50,2602
2014,4,3,1,728
2014,4,3,2,2085
2014,4,3,3,1255
2014,4,3,4,697
2014,4,3,5,624
2014,4,3,6,2125
2014,4,3,7,2088
2014,4,3,8,2718
2014,4,3,9,1742
2014,4,3,10,2520
2014,4,3,11,2486
2014,4,3,12,2327
2014,4,3,13,2925
2014,4,3,14,2043
2014,4,3,15,3024
2014,4,3,16,793
2014,4,3,17,1079
2014,4,3,18,2956
2014,4,3,19,1386
2014,4,3,20,1558
2014,4,3,21,1386
2014,4,3,22,2771
2014,4,3,23,1012
2014,4,3,24,2233
2014,4,3,25,2748
2014,4,3,26,1624
2014,4,3,27,751
2014,4,3,28,3010
2014,4,3,29,2392
2014,4,3,30,1411
2014,4,3,31,2025
2014,4,3,32,1496
2014,4,3,33,2447
2014,4,3,34,871
2014,4,3,35,2290
2014,4,3,36,2684
2014,4,3,37,1011
2014,4,3,38,2834
2014,4,3,39,1570
2014,4,3,40,985
2014,4,3,41,795
2014,4,3,42,1208
2014,4,3,43,1771
2014,4,3,44,1048
2014,4,3,45,2788
2014,4,3,46,2067
2014,4,3,47,784
2014,4,3,48,1840
2014,4,3,49,1033
2014,4,3,50,2277
2014,4,4,1,708
2014,4,4,2,1829
2014,4,4,3,1167
2014,4,4,4,677
2014,4,4,5,541
2014,4,4,6,1898
2014,4,4,7,1876
2014,4,4,8,2420
2014,4,4,9,1597
2014,4,4,10,2376
2014,4,4,11,2253
2014,4,4,12,2212
2014,4,4,13,2678
2014,4,4,14,1857
2014,4,4,15,2715
2014,4,4,16,867
2014,4,4,17,1045
2014,4,4,18,2626
2014,4,4,19,1319
2014,4,4,20,1526
2014,4,4,21,1248
2014,4,4,22,2597
2014,4,4,23,906
2014,4,4,24,2007
2014,4,4,25,2644
2014,4,4,26,1499
2014,4,4,27,679
2014,4,4,28,2707
2014,4,4,29,2220
2014,4,4,30,1276
2014,4,4,31,1858
2014,4,4,32,1355
2014,4,4,33,2196
2014,4,4,34,863
2014,4,4,35,2033
2014,4,4,36,2431
2014,4,4,37,928
2014,4,4,38,2593
2014,4,4,39,1406
2014,4,4,40,952
2014,4,4,41,741
2014,4,4,42,1097
2014,4,4,43,1662
2014,4,4,44,927
2014,4,4,45,2667
2014,4,4,46,1832
2014,4,4,47,680
2014,4,4,48,1584
2014,4,4,49,923
2014,4,4,50,2070
2014,4,5,1,519
2014,4,5,2,1377
2014,4,5,3,788
2014,4,5,4,527
2014,4,5,5,438
2014,4,5,6,1352
2014,4,5,7,1419
2014,4,5,8,1845
2014,4,5,9,1174
2014,4,5,10,1630
2014,4,5,11,1641
2014,4,5,12,1656
2014,4,5,13,1939
2014,4,5,14,1361
2014,4,5,15,2134
2014,4,5,16,605
2014,4,5,17,749
2014,4,5,18,1896
2014,4,5,19,956
2014,4,5,20,1125
2014,4,5,21,888
2014,4,5,22,1804
2014,4,5,23,672
2014,4,5,24,1559
2014,4,5,25,1843
2014,4,5,26,1126
2014,4,5,27,512
2014,4,5,28,2037
2014,4,5,29,1589
2014,4,5,30,921
2014,4,5,31,1373
2014,4,5,32,992
2014,4,5,33,1593
2014,4,5,34,613
2014,4,5,35,1448
2014,4,5,36,1772
2014,4,5,37,653
2014,4,5,38,1820
2014,4,5,39,1014
2014,4,5,40,650
2014,4,5,41,505
2014,4,5,42,874
2014,4,5,43,1189
2014,4,5,44,661
2014,4,5,45,1782
2014,4,5,46,1421
2014,4,5,47,489
2014,4,5,48,1171
2014,4,5,49,674
2014,4,5,50,1583
2014,4,6,1,499
2014,4,6,2,1354
2014,4,6,3,822
2014,4,6,4,540
2014,4,6,5,457
2014,4,6,6,1298
2014,4,6,7,1350
2014,4,6,8,1731
2014,4,6,9,1151
2014,4,6,10,1659
2014,4,6,11,1627
2014,4,6,12,1605
2014,4,6,13,1923
2014,4,6,14,1355
2014,4,6,15,2095
2014,4,6,16,603
2014,4,6,17,768
2014,4,6,18,1914
2014,4,6,19,936
2014,4,6,20,1020
2014,4,6,21,965
2014,4,6,22,1865
2014,4,6,23,681
2014,4,6,24,1477
2014,4,6,25,1902
2014,4,6,26,1058
2014,4,6,27,482
2014,4,6,28,1877
2014,4,6,29,1642
2014,4,6,30,867
2014,4,6,31,1313
2014,4,6,32,1041
2014,4,6,33,1616
2014,4,6,34,588
2014,4,6,35,1558
2014,4,6,36,1740
2014,4,6,37,655
2014,4,6,38,1884
2014,4,6,39,1036
2014,4,6,40,683
2014,4,6,41,487
2014,4,6,42,893
2014,4,6,43,1140
2014,4,6,44,717
2014,4,6,45,1876
2014,4,6,46,1343
2014,4,6,47,494
2014,4,6,48,1141
2014,4,6,49,697
2014,4,6,50,1517
2014,4,7,1,497
2014,4,7,2,1250
2014,4,7,3,747
2014,4,7,4,455
2014,4,7,5,371
2014,4,7,6,1205
2014,4,7,7,1194
2014,4,7,8,1683
2014,4,7,9,1084
2014,4,7,10,1550
2014,4,7,11,1508
2014,4,7,12,1438
2014,4,7,13,1788
2014,4,7,14,1239
2014,4,7,15,1904
2014,4,7,16,575
2014,4,7,17,675
2014,4,7,18,1707
2014,4,7,19,893
2014,4,7,20,1021
2014,4,7,21,866
2014,4,7,22,1678
2014,4,7,23,668
2014,4,7,24,1383
2014,4,7,25,1695
2014,4,7,26,955
2014,4,7,27,459
2014,4,7,28,1871
2014,4,7,29,1521
2014,4,7,30,889
2014,4,7,31,1267
2014,4,7,32,922
2014,4,7,33,1479
2014,4,7,34,535
2014,4,7,35,1362
2014,4,7,36,1620
2014,4,7,37,649
2014,4,7,38,1636
2014,4,7,39,936
2014,4,7,40,609
2014,4,7,41,464
2014,4,7,42,793
2014,4,7,43,1050
2014,4,7,44,599
2014,4,7,45,1659
2014,4,7,46,1172
2014,4,7,47,425
2014,4,7,48,1139
2014,4,7,49,573
2014,4,7,50,1368
2014,4,8,1,832
2014,4,8,2,2119
2014,4,8,3,1346
2014,4,8,4,827
2014,4,8,5,699
2014,4,8,6,2200
2014,4,8,7,2160
2014,4,8,8,2857
2014,4,8,9,1872
2014,4,8,10,2699
2014,4,8,11,2589
2014,4,8,12,2449
2014,4,8,13,3224
2014,4,8,14,2218
2014,4,8,15,3294
2014,4,8,16,947
2014,4,8,17,1248
2014,4,8,18,3134
2014,4,8,19,1474
2014,4,8,20,1689
2014,4,8,21,1524
2014,4,8,22,2931
2014,4,8,23,1035
2014,4,8,24,2419
2014,4,8,25,2924
2014,4,8,26,1716
2014,4,8,27,787
2014,4,8,28,3185
2014,4,8,29,2571
2014,4,8,30,1479
2014,4,8,31,2269
2014,4,8,32,1656
2014,4,8,33,2572
2014,4,8,34,993
2014,4,8,35,2469
2014,4,8,36,2843
2014,4,8,37,1126
2014,4,8,38,2908
2014,4,8,39,1655
2014,4,8,40,1134
2014,4,8,41,803
2014,4,8,42,1425
2014,4,8,43,1863
2014,4,8,44,1079
2014,4,8,45,2892
2014,4,8,46,2162
2014,4,8,47,783
2014,4,8,48,1821
2014,4,8,49,1078
2014,4,8,50,2431
2014,4,9,1,674
2014,4,9,2,1810
2014,4,9,3,1138
2014,4,9,4,707
2014,4,9,5,584
2014,4,9,6,1876
2014,4,9,7,1874
2014,4,9,8,2470
2014,4,9,9,1610
2014,4,9,10,2297
2014,4,9,11,2236
2014,4,9,12,2279
2014,4,9,13,2690
2014,4,9,14,1850
2014,4,9,15,2769
2014,4,9,16,771
2014,4,9,17,1072
2014,4,9,18,2680
2014,4,9,19,1261
2014,4,9,20,1523
2014,4,9,21,1259
2014,4,9,22,2565
2014,4,9,23,831
2014,4,9,24,2001
2014,4,9,25,2526
2014,4,9,26,1505
2014,4,9,27,660
2014,4,9,28,2828
2014,4,9,29,2165
2014,4,9,30,1251
2014,4,9,31,1877
2014,4,9,32,1392
2014,4,9,33,2256
2014,4,9,34,801
2014,4,9,35,2102
2014,4,9,36,2503
2014,4,9,37,952
2014,4,9,38,2621
2014,4,9,39,1314
2014,4,9,40,902
2014,4,9,41,691
2014,4,9,42,1162
2014,4,9,43,1592
2014,4,9,44,1012
2014,4,9,45,2495
2014,4,9,46,1882
2014,4,9,47,715
2014,4,9,48,1590
2014,4,9,49,939
2014,4,9,50,2144
2014,4,10,1,748
2014,4,10,2,1996
2014,4,10,3,1247
2014,4,10,4,735
2014,4,10,5,611
2014,4,10,6,1991
2014,4,10,7,1971
2014,4,10,8,2615
2014,4,10,9,1713
2014,4,10,10,2461
2014,4,10,11,2374
2014,4,10,12,2433
2014,4,10,13,2847
2014,4,10,14,1981
2014,4,10,15,3004
2014,4,10,16,849
2014,4,10,17,1151
2014,4,10,18,2877
2014,4,10,19,1404
2014,4,10,20,1614
2014,4,10,21,1303
2014,4,10,22,2725
2014,4,10,23,991
2014,4,10,24,2242
2014,4,10,25,2787
2014,4,10,26,1608
2014,4,10,27,765
2014,4,10,28,3017
2014,4,10,29,2431
2014,4,10,30,1348
2014,4,10,31,2093
2014,4,10,32,1492
2014,4,10,33,2357
2014,4,10,34,888
2014,4,10,35,2229
2014,4,10,36,2652
2014,4,10,37,915
2014,4,10,38,2693
2014,4,10,39,1473
2014,4,10,40,1022
2014,4,10,41,722
2014,4,10,42,1292
2014,4,10,43,1701
2014,4,10,44,987
2014,4,10,45,2685
2014,4,10,46,1975
2014,4,10,47,728
2014,4,10,48,1711
2014,4,10,49,1056
2014,4,10,50,2261
2014,5,1,1,651
2014,5,1,2,1870
2014,5,1,3,1168
2014,5,1,4,645
2014,5,1,5,598
2014,5,1,6,1763
2014,5,1,7,1793
2014,5,1,8,2264
2014,5,1,9,1610
2014,5,1,10,2230
2014,5,1,11,2130
2014,5,1,12,2106
2014,5,1,13,2634
2014,5,1,14,1737
2014,5,1,15,2743
2014,5,1,16,833
2014,5,1,17,1039
2014,5,1,18,2654
2014,5,1,19,1285
2014,5,1,20,1421
2014,5,1,21,1248
2014,5,1,22,2439
2014,5,1,23,866
2014,5,1,24,1987
2014,5,1,25,2457
2014,5,1,26,1501
2014,5,1,27,691
2014,5,1,28,2679
2014,5,1,29,2112
2014,5,1,30,1231
2014,5,1,31,1769
2014,5,1,32,1393
2014,5,1,33,2094
2014,5,1,34,814
2014,5,1,35,1992
2014,5,1,36,2395
2014,5,1,37,864
2014,5,1,38,2483
2014,5,1,39,1337
2014,5,1,40,904
2014,5,1,41,716
2014,5,1,42,1118
2014,5,1,43,1542
2014,5,1,44,960
2014,5,1,45,2417
2014,5,1,46,1850
2014,5,1,47,653
2014,5,1,48,1545
2014,5,1,49,899
2014,5,1,50,1978
2014,5,2,1,934
2014,5,2,2,2558
2014,5,2,3,1518
2014,5,2,4,954
2014,5,2,5,877
2014,5,2,6,2386
2014,5,2,7,2565
2014,5,2,8,3354
2014,5,2,9,2203
2014,5,2,10,3244
2014,5,2,11,2980
2014,5,2,12,3029
2014,5,2,13,3614
2014,5,2,14,2565
2014,5,2,15,3878
2014,5,2,16,1136
2014,5,2,17,1461
2014,5,2,18,3695
2014,5,2,19,1807
2014,5,2,20,2103
2014,5,2,21,1710
2014,5,2,22,3497
2014,5,2,23,1239
2014,5,2,24,2878
2014,5,2,25,3495
2014,5,2,26,2063
2014,5,2,27,975
2014,5,2,28,3772
2014,5,2,29,3093
2014,5,2,30,1749
2014,5,2,31,2583
2014,5,2,32,1939
2014,5,2,33,3123
2014,5,2,34,1146
2014,5,2,35,2830
2014,5,2,36,3352
2014,5,2,37,1296
2014,5,2,38,3447
2014,5,2,39,1929
2014,5,2,40,1285
2014,5,2,41,923
2014,5,2,42,1542
2014,5,2,43,2240
2014,5,2,44,1202
2014,5,2,45,3301
2014,5,2,46,2552
2014,5,2,47,969
2014,5,2,48,2171
2014,5,2,49,1300
2014,5,2,50,2807
2014,5,3,1,875
2014,5,3,2,2184
2014,5,3,3,1443
2014,5,3,4,827
2014,5,3,5,707
2014,5,3,6,2298
2014,5,3,7,2166
2014,5,3,8,2967
2014,5,3,9,2037
2014,5,3,10,2801
2014,5,3,11,2617
2014,5,3,12,2597
2014,5,3,13,3226
2014,5,3,14,2263
2014,5,3,15,3320
2014,5,3,16,1029
2014,5,3,17,1270
2014,5,3,18,3254
2014,5,3,19,1543
2014,5,3,20,1805
2014,5,3,21,1484
2014,5,3,22,3184
2014,5,3,23,1109
2014,5,3,24,2517
2014,5,3,25,3060
2014,5,3,26,1815
2014,5,3,27,868
2014,5,3,28,3350
2014,5,3,29,2637
2014,5,3,30,1567
2014,5,3,31,2239
2014,5,3,32,1761
2014,5,3,33,2609
2014,5,3,34,956
2014,5,3,35,2563
2014,5,3,36,3038
2014,5,3,37,1089
2014,5,3,38,3116
2014,5,3,39,1690
2014,5,3,40,1161
2014,5,3,41,840
2014,5,3,42,1449
2014,5,3,43,1950
2014,5,3,44,1136
2014,5,3,45,3154
2014,5,3,46,2186
2014,5,3,47,868
2014,5,3,48,2023
2014,5,3,49,1111
2014,5,3,50,2573
2014,5,4,1,772
2014,5,4,2,2099
2014,5,4,3,1316
2014,5,4,4,767
2014,5,4,5,666
2014,5,4,6,2127
2014,5,4,7,2067
2014,5,4,8,2766
2014,5,4,9,1795
2014,5,4,10,2588
2014,5,4,11,2505
2014,5,4,12,2487
2014,5,4,13,3034
2014,5,4,14,2126
2014,5,4,15,3151
2014,5,4,16,901
2014,5,4,17,1186
2014,5,4,18,3010
2014,5,4,19,1447
2014,5,4,20,1711
2014,5,4,21,1430
2014,5,4,22,2928
2014,5,4,23,1040
2014,5,4,24,2233
2014,5,4,25,2872
2014,5,4,26,1679
2014,5,4,27,746
2014,5,4,28,3202
2014,5,4,29,2427
2014,5,4,30,1453
2014,5,4,31,2086
2014,5,4,32,1587
2014,5,4,33,2525
2014,5,4,34,920
2014,5,4,35,2280
2014,5,4,36,2743
2014,5,4,37,1032
2014,5,4,38,2847
2014,5,4,39,1578
2014,5,4,40,1022
2014,5,4,41,732
2014,5,4,42,1295
2014,5,4,43,1810
2014,5,4,44,1039
2014,5,4,45,2776
2014,5,4,46,2007
2014,5,4,47,777
2014,5,4,48,1867
2014,5,4,49,1066
2014,5,4,50,2252
2014,5,5,1,559
2014,5,5,2,1518
2014,5,5,3,893
2014,5,5,4,548
2014,5,5,5,459
2014,5,5,6,1547
2014,5,5,7,1497
2014,5,5,8,2038
2014,5,5,9,1290
2014,5,5,10,1837
2014,5,5,11,1751
2014,5,5,12,1845
2014,5,5,13,2087
2014,5,5,14,1606
2014,5,5,15,2327
2014,5,5,16,671
2014,5,5,17,871
2014,5,5,18,2154
2014,5,5,19,1076
2014,5,5,20,1244
2014,5,5,21,1088
2014,5,5,22,2111
2014,5,5,23,743
2014,5,5,24,1630
2014,5,5,25,2132
2014,5,5,26,1261
2014,5,5,27,534
2014,5,5,28,2253
2014,5,5,29,1745
2014,5,5,30,1118
2014,5,5,31,1487
2014,5,5,32,1133
2014,5,5,33,1777
2014,5,5,34,626
2014,5,5,35,1689
2014,5,5,36,1956
2014,5,5,37,728
2014,5,5,38,2071
2014,5,5,39,1079
2014,5,5,40,757
2014,5,5,41,519
2014,5,5,42,962
2014,5,5,43,1374
2014,5,5,44,733
2014,5,5,45,2021
2014,5,5,46,1488
2014,5,5,47,570
2014,5,5,48,1329
2014,5,5,49,788
2014,5,5,50,1737
2014,5,6,1,599
2014,5,6,2,1449
2014,5,6,3,911
2014,5,6,4,585
2014,5,6,5,492
2014,5,6,6,1554
2014,5,6,7,1521
2014,5,6,8,2040
2014,5,6,9,1307
2014,5,6,10,1918
2014,5,6,11,1804
2014,5,6,12,1837
2014,5,6,13,2245
2014,5,6,14,1488
2014,5,6,15,2284
2014,5,6,16,669
2014,5,6,17,801
2014,5,6,18,2132
2014,5,6,19,1041
2014,5,6,20,1236
2014,5,6,21,1003
2014,5,6,22,2040
2014,5,6,23,785
2014,5,6,24,1707
2014,5,6,25,2023
2014,5,6,26,1241
2014,5,6,27,569
2014,5,6,28,2210
2014,5,6,29,1835
2014,5,6,30,1023
2014,5,6,31,1467
2014,5,6,32,1172
2014,5,6,33,1803
2014,5,6,34,698
2014,5,6,35,1692
2014,5,6,36,2022
2014,5,6,37,763
2014,5,6,38,2094
2014,5,6,39,1145
2014,5,6,40,700
2014,5,6,41,573
2014,5,6,42,942
2014,5,6,43,1316
2014,5,6,44,773
2014,5,6,45,2152
2014,5,6,46,1455
2014,5,6,47,536
2014,5,6,48,1369
2014,5,6,49,755
2014,5,6,50,1688
2014,5,7,1,470
2014,5,7,2,1394
2014,5,7,3,849
2014,5,7,4,502
2014,5,7,5,429
2014,5,7,6,1422
2014,5,7,7,1355
2014,5,7,8,1812
2014,5,7,9,1172
2014,5,7,10,1810
2014,5,7,11,1565
2014,5,7,12,1634
2014,5,7,13,1878
2014,5,7,14,1357
2014,5,7,15,2041
2014,5,7,16,596
2014,5,7,17,821
2014,5,7,18,2046
2014,5,7,19,968
2014,5,7,20,1132
2014,5,7,21,975
2014,5,7,22,1935
2014,5,7,23,693
2014,5,7,24,1522
2014,5,7,25,1907
2014,5,7,26,1113
2014,5,7,27,524
2014,5,7,28,2085
2014,5,7,29,1653
2014,5,7,30,890
2014,5,7,31,1402
2014,5,7,32,1053
2014,5,7,33,1664
2014,5,7,34,574
2014,5,7,35,1596
2014,5,7,36,1856
2014,5,7,37,695
2014,5,7,38,1883
2014,5,7,39,1061
2014,5,7,40,640
2014,5,7,41,566
2014,5,7,42,889
2014,5,7,43,1129
2014,5,7,44,705
2014,5,7,45,1842
2014,5,7,46,1347
2014,5,7,47,516
2014,5,7,48,1256
2014,5,7,49,717
2014,5,7,50,1633
2014,5,8,1,884
2014,5,8,2,2400
2014,5,8,3,1538
2014,5,8,4,916
2014,5,8,5,782
2014,5,8,6,2489
2014,5,8,7,2352
2014,5,8,8,3174
2014,5,8,9,2073
2014,5,8,10,2962
2014,5,8,11,2882
2014,5,8,12,2940
2014,5,8,13,3452
2014,5,8,14,2436
2014,5,8,15,3611
2014,5,8,16,1064
2014,5,8,17,1386
2014,5,8,18,3522
2014,5,8,19,1623
2014,5,8,20,1979
2014,5,8,21,1622
2014,5,8,22,3383
2014,5,8,23,1216
2014,5,8,24,2735
2014,5,8,25,3343
2014,5,8,26,2059
2014,5,8,27,942
2014,5,8,28,3534
2014,5,8,29,2969
2014,5,8,30,1661
2014,5,8,31,2421
2014,5,8,32,1867
2014,5,8,33,2884
2014,5,8,34,1071
2014,5,8,35,2753
2014,5,8,36,3225
2014,5,8,37,1234
2014,5,8,38,3303
2014,5,8,39,1866
2014,5,8,40,1204
2014,5,8,41,884
2014,5,8,42,1503
2014,5,8,43,2137
2014,5,8,44,1273
2014,5,8,45,3342
2014,5,8,46,2478
2014,5,8,47,913
2014,5,8,48,2016
2014,5,8,49,1227
2014,5,8,50,2794
2014,5,9,1,803
2014,5,9,2,2036
2014,5,9,3,1344
2014,5,9,4,788
2014,5,9,5,671
2014,5,9,6,2018
2014,5,9,7,2144
2014,5,9,8,2805
2014,5,9,9,1810
2014,5,9,10,2581
2014,5,9,11,2464
2014,5,9,12,2435
2014,5,9,13,3057
2014,5,9,14,2183
2014,5,9,15,3132
2014,5,9,16,940
2014,5,9,17,1194
2014,5,9,18,3071
2014,5,9,19,1357
2014,5,9,20,1639
2014,5,9,21,1414
2014,5,9,22,2842
2014,5,9,23,1040
2014,5,9,24,2396
2014,5,9,25,2779
2014,5,9,26,1652
2014,5,9,27,792
2014,5,9,28,3098
2014,5,9,29,2452
2014,5,9,30,1416
2014,5,9,31,2043
2014,5,9,32,1546
2014,5,9,33,2574
2014,5,9,34,890
2014,5,9,35,2438
2014,5,9,36,2786
2014,5,9,37,1012
2014,5,9,38,2848
2014,5,9,39,1539
2014,5,9,40,1023
2014,5,9,41,791
2014,5,9,42,1309
2014,5,9,43,1811
2014,5,9,44,1062
2014,5,9,45,2934
2014,5,9,46,2123
2014,5,9,47,782
2014,5,9,48,1768
2014,5,9,49,1048
2014,5,9,50,2352
2014,5,10,1,823
2014,5,10,2,2232
2014,5,10,3,1360
2014,5,10,4,825
2014,5,10,5,691
2014,5,10,6,2176
2014,5,10,7,2142
2014,5,10,8,2867
2014,5,10,9,1982
2014,5,10,10,2751
2014,5,10,11,2704
2014,5,10,12,2631
2014,5,10,13,3131
2014,5,10,14,2250
2014,5,10,15,3311
2014,5,10,16,960
2014,5,10,17,1249
2014,5,10,18,3306
2014,5,10,19,1584
2014,5,10,20,1813
2014,5,10,21,1547
2014,5,10,22,3004
2014,5,10,23,1060
2014,5,10,24,2542
2014,5,10,25,3002
2014,5,10,26,1763
2014,5,10,27,820
2014,5,10,28,3349
2014,5,10,29,2743
2014,5,10,30,1496
2014,5,10,31,2206
2014,5,10,32,1620
2014,5,10,33,2643
2014,5,10,34,941
2014,5,10,35,2508
2014,5,10,36,2970
2014,5,10,37,1073
2014,5,10,38,3006
2014,5,10,39,1678
2014,5,10,40,1092
2014,5,10,41,859
2014,5,10,42,1373
2014,5,10,43,1955
2014,5,10,44,1120
2014,5,10,45,3078
2014,5,10,46,2126
2014,5,10,47,858
2014,5,10,48,2001
2014,5,10,49,1056
2014,5,10,50,2468
2014,6,1,1,710
2014,6,1,2,1849
2014,6,1,3,1129
2014,6,1,4,693
2014,6,1,5,565
2014,6,1,6,1811
2014,6,1,7,1819
2014,6,1,8,2460
2014,6,1,9,1604
2014,6,1,10,2223
2014,6,1,11,2178
2014,6,1,12,2206
2014,6,1,13,2717
2014,6,1,14,1850
2014,6,1,15,2802
2014,6,1,16,786
2014,6,1,17,1089
2014,6,1,18,2695
2014,6,1,19,1278
2014,6,1,20,1452
2014,6,1,21,1194
2014,6,1,22,2519
2014,6,1,23,897
2014,6,1,24,2130
2014,6,1,25,2579
2014,6,1,26,1434
2014,6,1,27,739
2014,6,1,28,2796
2014,6,1,29,2151
2014,6,1,30,1244
2014,6,1,31,1786
2014,6,1,32,1408
2014,6,1,33,2280
2014,6,1,34,809
2014,6,1,35,2038
2014,6,1,36,2463
2014,6,1,37,929
2014,6,1,38,2586
2014,6,1,39,1373
2014,6,1,40,902
2014,6,1,41,699
2014,6,1,42,1162
2014,6,1,43,1674
2014,6,1,44,959
2014,6,1,45,2591
2014,6,1,46,1787
2014,6,1,47,662
2014,6,1,48,1573
2014,6,1,49,881
2014,6,1,50,2035
2014,6,2,1,955
2014,6,2,2,2563
2014,6,2,3,1703
2014,6,2,4,1022
2014,6,2,5,781
2014,6,2,6,2614
2014,6,2,7,2566
2014,6,2,8,3465
2014,6,2,9,2275
2014,6,2,10,3289
2014,6,2,11,3198
2014,6,2,12,3170
2014,6,2,13,3788
2014,6,2,14,2592
2014,6,2,15,3975
2014,6,2,16,1155
2014,6,2,17,1461
2014,6,2,18,3621
2014,6,2,19,1752
2014,6,2,20,2132
2014,6,2,21,1783
2014,6,2,22,3568
2014,6,2,23,1277
2014,6,2,24,2904
2014,6,2,25,3591
2014,6,2,26,2049
2014,6,2,27,991
2014,6,2,28,3931
2014,6,2,29,3083
2014,6,2,30,1805
2014,6,2,31,2627
2014,6,2,32,2003
2014,6,2,33,3064
2014,6,2,34,1108
2014,6,2,35,2895
2014,6,2,36,3538
2014,6,2,37,1314
2014,6,2,38,3559
2014,6,2,39,1957
2014,6,2,40,1277
2014,6,2,41,975
2014,6,2,42,1589
2014,6,2,43,2360
2014,6,2,44,1292
2014,6,2,45,3598
2014,6,2,46,2684
2014,6,2,47,1017
2014,6,2,48,2328
2014,6,2,49,1277
2014,6,2,50,2969
2014,6,3,1,850
2014,6,3,2,2337
2014,6,3,3,1470
2014,6,3,4,866
2014,6,3,5,709
2014,6,3,6,2303
2014,6,3,7,2341
2014,6,3,8,3021
2014,6,3,9,2027
2014,6,3,10,2812
2014,6,3,11,2716
2014,6,3,12,2833
2014,6,3,13,3326
2014,6,3,14,2336
2014,6,3,15,3477
2014,6,3,16,1004
2014,6,3,17,1365
2014,6,3,18,3417
2014,6,3,19,1667
2014,6,3,20,1896
2014,6,3,21,1584
2014,6,3,22,3184
2014,6,3,23,1073
2014,6,3,24,2553
2014,6,3,25,3074
2014,6,3,26,1839
2014,6,3,27,907
2014,6,3,28,3455
2014,6,3,29,2792
2014,6,3,30,1563
2014,6,3,31,2390
2014,6,3,32,1742
2014,6,3,33,2698
2014,6,3,34,971
2014,6,3,35,2506
2014,6,3,36,3119
2014,6,3,37,1171
2014,6,3,38,3185
2014,6,3,39,1745
2014,6,3,40,1134
2014,6,3,41,926
2014,6,3,42,1486
2014,6,3,43,1925
2014,6,3,44,1235
2014,6,3,45,3243
2014,6,3,46,2333
2014,6,3,47,861
2014,6,3,48,2059
2014,6,3,49,1204
2014,6,3,50,2610
2014,6,4,1,852
2014,6,4,2,2164
2014,6,4,3,1400
2014,6,4,4,821
2014,6,4,5,735
2014,6,4,6,2050
2014,6,4,7,2246
2014,6,4,8,2875
2014,6,4,9,1917
2014,6,4,10,2675
2014,6,4,11,2486
2014,6,4,12,2517
2014,6,4,13,3038
2014,6,4,14,2126
2014,6,4,15,3064
2014,6,4,16,965
2014,6,4,17,1221
2014,6,4,18,3038
2014,6,4,19,1530
2014,6,4,20,1718
2014,6,4,21,1475
2014,6,4,22,2992
2014,6,4,23,1082
2014,6,4,24,2418
2014,6,4,25,2847
2014,6,4,26,1772
2014,6,4,27,804
2014,6,4,28,3175
2014,6,4,29,2489
2014,6,4,30,1454
2014,6,4,31,2109
2014,6,4,32,1618
2014,6,4,33,2513
2014,6,4,34,880
2014,6,4,35,2397
2014,6,4,36,2805
2014,6,4,37,1078
2014,6,4,38,2958
2014,6,4,39,1643
2014,6,4,40,1037
2014,6,4,41,760
2014,6,4,42,1288
2014,6,4,43,1868
2014,6,4,44,1056
2014,6,4,45,2842
2014,6,4,46,2152
2014,6,4,47,857
2014,6,4,48,1876
2014,6,4,49,1052
2014,6,4,50,2319
2014,6,5,1,615
2014,6,5,2,1527
2014,6,5,3,1009
2014,6,5,4,552
2014,6,5,5,479
2014,6,5,6,1578
2014,6,5,7,1538
2014,6,5,8,1945
2014,6,5,9,1315
2014,6,5,10,1865
2014,6,5,11,1819
2014,6,5,12,1782
2014,6,5,13,2185
2014,6,5,14,1556
2014,6,5,15,2291
2014,6,5,16,652
2014,6,5,17,857
2014,6,5,18,2257
2014,6,5,19,1076
2014,6,5,20,1260
2014,6,5,21,1118
2014,6,5,22,2157
2014,6,5,23,780
2014,6,5,24,1778
2014,6,5,25,2184
2014,6,5,26,1300
2014,6,5,27,584
2014,6,5,28,2282
2014,6,5,29,1869
2014,6,5,30,1065
2014,6,5,31,1565
2014,6,5,32,1161
2014,6,5,33,1846
2014,6,5,34,662
2014,6,5,35,1836
2014,6,5,36,2047
2014,6,5,37,785
2014,6,5,38,2155
2014,6,5,39,1139
2014,6,5,40,779
2014,6,5,41,639
2014,6,5,42,974
2014,6,5,43,1377
2014,6,5,44,804
2014,6,5,45,2175
2014,6,5,46,1577
2014,6,5,47,577
2014,6,5,48,1375
2014,6,5,49,770
2014,6,5,50,1714
2014,6,6,1,585
2014,6,6,2,1542
2014,6,6,3,966
2014,6,6,4,575
2014,6,6,5,485
2014,6,6,6,1538
2014,6,6,7,1550
2014,6,6,8,2128
2014,6,6,9,1359
2014,6,6,10,1835
2014,6,6,11,1829
2014,6,6,12,1838
2014,6,6,13,2241
2014,6,6,14,1594
2014,6,6,15,2272
2014,6,6,16,702
2014,6,6,17,861
2014,6,6,18,2155
2014,6,6,19,1030
2014,6,6,20,1228
2014,6,6,21,1067
2014,6,6,22,2166
2014,6,6,23,785
2014,6,6,24,1717
2014,6,6,25,2048
2014,6,6,26,1285
2014,6,6,27,573
2014,6,6,28,2302
2014,6,6,29,1828
2014,6,6,30,1131
2014,6,6,31,1540
2014,6,6,32,1159
2014,6,6,33,1889
2014,6,6,34,698
2014,6,6,35,1747
2014,6,6,36,1994
2014,6,6,37,732
2014,6,6,38,2130
2014,6,6,39,1153
2014,6,6,40,775
2014,6,6,41,612
2014,6,6,42,987
2014,6,6,43,1363
2014,6,6,44,794
2014,6,6,45,2101
2014,6,6,46,1620
2014,6,6,47,575
2014,6,6,48,1323
2014,6,6,49,774
2014,6,6,50,1693
2014,6,7,1,560
2014,6,7,2,1399
2014,6,7,3,899
2014,6,7,4,544
2014,6,7,5,430
2014,6,7,6,1418
2014,6,7,7,1426
2014,6,7,8,1859
2014,6,7,9,1229
2014,6,7,10,1737
2014,6,7,11,1705
2014,6,7,12,1692
2014,6,7,13,1953
2014,6,7,14,1451
2014,6,7,15,2083
2014,6,7,16,601
2014,6,7,17,806
2014,6,7,18,2069
2014,6,7,19,1013
2014,6,7,20,1129
2014,6,7,21,988
2014,6,7,22,1972
2014,6,7,23,722
2014,6,7,24,1550
2014,6,7,25,1967
2014,6,7,26,1142
2014,6,7,27,545
2014,6,7,28,2072
2014,6,7,29,1669
2014,6,7,30,936
2014,6,7,31,1425
2014,6,7,32,1082
2014,6,7,33,1661
2014,6,7,34,620
2014,6,7,35,1671
2014,6,7,36,1905
2014,6,7,37,765
2014,6,7,38,1892
2014,6,7,39,1003
2014,6,7,40,687
2014,6,7,41,555
2014,6,7,42,896
2014,6,7,43,1184
2014,6,7,44,704
2014,6,7,45,1986
2014,6,7,46,1430
2014,6,7,47,510
2014,6,7,48,1266
2014,6,7,49,781
2014,6,7,50,1660
2014,6,8,1,954
2014,6,8,2,2387
2014,6,8,3,1607
2014,6,8,4,926
2014,6,8,5,784
2014,6,8,6,2461
2014,6,8,7,2466
2014,6,8,8,3342
2014,6,8,9,2162
2014,6,8,10,3169
2014,6,8,11,2953
2014,6,8,12,3045
2014,6,8,13,3566
2014,6,8,14,2441
2014,6,8,15,3705
2014,6,8,16,1076
2014,6,8,17,1363
2014,6,8,18,3491
2014,6,8,19,1701
2014,6,8,20,1947
2014,6,8,21,1782
2014,6,8,22,3423
2014,6,8,23,1320
2014,6,8,24,2857
2014,6,8,25,3511
2014,6,8,26,2002
2014,6,8,27,976
2014,6,8,28,3780
2014,6,8,29,2958
2014,6,8,30,1643
2014,6,8,31,2507
2014,6,8,32,1823
2014,6,8,33,2996
2014,6,8,34,1054
2014,6,8,35,2772
2014,6,8,36,3251
2014,6,8,37,1254
2014,6,8,38,3442
2014,6,8,39,1887
2014,6,8,40,1213
2014,6,8,41,934
2014,6,8,42,1615
2014,6,8,43,2173
2014,6,8,44,1254
2014,6,8,45,3445
2014,6,8,46,2501
2014,6,8,47,910
2014,6,8,48,2157
2014,6,8,49,1230
2014,6,8,50,2759
2014,6,9,1,860
2014,6,9,2,2205
2014,6,9,3,1365
2014,6,9,4,789
2014,6,9,5,642
2014,6,9,6,2157
2014,6,9,7,2108
2014,6,9,8,2780
2014,6,9,9,1891
2014,6,9,10,2671
2014,6,9,11,2523
2014,6,9,12,2641
2014,6,9,13,3119
2014,6,9,14,2055
2014,6,9,15,3274
2014,6,9,16,947
2014,6,9,17,1275
2014,6,9,18,3074
2014,6,9,19,1454
2014,6,9,20,1755
2014,6,9,21,1427
2014,6,9,22,2879
2014,6,9,23,1080
2014,6,9,24,2352
2014,6,9,25,2973
2014,6,9,26,1736
2014,6,9,27,831
2014,6,9,28,3230
2014,6,9,29,2571
2014,6,9,30,1444
2014,6,9,31,2163
2014,6,9,32,1578
2014,6,9,33,2552
2014,6,9,34,974
2014,6,9,35,2389
2014,6,9,36,2819
2014,6,9,37,1124
2014,6,9,38,2896
2014,6,9,39,1623
2014,6,9,40,1041
2014,6,9,41,819
2014,6,9,42,1355
2014,6,9,43,1872
2014,6,9,44,1035
2014,6,9,45,2951
2014,6,9,46,2162
2014,6,9,47,762
2014,6,9,48,1898
2014,6,9,49,1111
2014,6,9,50,2472
2014,6,10,1,947
2014,6,10,2,2269
2014,6,10,3,1400
2014,6,10,4,889
2014,6,10,5,672
2014,6,10,6,2248
2014,6,10,7,2224
2014,6,10,8,3026
2014,6,10,9,2061
2014,6,10,10,2691
2014,6,10,11,2854
2014,6,10,12,2679
2014,6,10,13,3393
2014,6,10,14,2239
2014,6,10,15,3474
2014,6,10,16,964
2014,6,10,17,1266
2014,6,10,18,3272
2014,6,10,19,1537
2014,6,10,20,1808
2014,6,10,21,1577
2014,6,10,22,3217
2014,6,10,23,1153
2014,6,10,24,2588
2014,6,10,25,3079
2014,6,10,26,1943
2014,6,10,27,905
2014,6,10,28,3390
2014,6,10,29,2673
2014,6,10,30,1519
2014,6,10,31,2322
2014,6,10,32,1695
2014,6,10,33,2745
2014,6,10,34,1050
2014,6,10,35,2549
2014,6,10,36,3038
2014,6,10,37,1125
2014,6,10,38,3070
2014,6,10,39,1667
2014,6,10,40,1111
2014,6,10,41,789
2014,6,10,42,1443
2014,6,10,43,1958
2014,6,10,44,1141
2014,6,10,45,3179
2014,6,10,46,2333
2014,6,10,47,877
2014,6,10,48,2005
2014,6,10,49,1137
2014,6,10,50,2537
2014,7,1,1,746
2014,7,1,2,2039
2014,7,1,3,1204
2014,7,1,4,791
2014,7,1,5,634
2014,7,1,6,2041
2014,7,1,7,1976
2014,7,1,8,2578
2014,7,1,9,1758
2014,7,1,10,2503
2014,7,1,11,2361
2014,7,1,12,2310
2014,7,1,13,2829
2014,7,1,14,1970
2014,7,1,15,3047
2014,7,1,16,864
2014,7,1,17,1065
2014,7,1,18,2879
2014,7,1,19,1427
2014,7,1,20,1610
2014,7,1,21,1381
2014,7,1,22,2788
2014,7,1,23,990
2014,7,1,24,2371
2014,7,1,25,2770
2014,7,1,26,1652
2014,7,1,27,779
2014,7,1,28,2994
2014,7,1,29,2476
2014,7,1,30,1360
2014,7,1,31,1958
2014,7,1,32,1497
2014,7,1,33,2349
2014,7,1,34,933
2014,7,1,35,2262
2014,7,1,36,2613
2014,7,1,37,1016
2014,7,1,38,2717
2014,7,1,39,1552
2014,7,1,40,1056
2014,7,1,41,737
2014,7,1,42,1172
2014,7,1,43,1712
2014,7,1,44,992
2014,7,1,45,2826
2014,7,1,46,1961
2014,7,1,47,739
2014,7,1,48,1840
2014,7,1,49,1016
2014,7,1,50,2248
2014,7,2,1,1116
2014,7,2,2,2774
2014,7,2,3,1806
2014,7,2,4,1079
2014,7,2,5,858
2014,7,2,6,2881
2014,7,2,7,2783
2014,7,2,8,3785
2014,7,2,9,2462
2014,7,2,10,3549
2014,7,2,11,3404
2014,7,2,12,3353
2014,7,2,13,4117
2014,7,2,14,2739
2014,7,2,15,4242
2014,7,2,16,1287
2014,7,2,17,1604
2014,7,2,18,4093
2014,7,2,19,1949
2014,7,2,20,2287
2014,7,2,21,2034
2014,7,2,22,3872
2014,7,2,23,1423
2014,7,2,24,3167
2014,7,2,25,3974
2014,7,2,26,2380
2014,7,2,27,1081
2014,7,2,28,4340
2014,7,2,29,3385
2014,7,2,30,1920
2014,7,2,31,2913
2014,7,2,32,2172
2014,7,2,33,3436
2014,7,2,34,1212
2014,7,2,35,3194
2014,7,2,36,3740
2014,7,2,37,1443
2014,7,2,38,3820
2014,7,2,39,2112
2014,7,2,40,1475
2014,7,2,41,1064
2014,7,2,42,1812
2014,7,2,43,2526
2014,7,2,44,1415
2014,7,2,45,3895
2014,7,2,46,2786
2014,7,2,47,1085
2014,7,2,48,2501
2014,7,2,49,1526
2014,7,2,50,3153
2014,7,3,1,942
2014,7,3,2,2571
2014,7,3,3,1541
2014,7,3,4,941
2014,7,3,5,823
2014,7,3,6,2457
2014,7,3,7,2496
2014,7,3,8,3398
2014,7,3,9,2105
2014,7,3,10,3219
2014,7,3,11,2934
2014,7,3,12,2919
2014,7,3,13,3689
2014,7,3,14,2600
2014,7,3,15,3820
2014,7,3,16,1070
2014,7,3,17,1463
2014,7,3,18,3662
2014,7,3,19,1723
2014,7,3,20,1944
2014,7,3,21,1715
2014,7,3,22,3427
2014,7,3,23,1248
2014,7,3,24,2779
2014,7,3,25,3521
2014,7,3,26,2126
2014,7,3,27,960
2014,7,3,28,3814
2014,7,3,29,2918
2014,7,3,30,1712
2014,7,3,31,2438
2014,7,3,32,1848
2014,7,3,33,2976
2014,7,3,34,1134
2014,7,3,35,2851
2014,7,3,36,3278
2014,7,3,37,1300
2014,7,3,38,3455
2014,7,3,39,1864
2014,7,3,40,1214
2014,7,3,41,957
2014,7,3,42,1580
2014,7,3,43,2244
2014,7,3,44,1236
2014,7,3,45,3402
2014,7,3,46,2532
2014,7,3,47,919
2014,7,3,48,2264
2014,7,3,49,1213
2014,7,3,50,2924
2014,7,4,1,815
2014,7,4,2,2317
2014,7,4,3,1411
2014,7,4,4,850
2014,7,4,5,782
2014,7,4,6,2355
2014,7,4,7,2274
2014,7,4,8,3028
2014,7,4,9,2128
2014,7,4,10,2903
2014,7,4,11,2903
2014,7,4,12,2813
2014,7,4,13,3365
2014,7,4,14,2307
2014,7,4,15,3575
2014,7,4,16,932
2014,7,4,17,1361
2014,7,4,18,3371
2014,7,4,19,1607
2014,7,4,20,1842
2014,7,4,21,1671
2014,7,4,22,3237
2014,7,4,23,1167
2014,7,4,24,2677
2014,7,4,25,3195
2014,7,4,26,1896
2014,7,4,27,855
2014,7,4,28,3532
2014,7,4,29,2755
2014,7,4,30,1592
2014,7,4,31,2322
2014,7,4,32,1686
2014,7,4,33,2687
2014,7,4,34,1024
2014,7,4,35,2606
2014,7,4,36,2969
2014,7,4,37,1130
2014,7,4,38,3074
2014,7,4,39,1769
2014,7,4,40,1174
2014,7,4,41,819
2014,7,4,42,1447
2014,7,4,43,2029
2014,7,4,44,1155
2014,7,4,45,3198
2014,7,4,46,2371
2014,7,4,47,931
2014,7,4,48,2045
2014,7,4,49,1196
2014,7,4,50,2586
2014,7,5,1,623
2014,7,5,2,1735
2014,7,5,3,1065
2014,7,5,4,609
2014,7,5,5,573
2014,7,5,6,1700
2014,7,5,7,1640
2014,7,5,8,2206
2014,7,5,9,1478
2014,7,5,10,2085
2014,7,5,11,2002
2014,7,5,12,2014
2014,7,5,13,2472
2014,7,5,14,1717
2014,7,5,15,2539
2014,7,5,16,706
2014,7,5,17,923
2014,7,5,18,2478
2014,7,5,19,1171
2014,7,5,20,1437
2014,7,5,21,1144
2014,7,5,22,2286
2014,7,5,23,835
2014,7,5,24,1844
2014,7,5,25,2282
2014,7,5,26,1316
2014,7,5,27,657
2014,7,5,28,2514
2014,7,5,29,1975
2014,7,5,30,1152
2014,7,5,31,1619
2014,7,5,32,1273
2014,7,5,33,2016
2014,7,5,34,752
2014,7,5,35,1975
2014,7,5,36,2166
2014,7,5,37,805
2014,7,5,38,2348
2014,7,5,39,1188
2014,7,5,40,811
2014,7,5,41,649
2014,7,5,42,1024
2014,7,5,43,1508
2014,7,5,44,781
2014,7,5,45,2292
2014,7,5,46,1768
2014,7,5,47,631
2014,7,5,48,1507
2014,7,5,49,859
2014,7,5,50,1938
2014,7,6,1,624
2014,7,6,2,1640
2014,7,6,3,1078
2014,7,6,4,633
2014,7,6,5,528
2014,7,6,6,1706
2014,7,6,7,1645
2014,7,6,8,2240
2014,7,6,9,1477
2014,7,6,10,2114
2014,7,6,11,2016
2014,7,6,12,2021
2014,7,6,13,2404
2014,7,6,14,1661
2014,7,6,15,2520
2014,7,6,16,785
2014,7,6,17,922
2014,7,6,18,2426
2014,7,6,19,1128
2014,7,6,20,1343
2014,7,6,21,1129
2014,7,6,22,2220
2014,7,6,23,856
2014,7,6,24,1947
2014,7,6,25,2307
2014,7,6,26,1334
2014,7,6,27,626
2014,7,6,28,2491
2014,7,6,29,2040
2014,7,6,30,1191
2014,7,6,31,1702
2014,7,6,32,1290
2014,7,6,33,1977
2014,7,6,34,729
2014,7,6,35,1910
2014,7,6,36,2218
2014,7,6,37,897
2014,7,6,38,2310
2014,7,6,39,1295
2014,7,6,40,845
2014,7,6,41,634
2014,7,6,42,1128
2014,7,6,43,1485
2014,7,6,44,868
2014,7,6,45,2338
2014,7,6,46,1645
2014,7,6,47,569
2014,7,6,48,1509
2014,7,6,49,876
2014,7,6,50,1887
2014,7,7,1,545
2014,7,7,2,1510
2014,7,7,3,983
2014,7,7,4,598
2014,7,7,5,470
2014,7,7,6,1490
2014,7,7,7,1531
2014,7,7,8,2015
2014,7,7,9,1266
2014,7,7,10,1972
2014,7,7,11,1767
2014,7,7,12,1810
2014,7,7,13,2156
2014,7,7,14,1543
2014,7,7,15,2253
2014,7,7,16,627
2014,7,7,17,844
2014,7,7,18,2160
2014,7,7,19,1087
2014,7,7,20,1214
2014,7,7,21,1029
2014,7,7,22,2116
2014,7,7,23,759
2014,7,7,24,1721
2014,7,7,25,2111
2014,7,7,26,1241
2014,7,7,27,602
2014,7,7,28,2363
2014,7,7,29,1862
2014,7,7,30,1107
2014,7,7,31,1563
2014,7,7,32,1188
2014,7,7,33,1793
2014,7,7,34,720
2014,7,7,35,1734
2014,7,7,36,2058
2014,7,7,37,816
2014,7,7,38,2050
2014,7,7,39,1160
2014,7,7,40,797
2014,7,7,41,528
2014,7,7,42,968
2014,7,7,43,1377
2014,7,7,44,832
2014,7,7,45,2112
2014,7,7,46,1550
2014,7,7,47,613
2014,7,7,48,1366
2014,7,7,49,766
2014,7,7,50,1735
2014,7,8,1,1076
2014,7,8,2,2725
2014,7,8,3,1736
2014,7,8,4,1029
2014,7,8,5,820
2014,7,8,6,2759
2014,7,8,7,2748
2014,7,8,8,3628
2014,7,8,9,2348
2014,7,8,10,3384
2014,7,8,11,3201
2014,7,8,12,3259
2014,7,8,13,3981
2014,7,8,14,2732
2014,7,8,15,4097
2014,7,8,16,1193
2014,7,8,17,1532
2014,7,8,18,3901
2014,7,8,19,1896
2014,7,8,20,2202
2014,7,8,21,1930
2014,7,8,22,3638
2014,7,8,23,1357
2014,7,8,24,3137
2014,7,8,25,3770
2014,7,8,26,2249
2014,7,8,27,1055
2014,7,8,28,4083
2014,7,8,29,3295
2014,7,8,30,1871
2014,7,8,31,2738
2014,7,8,32,2089
2014,7,8,33,3118
2014,7,8,34,1249
2014,7,8,35,3043
2014,7,8,36,3553
2014,7,8,37,1438
2014,7,8,38,3857
2014,7,8,39,2047
2014,7,8,40,1318
2014,7,8,41,1018
2014,7,8,42,1684
2014,7,8,43,2397
2014,7,8,44,1328
2014,7,8,45,3928
2014,7,8,46,2728
2014,7,8,47,1058
2014,7,8,48,2376
2014,7,8,49,1348
2014,7,8,50,2979
2014,7,9,1,877
2014,7,9,2,2319
2014,7,9,3,1450
2014,7,9,4,885
2014,7,9,5,707
2014,7,9,6,2375
2014,7,9,7,2329
2014,7,9,8,3163
2014,7,9,9,2071
2014,7,9,10,2888
2014,7,9,11,2820
2014,7,9,12,2716
2014,7,9,13,3362
2014,7,9,14,2292
2014,7,9,15,3479
2014,7,9,16,1026
2014,7,9,17,1292
2014,7,9,18,3288
2014,7,9,19,1624
2014,7,9,20,1957
2014,7,9,21,1600
2014,7,9,22,3211
2014,7,9,23,1163
2014,7,9,24,2633
2014,7,9,25,3217
2014,7,9,26,1912
2014,7,9,27,886
2014,7,9,28,3393
2014,7,9,29,2764
2014,7,9,30,1635
2014,7,9,31,2265
2014,7,9,32,1810
2014,7,9,33,2783
2014,7,9,34,1010
2014,7,9,35,2623
2014,7,9,36,3041
2014,7,9,37,1127
2014,7,9,38,3209
2014,7,9,39,1771
2014,7,9,40,1129
2014,7,9,41,856
2014,7,9,42,1463
2014,7,9,43,2051
2014,7,9,44,1149
2014,7,9,45,3362
2014,7,9,46,2262
2014,7,9,47,913
2014,7,9,48,2087
2014,7,9,49,1159
2014,7,9,50,2718
2014,7,10,1,966
2014,7,10,2,2498
2014,7,10,3,1495
2014,7,10,4,940
2014,7,10,5,790
2014,7,10,6,2566
2014,7,10,7,2514
2014,7,10,8,3339
2014,7,10,9,2306
2014,7,10,10,3096
2014,7,10,11,2993
2014,7,10,12,3016
2014,7,10,13,3651
2014,7,10,14,2494
2014,7,10,15,3752
2014,7,10,16,1082
2014,7,10,17,1429
2014,7,10,18,3532
2014,7,10,19,1688
2014,7,10,20,2021
2014,7,10,21,1716
2014,7,10,22,3516
2014,7,10,23,1279
2014,7,10,24,2863
2014,7,10,25,3408
2014,7,10,26,2095
2014,7,10,27,967
2014,7,10,28,3693
2014,7,10,29,2857
2014,7,10,30,1790
2014,7,10,31,2522
2014,7,10,32,1912
2014,7,10,33,2920
2014,7,10,34,1108
2014,7,10,35,2739
2014,7,10,36,3347
2014,7,10,37,1240
2014,7,10,38,3516
2014,7,10,39,1892
2014,7,10,40,1281
2014,7,10,41,881
2014,7,10,42,1602
2014,7,10,43,2191
2014,7,10,44,1294
2014,7,10,45,3492
2014,7,10,46,2538
2014,7,10,47,935
2014,7,10,48,2133
2014,7,10,49,1261
2014,7,10,50,2763
2014,8,1,1,671
2014,8,1,2,1823
2014,8,1,3,1116
2014,8,1,4,705
2014,8,1,5,589
2014,8,1,6,1808
2014,8,1,7,1824
2014,8,1,8,2301
2014,8,1,9,1542
2014,8,1,10,2288
2014,8,1,11,2146
2014,8,1,12,2146
2014,8,1,13,2518
2014,8,1,14,1832
2014,8,1,15,2618
2014,8,1,16,791
2014,8,1,17,1059
2014,8,1,18,2508
2014,8,1,19,1262
2014,8,1,20,1458
2014,8,1,21,1236
2014,8,1,22,2414
2014,8,1,23,880
2014,8,1,24,1994
2014,8,1,25,2503
2014,8,1,26,1422
2014,8,1,27,704
2014,8,1,28,2743
2014,8,1,29,2114
2014,8,1,30,1238
2014,8,1,31,1726
2014,8,1,32,1301
2014,8,1,33,2100
2014,8,1,34,776
2014,8,1,35,2047
2014,8,1,36,2270
2014,8,1,37,935
2014,8,1,38,2488
2014,8,1,39,1315
2014,8,1,40,886
2014,8,1,41,652
2014,8,1,42,1108
2014,8,1,43,1688
2014,8,1,44,875
2014,8,1,45,2480
2014,8,1,46,1743
2014,8,1,47,662
2014,8,1,48,1608
2014,8,1,49,879
2014,8,1,50,2002
2014,8,2,1,935
2014,8,2,2,2520
2014,8,2,3,1587
2014,8,2,4,955
2014,8,2,5,768
2014,8,2,6,2534
2014,8,2,7,2606
2014,8,2,8,3309
2014,8,2,9,2189
2014,8,2,10,3173
2014,8,2,11,2967
2014,8,2,12,3037
2014,8,2,13,3619
2014,8,2,14,2560
2014,8,2,15,3888
2014,8,2,16,1108
2014,8,2,17,1493
2014,8,2,18,3568
2014,8,2,19,1723
2014,8,2,20,2075
2014,8,2,21,1755
2014,8,2,22,3441
2014,8,2,23,1269
2014,8,2,24,2811
2014,8,2,25,3597
2014,8,2,26,2074
2014,8,2,27,952
2014,8,2,28,3776
2014,8,2,29,3005
2014,8,2,30,1777
2014,8,2,31,2563
2014,8,2,32,1820
2014,8,2,33,3115
2014,8,2,34,1077
2014,8,2,35,2842
2014,8,2,36,3382
2014,8,2,37,1299
2014,8,2,38,3468
2014,8,2,39,1874
2014,8,2,40,1193
2014,8,2,41,951
2014,8,2,42,1677
2014,8,2,43,2204
2014,8,2,44,1296
2014,8,2,45,3497
2014,8,2,46,2532
2014,8,2,47,924
2014,8,2,48,2238
2014,8,2,49,1335
2014,8,2,50,2858
2014,8,3,1,824
2014,8,3,2,2220
2014,8,3,3,1478
2014,8,3,4,852
2014,8,3,5,684
2014,8,3,6,2272
2014,8,3,7,2213
2014,8,3,8,2956
2014,8,3,9,1957
2014,8,3,10,2839
2014,8,3,11,2575
2014,8,3,12,2598
2014,8,3,13,3251
2014,8,3,14,2272
2014,8,3,15,3472
2014,8,3,16,1025
2014,8,3,17,1310
2014,8,3,18,3329
2014,8,3,19,1565
2014,8,3,20,1806
2014,8,3,21,1536
2014,8,3,22,3236
2014,8,3,23,1146
2014,8,3,24,2577
2014,8,3,25,3106
2014,8,3,26,1839
2014,8,3,27,842
2014,8,3,28,3497
2014,8,3,29,2754
2014,8,3,30,1480
2014,8,3,31,2296
2014,8,3,32,1735
2014,8,3,33,2627
2014,8,3,34,985
2014,8,3,35,2519
2014,8,3,36,3043
2014,8,3,37,1178
2014,8,3,38,3160
2014,8,3,39,1721
2014,8,3,40,1104
2014,8,3,41,832
2014,8,3,42,1389
2014,8,3,43,1943
2014,8,3,44,1080
2014,8,3,45,3139
2014,8,3,46,2275
2014,8,3,47,860
2014,8,3,48,2007
2014,8,3,49,1107
2014,8,3,50,2501
2014,8,4,1,737
2014,8,4,2,2049
2014,8,4,3,1329
2014,8,4,4,807
2014,8,4,5,673
2014,8,4,6,2156
2014,8,4,7,2138
2014,8,4,8,2657
2014,8,4,9,1805
2014,8,4,10,2728
2014,8,4,11,2487
2014,8,4,12,2439
2014,8,4,13,3005
2014,8,4,14,2048
2014,8,4,15,3200
2014,8,4,16,921
2014,8,4,17,1212
2014,8,4,18,3016
2014,8,4,19,1401
2014,8,4,20,1681
2014,8,4,21,1409
2014,8,4,22,2855
2014,8,4,23,1060
2014,8,4,24,2318
2014,8,4,25,2840
2014,8,4,26,1675
2014,8,4,27,801
2014,8,4,28,3160
2014,8,4,29,2510
2014,8,4,30,1408
2014,8,4,31,2148
2014,8,4,32,1583
2014,8,4,33,2401
2014,8,4,34,894
2014,8,4,35,2400
2014,8,4,36,2742
2014,8,4,37,1087
2014,8,4,38,2862
2014,8,4,39,1470
2014,8,4,40,998
2014,8,4,41,767
2014,8,4,42,1393
2014,8,4,43,1828
2014,8,4,44,1043
2014,8,4,45,2921
2014,8,4,46,2093
2014,8,4,47,829
2014,8,4,48,1761
2014,8,4,49,1056
2014,8,4,50,2335
2014,8,5,1,509
2014,8,5,2,1446
2014,8,5,3,952
2014,8,5,4,585
2014,8,5,5,486
2014,8,5,6,1467
2014,8,5,7,1463
2014,8,5,8,1949
2014,8,5,9,1343
2014,8,5,10,1919
2014,8,5,11,1768
2014,8,5,12,1845
2014,8,5,13,2144
2014,8,5,14,1449
2014,8,5,15,2392
2014,8,5,16,671
2014,8,5,17,855
2014,8,5,18,2157
2014,8,5,19,1066
2014,8,5,20,1216
2014,8,5,21,993
2014,8,5,22,2100
2014,8,5,23,805
2014,8,5,24,1718
2014,8,5,25,2017
2014,8,5,26,1238
2014,8,5,27,559
2014,8,5,28,2277
2014,8,5,29,1801
2014,8,5,30,1039
2014,8,5,31,1577
2014,8,5,32,1154
2014,8,5,33,1814
2014,8,5,34,685
2014,8,5,35,1725
2014,8,5,36,2016
2014,8,5,37,762
2014,8,5,38,2027
2014,8,5,39,1105
2014,8,5,40,744
2014,8,5,41,569
2014,8,5,42,933
2014,8,5,43,1316
2014,8,5,44,747
2014,8,5,45,2059
2014,8,5,46,1526
2014,8,5,47,616
2014,8,5,48,1391
2014,8,5,49,745
2014,8,5,50,1673
2014,8,6,1,595
2014,8,6,2,1542
2014,8,6,3,927
2014,8,6,4,623
2014,8,6,5,467
2014,8,6,6,1475
2014,8,6,7,1408
2014,8,6,8,1957
2014,8,6,9,1321
2014,8,6,10,1944
2014,8,6,11,1736
2014,8,6,12,1754
2014,8,6,13,2181
2014,8,6,14,1490
2014,8,6,15,2232
2014,8,6,16,652
2014,8,6,17,839
2014,8,6,18,2218
2014,8,6,19,1013
2014,8,6,20,1229
2014,8,6,21,1109
2014,8,6,22,2101
2014,8,6,23,734
2014,8,6,24,1726
2014,8,6,25,2105
2014,8,6,26,1219
2014,8,6,27,595
2014,8,6,28,2321
2014,8,6,29,1836
2014,8,6,30,989
2014,8,6,31,1448
2014,8,6,32,1167
2014,8,6,33,1724
2014,8,6,34,689
2014,8,6,35,1710
2014,8,6,36,1968
2014,8,6,37,777
2014,8,6,38,2154
2014,8,6,39,1134
2014,8,6,40,778
2014,8,6,41,564
2014,8,6,42,943
2014,8,6,43,1326
2014,8,6,44,752
2014,8,6,45,2077
2014,8,6,46,1530
2014,8,6,47,579
2014,8,6,48,1321
2014,8,6,49,775
2014,8,6,50,1720
2014,8,7,1,527
2014,8,7,2,1398
2014,8,7,3,889
2014,8,7,4,498
2014,8,7,5,426
2014,8,7,6,1385
2014,8,7,7,1414
2014,8,7,8,1865
2014,8,7,9,1191
2014,8,7,10,1724
2014,8,7,11,1671
2014,8,7,12,1570
2014,8,7,13,1926
2014,8,7,14,1370
2014,8,7,15,2189
2014,8,7,16,588
2014,8,7,17,830
2014,8,7,18,2005
2014,8,7,19,888
2014,8,7,20,1120
2014,8,7,21,1034
2014,8,7,22,1824
2014,8,7,23,699
2014,8,7,24,1556
2014,8,7,25,1847
2014,8,7,26,1168
2014,8,7,27,522
2014,8,7,28,2155
2014,8,7,29,1573
2014,8,7,30,986
2014,8,7,31,1430
2014,8,7,32,1031
2014,8,7,33,1676
2014,8,7,34,601
2014,8,7,35,1524
2014,8,7,36,1800
2014,8,7,37,682
2014,8,7,38,1872
2014,8,7,39,1099
2014,8,7,40,689
2014,8,7,41,516
2014,8,7,42,867
2014,8,7,43,1167
2014,8,7,44,674
2014,8,7,45,1921
2014,8,7,46,1421
2014,8,7,47,514
2014,8,7,48,1208
2014,8,7,49,668
2014,8,7,50,1571
2014,8,8,1,954
2014,8,8,2,2499
2014,8,8,3,1489
2014,8,8,4,905
2014,8,8,5,742
2014,8,8,6,2518
2014,8,8,7,2439
2014,8,8,8,3273
2014,8,8,9,2127
2014,8,8,10,3122
2014,8,8,11,2908
2014,8,8,12,2851
2014,8,8,13,3507
2014,8,8,14,2370
2014,8,8,15,3590
2014,8,8,16,1034
2014,8,8,17,1399
2014,8,8,18,3396
2014,8,8,19,1673
2014,8,8,20,2013
2014,8,8,21,1654
2014,8,8,22,3320
2014,8,8,23,1234
2014,8,8,24,2814
2014,8,8,25,3421
2014,8,8,26,2040
2014,8,8,27,917
2014,8,8,28,3681
2014,8,8,29,2913
2014,8,8,30,1722
2014,8,8,31,2316
2014,8,8,32,1810
2014,8,8,33,2822
2014,8,8,34,1058
2014,8,8,35,2767
2014,8,8,36,3287
2014,8,8,37,1268
2014,8,8,38,3345
2014,8,8,39,1848
2014,8,8,40,1197
2014,8,8,41,924
2014,8,8,42,1483
2014,8,8,43,2249
2014,8,8,44,1172
2014,8,8,45,3362
2014,8,8,46,2440
2014,8,8,47,921
2014,8,8,48,2125
2014,8,8,49,1262
2014,8,8,50,2765
2014,8,9,1,799
2014,8,9,2,2094
2014,8,9,3,1292
2014,8,9,4,773
2014,8,9,5,678
2014,8,9,6,2093
2014,8,9,7,2041
2014,8,9,8,2760
2014,8,9,9,1810
2014,8,9,10,2603
2014,8,9,11,2417
2014,8,9,12,2416
2014,8,9,13,2999
2014,8,9,14,2080
2014,8,9,15,3120
2014,8,9,16,886
2014,8,9,17,1162
2014,8,9,18,2962
2014,8,9,19,1489
2014,8,9,20,1687
2014,8,9,21,1417
2014,8,9,22,2889
2014,8,9,23,1047
2014,8,9,24,2346
2014,8,9,25,2900
2014,8,9,26,1774
2014,8,9,27,819
2014,8,9,28,3129
2014,8,9,29,2507
2014,8,9,30,1489
2014,8,9,31,2092
2014,8,9,32,1544
2014,8,9,33,2481
2014,8,9,34,902
2014,8,9,35,2463
2014,8,9,36,2798
2014,8,9,37,1042
2014,8,9,38,2954
2014,8,9,39,1555
2014,8,9,40,1007
2014,8,9,41,770
2014,8,9,42,1286
2014,8,9,43,1814
2014,8,9,44,1070
2014,8,9,45,2898
2014,8,9,46,2125
2014,8,9,47,742
2014,8,9,48,1814
2014,8,9,49,1054
2014,8,9,50,2407
2014,8,10,1,850
2014,8,10,2,2123
2014,8,10,3,1327
2014,8,10,4,859
2014,8,10,5,675
2014,8,10,6,2227
2014,8,10,7,2314
2014,8,10,8,2836
2014,8,10,9,1978
2014,8,10,10,2901
2014,8,10,11,2586
2014,8,10,12,2659
2014,8,10,13,3258
2014,8,10,14,2237
2014,8,10,15,3352
2014,8,10,16,955
2014,8,10,17,1259
2014,8,10,18,3134
2014,8,10,19,1559
2014,8,10,20,1789
2014,8,10,21,1542
2014,8,10,22,3101
2014,8,10,23,1107
2014,8,10,24,2554
2014,8,10,25,3066
2014,8,10,26,1807
2014,8,10,27,845
2014,8,10,28,3469
2014,8,10,29,2644
2014,8,10,30,1589
2014,8,10,31,2211
2014,8,10,32,1663
2014,8,10,33,2716
2014,8,10,34,963
2014,8,10,35,2569
2014,8,10,36,2954
2014,8,10,37,1132
2014,8,10,38,3057
2014,8,10,39,1653
2014,8,10,40,1102
2014,8,10,41,870
2014,8,10,42,1384
2014,8,10,43,1904
2014,8,10,44,1095
2014,8,10,45,3009
2014,8,10,46,2268
2014,8,10,47,832
2014,8,10,48,1934
2014,8,10,49,1096
2014,8,10,50,2526
2014,9,1,1,566
2014,9,1,2,1539
2014,9,1,3,971
2014,9,1,4,605
2014,9,1,5,473
2014,9,1,6,1599
2014,9,1,7,1592
2014,9,1,8,2128
2014,9,1,9,1406
2014,9,1,10,2047
2014,9,1,11,1927
2014,9,1,12,1811
2014,9,1,13,2306
2014,9,1,14,1647
2014,9,1,15,2417
2014,9,1,16,697
2014,9,1,17,937
2014,9,1,18,2253
2014,9,1,19,1110
2014,9,1,20,1278
2014,9,1,21,1074
2014,9,1,22,2201
2014,9,1,23,793
2014,9,1,24,1815
2014,9,1,25,2214
2014,9,1,26,1283
2014,9,1,27,637
2014,9,1,28,2431
2014,9,1,29,1908
2014,9,1,30,1111
2014,9,1,31,1597
2014,9,1,32,1189
2014,9,1,33,1873
2014,9,1,34,741
2014,9,1,35,1787
2014,9,1,36,2059
2014,9,1,37,786
2014,9,1,38,2152
2014,9,1,39,1191
2014,9,1,40,786
2014,9,1,41,570
2014,9,1,42,1042
2014,9,1,43,1338
2014,9,1,44,781
2014,9,1,45,2215
2014,9,1,46,1589
2014,9,1,47,600
2014,9,1,48,1403
2014,9,1,49,862
2014,9,1,50,1797
2014,9,2,1,872
2014,9,2,2,2218
2014,9,2,3,1437
2014,9,2,4,833
2014,9,2,5,715
2014,9,2,6,2234
2014,9,2,7,2217
2014,9,2,8,3013
2014,9,2,9,1954
2014,9,2,10,2852
2014,9,2,11,2562
2014,9,2,12,2711
2014,9,2,13,3245
2014,9,2,14,2176
2014,9,2,15,3413
2014,9,2,16,959
2014,9,2,17,1287
2014,9,2,18,3188
2014,9,2,19,1504
2014,9,2,20,1867
2014,9,2,21,1531
2014,9,2,22,3029
2014,9,2,23,1161
2014,9,2,24,2521
2014,9,2,25,3235
2014,9,2,26,1825
2014,9,2,27,864
2014,9,2,28,3341
2014,9,2,29,2668
2014,9,2,30,1505
2014,9,2,31,2199
2014,9,2,32,1739
2014,9,2,33,2567
2014,9,2,34,1014
2014,9,2,35,2536
2014,9,2,36,3057
2014,9,2,37,1192
2014,9,2,38,2965
2014,9,2,39,1727
2014,9,2,40,1098
2014,9,2,41,857
2014,9,2,42,1427
2014,9,2,43,1995
2014,9,2,44,1184
2014,9,2,45,3122
2014,9,2,46,2250
2014,9,2,47,797
2014,9,2,48,1938
2014,9,2,49,1154
2014,9,2,50,2585
2014,9,3,1,728
2014,9,3,2,2053
2014,9,3,3,1261
2014,9,3,4,797
2014,9,3,5,614
2014,9,3,6,2100
2014,9,3,7,1969
2014,9,3,8,2571
2014,9,3,9,1760
2014,9,3,10,2456
2014,9,3,11,2395
2014,9,3,12,2332
2014,9,3,13,2892
2014,9,3,14,1951
2014,9,3,15,3047
2014,9,3,16,863
2014,9,3,17,1160
2014,9,3,18,2880
2014,9,3,19,1368
2014,9,3,20,1577
2014,9,3,21,1347
2014,9,3,22,2765
2014,9,3,23,1003
2014,9,3,24,2330
2014,9,3,25,2792
2014,9,3,26,1619
2014,9,3,27,746
2014,9,3,28,2990
2014,9,3,29,2446
2014,9,3,30,1405
2014,9,3,31,1950
2014,9,3,32,1471
2014,9,3,33,2375
2014,9,3,34,827
2014,9,3,35,2201
2014,9,3,36,2554
2014,9,3,37,1033
2014,9,3,38,2767
2014,9,3,39,1511
2014,9,3,40,997
2014,9,3,41,732
2014,9,3,42,1257
2014,9,3,43,1721
2014,9,3,44,1003
2014,9,3,45,2678
2014,9,3,46,2046
2014,9,3,47,714
2014,9,3,48,1794
2014,9,3,49,1017
2014,9,3,50,2274
2014,9,4,1,710
2014,9,4,2,1864
2014,9,4,3,1210
2014,9,4,4,713
2014,9,4,5,601
2014,9,4,6,1839
2014,9,4,7,1933
2014,9,4,8,2415
2014,9,4,9,1665
2014,9,4,10,2337
2014,9,4,11,2225
2014,9,4,12,2198
2014,9,4,13,2595
2014,9,4,14,1818
2014,9,4,15,2852
2014,9,4,16,769
2014,9,4,17,1087
2014,9,4,18,2684
2014,9,4,19,1315
2014,9,4,20,1553
2014,9,4,21,1329
2014,9,4,22,2515
2014,9,4,23,945
2014,9,4,24,1988
2014,9,4,25,2623
2014,9,4,26,1490
2014,9,4,27,744
2014,9,4,28,2839
2014,9,4,29,2192
2014,9,4,30,1277
2014,9,4,31,1767
2014,9,4,32,1356
2014,9,4,33,2249
2014,9,4,34,823
2014,9,4,35,2040
2014,9,4,36,2344
2014,9,4,37,927
2014,9,4,38,2508
2014,9,4,39,1376
2014,9,4,40,892
2014,9,4,41,716
2014,9,4,42,1137
2014,9,4,43,1645
2014,9,4,44,911
2014,9,4,45,2504
2014,9,4,46,1822
2014,9,4,47,688
2014,9,4,48,1636
2014,9,4,49,903
2014,9,4,50,2025
2014,9,5,1,496
2014,9,5,2,1384
2014,9,5,3,821
2014,9,5,4,486
2014,9,5,5,411
2014,9,5,6,1373
2014,9,5,7,1346
2014,9,5,8,1655
2014,9,5,9,1179
2014,9,5,10,1674
2014,9,5,11,1578
2014,9,5,12,1539
2014,9,5,13,1935
2014,9,5,14,1372
2014,9,5,15,2038
2014,9,5,16,567
2014,9,5,17,721
2014,9,5,18,1920
2014,9,5,19,935
2014,9,5,20,1119
2014,9,5,21,894
2014,9,5,22,1917
2014,9,5,23,657
2014,9,5,24,1510
2014,9,5,25,1774
2014,9,5,26,1081
2014,9,5,27,491
2014,9,5,28,2065
2014,9,5,29,1527
2014,9,5,30,921
2014,9,5,31,1430
2014,9,5,32,1021
2014,9,5,33,1601
2014,9,5,34,583
2014,9,5,35,1476
2014,9,5,36,1785
2014,9,5,37,669
2014,9,5,38,1828
2014,9,5,39,1000
2014,9,5,40,713
2014,9,5,41,491
2014,9,5,42,824
2014,9,5,43,1198
2014,9,5,44,689
2014,9,5,45,1821
2014,9,5,46,1351
2014,9,5,47,501
2014,9,5,48,1136
2014,9,5,49,665
2014,9,5,50,1538
2014,9,6,1,530
2014,9,6,2,1352
2014,9,6,3,840
2014,9,6,4,502
2014,9,6,5,417
2014,9,6,6,1306
2014,9,6,7,1293
2014,9,6,8,1712
2014,9,6,9,1151
2014,9,6,10,1622
2014,9,6,11,1574
2014,9,6,12,1550
2014,9,6,13,1912
2014,9,6,14,1320
2014,9,6,15,2002
2014,9,6,16,577
2014,9,6,17,806
2014,9,6,18,1983
2014,9,6,19,907
2014,9,6,20,1121
2014,9,6,21,939
2014,9,6,22,1907
2014,9,6,23,698
2014,9,6,24,1476
2014,9,6,25,1872
2014,9,6,26,1083
2014,9,6,27,491
2014,9,6,28,1984
2014,9,6,29,1609
2014,9,6,30,903
2014,9,6,31,1280
2014,9,6,32,986
2014,9,6,33,1598
2014,9,6,34,590
2014,9,6,35,1510
2014,9,6,36,1848
2014,9,6,37,659
2014,9,6,38,1876
2014,9,6,39,962
2014,9,6,40,694
2014,9,6,41,503
2014,9,6,42,831
2014,9,6,43,1199
2014,9,6,44,683
2014,9,6,45,1913
2014,9,6,46,1308
2014,9,6,47,506
2014,9,6,48,1156
2014,9,6,49,672
2014,9,6,50,1551
2014,9,7,1,475
2014,9,7,2,1168
2014,9,7,3,683
2014,9,7,4,431
2014,9,7,5,382
2014,9,7,6,1152
2014,9,7,7,1207
2014,9,7,8,1584
2014,9,7,9,1104
2014,9,7,10,1489
2014,9,7,11,1437
2014,9,7,12,1475
2014,9,7,13,1798
2014,9,7,14,1212
2014,9,7,15,1896
2014,9,7,16,551
2014,9,7,17,647
2014,9,7,18,1782
2014,9,7,19,865
2014,9,7,20,968
2014,9,7,21,850
2014,9,7,22,1644
2014,9,7,23,610
2014,9,7,24,1324
2014,9,7,25,1674
2014,9,7,26,1069
2014,9,7,27,509
2014,9,7,28,1866
2014,9,7,29,1418
2014,9,7,30,861
2014,9,7,31,1253
2014,9,7,32,829
2014,9,7,33,1429
2014,9,7,34,566
2014,9,7,35,1379
2014,9,7,36,1586
2014,9,7,37,635
2014,9,7,38,1655
2014,9,7,39,860
2014,9,7,40,631
2014,9,7,41,472
2014,9,7,42,780
2014,9,7,43,1082
2014,9,7,44,588
2014,9,7,45,1665
2014,9,7,46,1209
2014,9,7,47,468
2014,9,7,48,1036
2014,9,7,49,622
2014,9,7,50,1410
2014,9,8,1,757
2014,9,8,2,2186
2014,9,8,3,1379
2014,9,8,4,826
2014,9,8,5,649
2014,9,8,6,2189
2014,9,8,7,2161
2014,9,8,8,2863
2014,9,8,9,1916
2014,9,8,10,2752
2014,9,8,11,2592
2014,9,8,12,2548
2014,9,8,13,3147
2014,9,8,14,2119
2014,9,8,15,3287
2014,9,8,16,950
2014,9,8,17,1234
2014,9,8,18,3154
2014,9,8,19,1435
2014,9,8,20,1772
2014,9,8,21,1479
2014,9,8,22,2943
2014,9,8,23,1042
2014,9,8,24,2441
2014,9,8,25,2983
2014,9,8,26,1763
2014,9,8,27,831
2014,9,8,28,3268
2014,9,8,29,2619
2014,9,8,30,1468
2014,9,8,31,2178
2014,9,8,32,1664
2014,9,8,33,2608
2014,9,8,34,908
2014,9,8,35,2444
2014,9,8,36,2845
2014,9,8,37,1063
2014,9,8,38,3077
2014,9,8,39,1565
2014,9,8,40,1151
2014,9,8,41,845
2014,9,8,42,1425
2014,9,8,43,1874
2014,9,8,44,1042
2014,9,8,45,2946
2014,9,8,46,2172
2014,9,8,47,823
2014,9,8,48,1892
2014,9,8,49,1112
2014,9,8,50,2406
2014,9,9,1,721
2014,9,9,2,1864
2014,9,9,3,1137
2014,9,9,4,688
2014,9,9,5,594
2014,9,9,6,1801
2014,9,9,7,1835
2014,9,9,8,2489
2014,9,9,9,1629
2014,9,9,10,2355
2014,9,9,11,2144
2014,9,9,12,2190
2014,9,9,13,2697
2014,9,9,14,1821
2014,9,9,15,2722
2014,9,9,16,797
2014,9,9,17,996
2014,9,9,18,2664
2014,9,9,19,1235
2014,9,9,20,1434
2014,9,9,21,1320
2014,9,9,22,2592
2014,9,9,23,916
2014,9,9,24,2163
2014,9,9,25,2544
2014,9,9,26,1540
2014,9,9,27,699
2014,9,9,28,2735
2014,9,9,29,2180
2014,9,9,30,1276
2014,9,9,31,1847
2014,9,9,32,1361
2014,9,9,33,2177
2014,9,9,34,853
2014,9,9,35,2112
2014,9,9,36,2472
2014,9,9,37,977
2014,9,9,38,2556
2014,9,9,39,1452
2014,9,9,40,919
2014,9,9,41,726
2014,9,9,42,1188
2014,9,9,43,1621
2014,9,9,44,918
2014,9,9,45,2503
2014,9,9,46,1897
2014,9,9,47,698
2014,9,9,48,1685
2014,9,9,49,937
2014,9,9,50,2162
2014,9,10,1,744
2014,9,10,2,1950
2014,9,10,3,1232
2014,9,10,4,784
2014,9,10,5,593
2014,9,10,6,1933
2014,9,10,7,1974
2014,9,10,8,2567
2014,9,10,9,1702
2014,9,10,10,2419
2014,9,10,11,2374
2014,9,10,12,2354
2014,9,10,13,2908
2014,9,10,14,1974
2014,9,10,15,3007
2014,9,10,16,906
2014,9,10,17,1190
2014,9,10,18,2828
2014,9,10,19,1439
2014,9,10,20,1679
2014,9,10,21,1389
2014,9,10,22,2743
2014,9,10,23,998
2014,9,10,24,2249
2014,9,10,25,2779
2014,9,10,26,1587
2014,9,10,27,698
2014,9,10,28,2968
2014,9,10,29,2368
2014,9,10,30,1273
2014,9,10,31,2009
2014,9,10,32,1486
2014,9,10,33,2380
2014,9,10,34,879
2014,9,10,35,2181
2014,9,10,36,2478
2014,9,10,37,1029
2014,9,10,38,2719
2014,9,10,39,1448
2014,9,10,40,1024
2014,9,10,41,744
2014,9,10,42,1293
2014,9,10,43,1716
2014,9,10,44,1041
2014,9,10,45,2633
2014,9,10,46,1978
2014,9,10,47,810
2014,9,10,48,1794
2014,9,10,49,1008
2014,9,10,50,2270
2014,10,1,1,555
2014,10,1,2,1506
2014,10,1,3,981
2014,10,1,4,541
2014,10,1,5,465
2014,10,1,6,1519
2014,10,1,7,1506
2014,10,1,8,2060
2014,10,1,9,1337
2014,10,1,10,1946
2014,10,1,11,1830
2014,10,1,12,1820
2014,10,1,13,2244
2014,10,1,14,1515
2014,10,1,15,2198
2014,10,1,16,731
2014,10,1,17,846
2014,10,1,18,2240
2014,10,1,19,1022
2014,10,1,20,1305
2014,10,1,21,1137
2014,10,1,22,2110
2014,10,1,23,809
2014,10,1,24,1778
2014,10,1,25,2118
2014,10,1,26,1213
2014,10,1,27,562
2014,10,1,28,2355
2014,10,1,29,1899
2014,10,1,30,1040
2014,10,1,31,1606
2014,10,1,32,1168
2014,10,1,33,1805
2014,10,1,34,643
2014,10,1,35,1730
2014,10,1,36,1979
2014,10,1,37,773
2014,10,1,38,2086
2014,10,1,39,1148
2014,10,1,40,834
2014,10,1,41,609
2014,10,1,42,965
2014,10,1,43,1341
2014,10,1,44,773
2014,10,1,45,2170
2014,10,1,46,1541
2014,10,1,47,581
2014,10,1,48,1368
2014,10,1,49,763
2014,10,1,50,1669
2014,10,2,1,857
2014,10,2,2,2199
2014,10,2,3,1347
2014,10,2,4,803
2014,10,2,5,657
2014,10,2,6,2173
2014,10,2,7,2164
2014,10,2,8,2850
2014,10,2,9,1962
2014,10,2,10,2768
2014,10,2,11,2508
2014,10,2,12,2662
2014,10,2,13,3127
2014,10,2,14,2208
2014,10,2,15,3190
2014,10,2,16,978
2014,10,2,17,1269
2014,10,2,18,3120
2014,10,2,19,1427
2014,10,2,20,1732
2014,10,2,21,1502
2014,10,2,22,3067
2014,10,2,23,1047
2014,10,2,24,2428
2014,10,2,25,2984
2014,10,2,26,1782
2014,10,2,27,843
2014,10,2,28,3313
2014,10,2,29,2549
2014,10,2,30,1555
2014,10,2,31,2138
2014,10,2,32,1714
2014,10,2,33,2550
2014,10,2,34,1024
2014,10,2,35,2488
2014,10,2,36,2918
2014,10,2,37,1138
2014,10,2,38,3050
2014,10,2,39,1630
2014,10,2,40,1100
2014,10,2,41,799
2014,10,2,42,1414
2014,10,2,43,1916
2014,10,2,44,1047
2014,10,2,45,3097
2014,10,2,46,2208
2014,10,2,47,901
2014,10,2,48,1903
2014,10,2,49,1174
2014,10,2,50,2453
2014,10,3,1,730
2014,10,3,2,1926
2014,10,3,3,1223
2014,10,3,4,763
2014,10,3,5,582
2014,10,3,6,1960
2014,10,3,7,1906
2014,10,3,8,2566
2014,10,3,9,1694
2014,10,3,10,2507
2014,10,3,11,2318
2014,10,3,12,2279
2014,10,3,13,2710
2014,10,3,14,1927
2014,10,3,15,2841
2014,10,3,16,804
2014,10,3,17,1117
2014,10,3,18,2856
2014,10,3,19,1375
2014,10,3,20,1596
2014,10,3,21,1324
2014,10,3,22,2710
2014,10,3,23,980
2014,10,3,24,2142
2014,10,3,25,2643
2014,10,3,26,1558
2014,10,3,27,741
2014,10,3,28,2956
2014,10,3,29,2308
2014,10,3,30,1397
2014,10,3,31,2031
2014,10,3,32,1459
2014,10,3,33,2336
2014,10,3,34,820
2014,10,3,35,2125
2014,10,3,36,2491
2014,10,3,37,945
2014,10,3,38,2644
2014,10,3,39,1507
2014,10,3,40,966
2014,10,3,41,726
2014,10,3,42,1247
2014,10,3,43,1728
2014,10,3,44,941
2014,10,3,45,2587
2014,10,3,46,1897
2014,10,3,47,736
2014,10,3,48,1704
2014,10,3,49,987
2014,10,3,50,2158
2014,10,4,1,649
2014,10,4,2,1787
2014,10,4,3,1046
2014,10,4,4,673
2014,10,4,5,544
2014,10,4,6,1754
2014,10,4,7,1863
2014,10,4,8,2319
2014,10,4,9,1537
2014,10,4,10,2284
2014,10,4,11,2189
2014,10,4,12,2153
2014,10,4,13,2697
2014,10,4,14,1839
2014,10,4,15,2667
2014,10,4,16,760
2014,10,4,17,965
2014,10,4,18,2509
2014,10,4,19,1176
2014,10,4,20,1511
2014,10,4,21,1237
2014,10,4,22,2457
2014,10,4,23,869
2014,10,4,24,2028
2014,10,4,25,2556
2014,10,4,26,1470
2014,10,4,27,658
2014,10,4,28,2658
2014,10,4,29,2078
2014,10,4,30,1186
2014,10,4,31,1758
2014,10,4,32,1436
2014,10,4,33,2192
2014,10,4,34,819
2014,10,4,35,2001
2014,10,4,36,2349
2014,10,4,37,953
2014,10,4,38,2451
2014,10,4,39,1376
2014,10,4,40,888
2014,10,4,41,684
2014,10,4,42,1086
2014,10,4,43,1612
2014,10,4,44,909
2014,10,4,45,2358
2014,10,4,46,1766
2014,10,4,47,680
2014,10,4,48,1652
2014,10,4,49,940
2014,10,4,50,2020
2014,10,5,1,493
2014,10,5,2,1245
2014,10,5,3,814
2014,10,5,4,490
2014,10,5,5,400
2014,10,5,6,1275
2014,10,5,7,1243
2014,10,5,8,1703
2014,10,5,9,1167
2014,10,5,10,1609
2014,10,5,11,1483
2014,10,5,12,1496
2014,10,5,13,1833
2014,10,5,14,1346
2014,10,5,15,1994
2014,10,5,16,506
2014,10,5,17,706
2014,10,5,18,1830
2014,10,5,19,869
2014,10,5,20,1032
2014,10,5,21,893
2014,10,5,22,1828
2014,10,5,23,643
2014,10,5,24,1489
2014,10,5,25,1845
2014,10,5,26,1058
2014,10,5,27,552
2014,10,5,28,2109
2014,10,5,29,1529
2014,10,5,30,870
2014,10,5,31,1292
2014,10,5,32,973
2014,10,5,33,1626
2014,10,5,34,581
2014,10,5,35,1452
2014,10,5,36,1726
2014,10,5,37,672
2014,10,5,38,1857
2014,10,5,39,1013
2014,10,5,40,623
2014,10,5,41,479
2014,10,5,42,765
2014,10,5,43,1101
2014,10,5,44,628
2014,10,5,45,1704
2014,10,5,46,1264
2014,10,5,47,474
2014,10,5,48,1217
2014,10,5,49,619
2014,10,5,50,1468
2014,10,6,1,450
2014,10,6,2,1340
2014,10,6,3,785
2014,10,6,4,491
2014,10,6,5,362
2014,10,6,6,1268
2014,10,6,7,1322
2014,10,6,8,1732
2014,10,6,9,1125
2014,10,6,10,1591
2014,10,6,11,1519
2014,10,6,12,1523
2014,10,6,13,1868
2014,10,6,14,1296
2014,10,6,15,1950
2014,10,6,16,581
2014,10,6,17,685
2014,10,6,18,1847
2014,10,6,19,886
2014,10,6,20,1047
2014,10,6,21,903
2014,10,6,22,1711
2014,10,6,23,654
2014,10,6,24,1455
2014,10,6,25,1724
2014,10,6,26,1079
2014,10,6,27,509
2014,10,6,28,1918
2014,10,6,29,1594
2014,10,6,30,868
2014,10,6,31,1277
2014,10,6,32,970
2014,10,6,33,1528
2014,10,6,34,562
2014,10,6,35,1430
2014,10,6,36,1688
2014,10,6,37,685
2014,10,6,38,1811
2014,10,6,39,905
2014,10,6,40,633
2014,10,6,41,505
2014,10,6,42,784
2014,10,6,43,1149
2014,10,6,44,637
2014,10,6,45,1855
2014,10,6,46,1285
2014,10,6,47,522
2014,10,6,48,1208
2014,10,6,49,624
2014,10,6,50,1449
2014,10,7,1,437
2014,10,7,2,1194
2014,10,7,3,743
2014,10,7,4,487
2014,10,7,5,388
2014,10,7,6,1200
2014,10,7,7,1222
2014,10,7,8,1561
2014,10,7,9,1078
2014,10,7,10,1458
2014,10,7,11,1408
2014,10,7,12,1354
2014,10,7,13,1713
2014,10,7,14,1189
2014,10,7,15,1865
2014,10,7,16,506
2014,10,7,17,671
2014,10,7,18,1730
2014,10,7,19,782
2014,10,7,20,1012
2014,10,7,21,763
2014,10,7,22,1528
2014,10,7,23,598
2014,10,7,24,1313
2014,10,7,25,1625
2014,10,7,26,930
2014,10,7,27,444
2014,10,7,28,1778
2014,10,7,29,1435
2014,10,7,30,830
2014,10,7,31,1259
2014,10,7,32,989
2014,10,7,33,1346
2014,10,7,34,505
2014,10,7,35,1305
2014,10,7,36,1576
2014,10,7,37,596
2014,10,7,38,1658
2014,10,7,39,875
2014,10,7,40,595
2014,10,7,41,450
2014,10,7,42,734
2014,10,7,43,1014
2014,10,7,44,613
2014,10,7,45,1598
2014,10,7,46,1229
2014,10,7,47,443
2014,10,7,48,1070
2014,10,7,49,599
2014,10,7,50,1308
2014,10,8,1,821
2014,10,8,2,2076
2014,10,8,3,1391
2014,10,8,4,770
2014,10,8,5,639
2014,10,8,6,2083
2014,10,8,7,2047
2014,10,8,8,2716
2014,10,8,9,1779
2014,10,8,10,2702
2014,10,8,11,2475
2014,10,8,12,2536
2014,10,8,13,3080
2014,10,8,14,2081
2014,10,8,15,3157
2014,10,8,16,883
2014,10,8,17,1210
2014,10,8,18,3150
2014,10,8,19,1462
2014,10,8,20,1760
2014,10,8,21,1439
2014,10,8,22,2790
2014,10,8,23,1026
2014,10,8,24,2359
2014,10,8,25,2834
2014,10,8,26,1663
2014,10,8,27,745
2014,10,8,28,3177
2014,10,8,29,2393
2014,10,8,30,1422
2014,10,8,31,2084
2014,10,8,32,1607
2014,10,8,33,2441
2014,10,8,34,924
2014,10,8,35,2326
2014,10,8,36,2760
2014,10,8,37,1025
2014,10,8,38,2855
2014,10,8,39,1592
2014,10,8,40,1011
2014,10,8,41,751
2014,10,8,42,1334
2014,10,8,43,1674
2014,10,8,44,1045
2014,10,8,45,2899
2014,10,8,46,2115
2014,10,8,47,768
2014,10,8,48,1846
2014,10,8,49,1045
2014,10,8,50,2292
2014,10,9,1,689
2014,10,9,2,1694
2014,10,9,3,1104
2014,10,9,4,700
2014,10,9,5,556
2014,10,9,6,1833
2014,10,9,7,1703
2014,10,9,8,2313
2014,10,9,9,1604
2014,10,9,10,2239
2014,10,9,11,2050
2014,10,9,12,2135
2014,10,9,13,2604
2014,10,9,14,1770
2014,10,9,15,2798
2014,10,9,16,807
2014,10,9,17,995
2014,10,9,18,2541
2014,10,9,19,1217
2014,10,9,20,1423
2014,10,9,21,1192
2014,10,9,22,2416
2014,10,9,23,837
2014,10,9,24,1993
2014,10,9,25,2477
2014,10,9,26,1412
2014,10,9,27,674
2014,10,9,28,2700
2014,10,9,29,2039
2014,10,9,30,1279
2014,10,9,31,1788
2014,10,9,32,1364
2014,10,9,33,2153
2014,10,9,34,802
2014,10,9,35,1884
2014,10,9,36,2342
2014,10,9,37,854
2014,10,9,38,2424
2014,10,9,39,1358
2014,10,9,40,854
2014,10,9,41,699
2014,10,9,42,1079
2014,10,9,43,1475
2014,10,9,44,841
2014,10,9,45,2460
2014,10,9,46,1831
2014,10,9,47,678
2014,10,9,48,1587
2014,10,9,49,952
2014,10,9,50,2046
2014,10,10,1,730
2014,10,10,2,1931
2014,10,10,3,1180
2014,10,10,4,714
2014,10,10,5,580
2014,10,10,6,1900
2014,10,10,7,1939
2014,10,10,8,2497
2014,10,10,9,1716
2014,10,10,10,2303
2014,10,10,11,2270
2014,10,10,12,2257
2014,10,10,13,2664
2014,10,10,14,1847
2014,10,10,15,2887
2014,10,10,16,857
2014,10,10,17,1098
2014,10,10,18,2743
2014,10,10,19,1353
2014,10,10,20,1545
2014,10,10,21,1291
2014,10,10,22,2659
2014,10,10,23,1018
2014,10,10,24,2221
2014,10,10,25,2620
2014,10,10,26,1543
2014,10,10,27,736
2014,10,10,28,2835
2014,10,10,29,2265
2014,10,10,30,1334
2014,10,10,31,1922
2014,10,10,32,1435
2014,10,10,33,2203
2014,10,10,34,857
2014,10,10,35,2149
2014,10,10,36,2481
2014,10,10,37,905
2014,10,10,38,2655
2014,10,10,39,1406
2014,10,10,40,1000
2014,10,10,41,725
2014,10,10,42,1244
2014,10,10,43,1672
2014,10,10,44,925
2014,10,10,45,2614
2014,10,10,46,1962
2014,10,10,47,730
2014,10,10,48,1614
2014,10,10,49,956
2014,10,10,50,2096
2014,11,1,1,619
2014,11,1,2,1595
2014,11,1,3,1020
2014,11,1,4,640
2014,11,1,5,501
2014,11,1,6,1604
2014,11,1,7,1581
2014,11,1,8,2191
2014,11,1,9,1444
2014,11,1,10,2118
2014,11,1,11,1818
2014,11,1,12,1977
2014,11,1,13,2427
2014,11,1,14,1606
2014,11,1,15,2441
2014,11,1,16,708
2014,11,1,17,887
2014,11,1,18,2303
2014,11,1,19,1142
2014,11,1,20,1280
2014,11,1,21,1073
2014,11,1,22,2177
2014,11,1,23,810
2014,11,1,24,1842
2014,11,1,25,2352
2014,11,1,26,1363
2014,11,1,27,623
2014,11,1,28,2413
2014,11,1,29,1891
2014,11,1,30,1137
2014,11,1,31,1623
2014,11,1,32,1270
2014,11,1,33,1873
2014,11,1,34,682
2014,11,1,35,1806
2014,11,1,36,2168
2014,11,1,37,763
2014,11,1,38,2254
2014,11,1,39,1284
2014,11,1,40,761
2014,11,1,41,604
2014,11,1,42,1022
2014,11,1,43,1423
2014,11,1,44,856
2014,11,1,45,2272
2014,11,1,46,1623
2014,11,1,47,606
2014,11,1,48,1385
2014,11,1,49,796
2014,11,1,50,1852
2014,11,2,1,875
2014,11,2,2,2277
2014,11,2,3,1445
2014,11,2,4,834
2014,11,2,5,726
2014,11,2,6,2333
2014,11,2,7,2221
2014,11,2,8,3082
2014,11,2,9,1960
2014,11,2,10,2830
2014,11,2,11,2761
2014,11,2,12,2818
2014,11,2,13,3304
2014,11,2,14,2280
2014,11,2,15,3440
2014,11,2,16,1056
2014,11,2,17,1340
2014,11,2,18,3254
2014,11,2,19,1557
2014,11,2,20,1875
2014,11,2,21,1616
2014,11,2,22,3191
2014,11,2,23,1137
2014,11,2,24,2625
2014,11,2,25,3082
2014,11,2,26,1901
2014,11,2,27,814
2014,11,2,28,3465
2014,11,2,29,2719
2014,11,2,30,1581
2014,11,2,31,2323
2014,11,2,32,1695
2014,11,2,33,2855
2014,11,2,34,1040
2014,11,2,35,2626
2014,11,2,36,3060
2014,11,2,37,1097
2014,11,2,38,3211
2014,11,2,39,1719
2014,11,2,40,1179
2014,11,2,41,855
2014,11,2,42,1481
2014,11,2,43,2010
2014,11,2,44,1160
2014,11,2,45,3109
2014,11,2,46,2278
2014,11,2,47,857
2014,11,2,48,2049
2014,11,2,49,1175
2014,11,2,50,2627
2014,11,3,1,778
2014,11,3,2,2018
2014,11,3,3,1249
2014,11,3,4,807
2014,11,3,5,648
2014,11,3,6,2041
2014,11,3,7,2013
2014,11,3,8,2733
2014,11,3,9,1776
2014,11,3,10,2538
2014,11,3,11,2411
2014,11,3,12,2382
2014,11,3,13,2946
2014,11,3,14,2064
2014,11,3,15,3052
2014,11,3,16,929
2014,11,3,17,1160
2014,11,3,18,2923
2014,11,3,19,1477
2014,11,3,20,1677
2014,11,3,21,1408
2014,11,3,22,2771
2014,11,3,23,1024
2014,11,3,24,2238
2014,11,3,25,2866
2014,11,3,26,1711
2014,11,3,27,713
2014,11,3,28,3025
2014,11,3,29,2480
2014,11,3,30,1372
2014,11,3,31,2080
2014,11,3,32,1510
2014,11,3,33,2427
2014,11,3,34,921
2014,11,3,35,2295
2014,11,3,36,2673
2014,11,3,37,986
2014,11,3,38,2870
2014,11,3,39,1589
2014,11,3,40,1078
2014,11,3,41,706
2014,11,3,42,1308
2014,11,3,43,1875
2014,11,3,44,1026
2014,11,3,45,2927
2014,11,3,46,2176
2014,11,3,47,762
2014,11,3,48,1806
2014,11,3,49,1018
2014,11,3,50,2277
2014,11,4,1,703
2014,11,4,2,1849
2014,11,4,3,1129
2014,11,4,4,690
2014,11,4,5,559
2014,11,4,6,1879
2014,11,4,7,1908
2014,11,4,8,2462
2014,11,4,9,1657
2014,11,4,10,2351
2014,11,4,11,2159
2014,11,4,12,2219
2014,11,4,13,2663
2014,11,4,14,1854
2014,11,4,15,2833
2014,11,4,16,890
2014,11,4,17,1007
2014,11,4,18,2720
2014,11,4,19,1298
2014,11,4,20,1532
2014,11,4,21,1261
2014,11,4,22,2555
2014,11,4,23,908
2014,11,4,24,2088
2014,11,4,25,2608
2014,11,4,26,1504
2014,11,4,27,721
2014,11,4,28,2923
2014,11,4,29,2275
2014,11,4,30,1307
2014,11,4,31,1838
2014,11,4,32,1327
2014,11,4,33,2198
2014,11,4,34,838
2014,11,4,35,2155
2014,11,4,36,2500
2014,11,4,37,913
2014,11,4,38,2509
2014,11,4,39,1360
2014,11,4,40,960
2014,11,4,41,726
2014,11,4,42,1228
2014,11,4,43,1641
2014,11,4,44,946
2014,11,4,45,2639
2014,11,4,46,1903
2014,11,4,47,714
2014,11,4,48,1617
2014,11,4,49,951
2014,11,4,50,2237
2014,11,5,1,499
2014,11,5,2,1331
2014,11,5,3,816
2014,11,5,4,531
2014,11,5,5,454
2014,11,5,6,1416
2014,11,5,7,1354
2014,11,5,8,1844
2014,11,5,9,1219
2014,11,5,10,1721
2014,11,5,11,1657
2014,11,5,12,1632
2014,11,5,13,1963
2014,11,5,14,1385
2014,11,5,15,2077
2014,11,5,16,563
2014,11,5,17,747
2014,11,5,18,1930
2014,11,5,19,943
2014,11,5,20,1104
2014,11,5,21,971
2014,11,5,22,1876
2014,11,5,23,674
2014,11,5,24,1555
2014,11,5,25,1913
2014,11,5,26,1161
2014,11,5,27,519
2014,11,5,28,2119
2014,11,5,29,1690
2014,11,5,30,978
2014,11,5,31,1406
2014,11,5,32,954
2014,11,5,33,1671
2014,11,5,34,611
2014,11,5,35,1534
2014,11,5,36,1745
2014,11,5,37,680
2014,11,5,38,1952
2014,11,5,39,974
2014,11,5,40,655
2014,11,5,41,547
2014,11,5,42,838
2014,11,5,43,1228
2014,11,5,44,677
2014,11,5,45,1953
2014,11,5,46,1367
2014,11,5,47,499
2014,11,5,48,1150
2014,11,5,49,664
2014,11,5,50,1509
2014,11,6,1,522
2014,11,6,2,1333
2014,11,6,3,855
2014,11,6,4,548
2014,11,6,5,426
2014,11,6,6,1331
2014,11,6,7,1354
2014,11,6,8,1792
2014,11,6,9,1226
2014,11,6,10,1666
2014,11,6,11,1569
2014,11,6,12,1640
2014,11,6,13,2014
2014,11,6,14,1354
2014,11,6,15,1987
2014,11,6,16,576
2014,11,6,17,776
2014,11,6,18,1966
2014,11,6,19,938
2014,11,6,20,1068
2014,11,6,21,959
2014,11,6,22,1882
2014,11,6,23,643
2014,11,6,24,1559
2014,11,6,25,1918
2014,11,6,26,1170
2014,11,6,27,468
2014,11,6,28,1998
2014,11,6,29,1643
2014,11,6,30,965
2014,11,6,31,1366
2014,11,6,32,1067
2014,11,6,33,1569
2014,11,6,34,582
2014,11,6,35,1516
2014,11,6,36,1776
2014,11,6,37,700
2014,11,6,38,1852
2014,11,6,39,1010
2014,11,6,40,656
2014,11,6,41,499
2014,11,6,42,814
2014,11,6,43,1182
2014,11,6,44,697
2014,11,6,45,1821
2014,11,6,46,1373
2014,11,6,47,529
2014,11,6,48,1205
2014,11,6,49,665
2014,11,6,50,1523
2014,11,7,1,458
2014,11,7,2,1225
2014,11,7,3,823
2014,11,7,4,462
2014,11,7,5,351
2014,11,7,6,1253
2014,11,7,7,1247
2014,11,7,8,1628
2014,11,7,9,1092
2014,11,7,10,1503
2014,11,7,11,1486
2014,11,7,12,1524
2014,11,7,13,1882
2014,11,7,14,1223
2014,11,7,15,1790
2014,11,7,16,517
2014,11,7,17,709
2014,11,7,18,1771
2014,11,7,19,846
2014,11,7,20,1026
2014,11,7,21,878
2014,11,7,22,1692
2014,11,7,23,621
2014,11,7,24,1414
2014,11,7,25,1801
2014,11,7,26,1020
2014,11,7,27,460
2014,11,7,28,1879
2014,11,7,29,1527
2014,11,7,30,822
2014,11,7,31,1279
2014,11,7,32,951
2014,11,7,33,1502
2014,11,7,34,576
2014,11,7,35,1399
2014,11,7,36,1686
2014,11,7,37,602
2014,11,7,38,1694
2014,11,7,39,912
2014,11,7,40,616
2014,11,7,41,453
2014,11,7,42,780
2014,11,7,43,1006
2014,11,7,44,605
2014,11,7,45,1699
2014,11,7,46,1256
2014,11,7,47,463
2014,11,7,48,1036
2014,11,7,49,667
2014,11,7,50,1457
2014,11,8,1,850
2014,11,8,2,2179
2014,11,8,3,1385
2014,11,8,4,807
2014,11,8,5,666
2014,11,8,6,2232
2014,11,8,7,2214
2014,11,8,8,2821
2014,11,8,9,1912
2014,11,8,10,2752
2014,11,8,11,2697
2014,11,8,12,2677
2014,11,8,13,3228
2014,11,8,14,2241
2014,11,8,15,3230
2014,11,8,16,915
2014,11,8,17,1201
2014,11,8,18,3188
2014,11,8,19,1505
2014,11,8,20,1764
2014,11,8,21,1433
2014,11,8,22,2993
2014,11,8,23,1073
2014,11,8,24,2470
2014,11,8,25,3176
2014,11,8,26,1801
2014,11,8,27,825
2014,11,8,28,3345
2014,11,8,29,2661
2014,11,8,30,1482
2014,11,8,31,2183
2014,11,8,32,1737
2014,11,8,33,2667
2014,11,8,34,942
2014,11,8,35,2535
2014,11,8,36,2884
2014,11,8,37,1081
2014,11,8,38,3084
2014,11,8,39,1694
2014,11,8,40,1139
2014,11,8,41,822
2014,11,8,42,1385
2014,11,8,43,1953
2014,11,8,44,1087
2014,11,8,45,2975
2014,11,8,46,2243
2014,11,8,47,832
2014,11,8,48,1902
2014,11,8,49,1121
2014,11,8,50,2559
2014,11,9,1,681
2014,11,9,2,1923
2014,11,9,3,1190
2014,11,9,4,769
2014,11,9,5,604
2014,11,9,6,1821
2014,11,9,7,1892
2014,11,9,8,2549
2014,11,9,9,1706
2014,11,9,10,2356
2014,11,9,11,2275
2014,11,9,12,2254
2014,11,9,13,2703
2014,11,9,14,1848
2014,11,9,15,2892
2014,11,9,16,829
2014,11,9,17,1041
2014,11,9,18,2709
2014,11,9,19,1284
2014,11,9,20,1550
2014,11,9,21,1364
2014,11,9,22,2564
2014,11,9,23,966
2014,11,9,24,2101
2014,11,9,25,2716
2014,11,9,26,1634
2014,11,9,27,710
2014,11,9,28,2883
2014,11,9,29,2252
2014,11,9,30,1352
2014,11,9,31,1865
2014,11,9,32,1376
2014,11,9,33,2197
2014,11,9,34,865
2014,11,9,35,2039
2014,11,9,36,2524
2014,11,9,37,920
2014,11,9,38,2572
2014,11,9,39,1376
2014,11,9,40,952
2014,11,9,41,698
2014,11,9,42,1189
2014,11,9,43,1658
2014,11,9,44,918
2014,11,9,45,2567
2014,11,9,46,1818
2014,11,9,47,717
2014,11,9,48,1657
2014,11,9,49,921
2014,11,9,50,2089
2014,11,10,1,757
2014,11,10,2,1949
2014,11,10,3,1257
2014,11,10,4,757
2014,11,10,5,681
2014,11,10,6,1982
2014,11,10,7,1963
2014,11,10,8,2667
2014,11,10,9,1786
2014,11,10,10,2576
2014,11,10,11,2290
2014,11,10,12,2444
2014,11,10,13,2928
2014,11,10,14,2001
2014,11,10,15,3131
2014,11,10,16,890
2014,11,10,17,1064
2014,11,10,18,2898
2014,11,10,19,1379
2014,11,10,20,1623
2014,11,10,21,1379
2014,11,10,22,2755
2014,11,10,23,1047
2014,11,10,24,2165
2014,11,10,25,2861
2014,11,10,26,1598
2014,11,10,27,807
2014,11,10,28,3068
2014,11,10,29,2417
2014,11,10,30,1433
2014,11,10,31,2018
2014,11,10,32,1506
2014,11,10,33,2424
2014,11,10,34,897
2014,11,10,35,2168
2014,11,10,36,2674
2014,11,10,37,980
2014,11,10,38,2706
2014,11,10,39,1495
2014,11,10,40,1081
2014,11,10,41,717
2014,11,10,42,1237
2014,11,10,43,1867
2014,11,10,44,1024
2014,11,10,45,2773
2014,11,10,46,2001
2014,11,10,47,749
2014,11,10,48,1746
2014,11,10,49,1067
2014,11,10,50,2280
2014,12,1,1,409
2014,12,1,2,1211
2014,12,1,3,729
2014,12,1,4,474
2014,12,1,5,343
2014,12,1,6,1151
2014,12,1,7,1121
2014,12,1,8,1500
2014,12,1,9,1043
2014,12,1,10,1439
2014,12,1,11,1365
2014,12,1,12,1385
2014,12,1,13,1670
2014,12,1,14,1216
2014,12,1,15,1802
2014,12,1,16,505
2014,12,1,17,667
2014,12,1,18,1723
2014,12,1,19,841
2014,12,1,20,975
2014,12,1,21,805
2014,12,1,22,1583
2014,12,1,23,590
2014,12,1,24,1333
2014,12,1,25,1604
2014,12,1,26,962
2014,12,1,27,453
2014,12,1,28,1798
2014,12,1,29,1384
2014,12,1,30,785
2014,12,1,31,1247
2014,12,1,32,914
2014,12,1,33,1400
2014,12,1,34,530
2014,12,1,35,1341
2014,12,1,36,1510
2014,12,1,37,607
2014,12,1,38,1651
2014,12,1,39,865
2014,12,1,40,564
2014,12,1,41,436
2014,12,1,42,738
2014,12,1,43,1097
2014,12,1,44,619
2014,12,1,45,1579
2014,12,1,46,1143
2014,12,1,47,413
2014,12,1,48,1018
2014,12,1,49,593
2014,12,1,50,1284
2014,12,2,1,640
2014,12,2,2,1699
2014,12,2,3,1003
2014,12,2,4,619
2014,12,2,5,531
2014,12,2,6,1669
2014,12,2,7,1643
2014,12,2,8,2156
2014,12,2,9,1456
2014,12,2,10,2083
2014,12,2,11,1921
2014,12,2,12,1915
2014,12,2,13,2354
2014,12,2,14,1673
2014,12,2,15,2454
2014,12,2,16,757
2014,12,2,17,926
2014,12,2,18,2366
2014,12,2,19,1089
2014,12,2,20,1382
2014,12,2,21,1104
2014,12,2,22,2252
2014,12,2,23,823
2014,12,2,24,1909
2014,12,2,25,2247
2014,12,2,26,1287
2014,12,2,27,611
2014,12,2,28,2502
2014,12,2,29,2063
2014,12,2,30,1179
2014,12,2,31,1640
2014,12,2,32,1309
2014,12,2,33,1935
2014,12,2,34,735
2014,12,2,35,1906
2014,12,2,36,2268
2014,12,2,37,785
2014,12,2,38,2294
2014,12,2,39,1298
2014,12,2,40,852
2014,12,2,41,643
2014,12,2,42,1011
2014,12,2,43,1487
2014,12,2,44,887
2014,12,2,45,2183
2014,12,2,46,1688
2014,12,2,47,617
2014,12,2,48,1420
2014,12,2,49,824
2014,12,2,50,1894
2014,12,3,1,544
2014,12,3,2,1500
2014,12,3,3,943
2014,12,3,4,501
2014,12,3,5,462
2014,12,3,6,1484
2014,12,3,7,1521
2014,12,3,8,1915
2014,12,3,9,1321
2014,12,3,10,1816
2014,12,3,11,1771
2014,12,3,12,1740
2014,12,3,13,2076
2014,12,3,14,1445
2014,12,3,15,2202
2014,12,3,16,643
2014,12,3,17,803
2014,12,3,18,2093
2014,12,3,19,1042
2014,12,3,20,1269
2014,12,3,21,1095
2014,12,3,22,2014
2014,12,3,23,741
2014,12,3,24,1604
2014,12,3,25,2037
2014,12,3,26,1194
2014,12,3,27,541
2014,12,3,28,2205
2014,12,3,29,1759
2014,12,3,30,987
2014,12,3,31,1435
2014,12,3,32,1116
2014,12,3,33,1769
2014,12,3,34,634
2014,12,3,35,1602
2014,12,3,36,2070
2014,12,3,37,751
2014,12,3,38,2023
2014,12,3,39,1144
2014,12,3,40,750
2014,12,3,41,554
2014,12,3,42,904
2014,12,3,43,1358
2014,12,3,44,736
2014,12,3,45,1971
2014,12,3,46,1476
2014,12,3,47,534
2014,12,3,48,1318
2014,12,3,49,751
2014,12,3,50,1670
2014,12,4,1,518
2014,12,4,2,1317
2014,12,4,3,928
2014,12,4,4,532
2014,12,4,5,451
2014,12,4,6,1398
2014,12,4,7,1312
2014,12,4,8,1708
2014,12,4,9,1181
2014,12,4,10,1691
2014,12,4,11,1621
2014,12,4,12,1593
2014,12,4,13,1937
2014,12,4,14,1273
2014,12,4,15,2063
2014,12,4,16,630
2014,12,4,17,769
2014,12,4,18,2000
2014,12,4,19,930
2014,12,4,20,1111
2014,12,4,21,933
2014,12,4,22,1922
2014,12,4,23,672
2014,12,4,24,1508
2014,12,4,25,1871
2014,12,4,26,1030
2014,12,4,27,512
2014,12,4,28,2152
2014,12,4,29,1592
2014,12,4,30,897
2014,12,4,31,1451
2014,12,4,32,943
2014,12,4,33,1628
2014,12,4,34,585
2014,12,4,35,1505
2014,12,4,36,1820
2014,12,4,37,713
2014,12,4,38,1818
2014,12,4,39,1012
2014,12,4,40,686
2014,12,4,41,485
2014,12,4,42,886
2014,12,4,43,1145
2014,12,4,44,720
2014,12,4,45,1889
2014,12,4,46,1327
2014,12,4,47,469
2014,12,4,48,1220
2014,12,4,49,691
2014,12,4,50,1530
2014,12,5,1,383
2014,12,5,2,1013
2014,12,5,3,629
2014,12,5,4,395
2014,12,5,5,311
2014,12,5,6,979
2014,12,5,7,977
2014,12,5,8,1356
2014,12,5,9,914
2014,12,5,10,1250
2014,12,5,11,1128
2014,12,5,12,1167
2014,12,5,13,1449
2014,12,5,14,948
2014,12,5,15,1433
2014,12,5,16,449
2014,12,5,17,549
2014,12,5,18,1432
2014,12,5,19,677
2014,12,5,20,782
2014,12,5,21,660
2014,12,5,22,1370
2014,12,5,23,478
2014,12,5,24,1071
2014,12,5,25,1293
2014,12,5,26,882
2014,12,5,27,363
2014,12,5,28,1543
2014,12,5,29,1126
2014,12,5,30,694
2014,12,5,31,989
2014,12,5,32,716
2014,12,5,33,1164
2014,12,5,34,407
2014,12,5,35,1107
2014,12,5,36,1285
2014,12,5,37,491
2014,12,5,38,1302
2014,12,5,39,715
2014,12,5,40,521
2014,12,5,41,366
2014,12,5,42,586
2014,12,5,43,901
2014,12,5,44,491
2014,12,5,45,1347
2014,12,5,46,960
2014,12,5,47,358
2014,12,5,48,863
2014,12,5,49,493
2014,12,5,50,1116
2014,12,6,1,393
2014,12,6,2,1036
2014,12,6,3,629
2014,12,6,4,342
2014,12,6,5,288
2014,12,6,6,1014
2014,12,6,7,994
2014,12,6,8,1313
2014,12,6,9,860
2014,12,6,10,1215
2014,12,6,11,1224
2014,12,6,12,1131
2014,12,6,13,1406
2014,12,6,14,979
2014,12,6,15,1548
2014,12,6,16,441
2014,12,6,17,610
2014,12,6,18,1396
2014,12,6,19,674
2014,12,6,20,851
2014,12,6,21,669
2014,12,6,22,1368
2014,12,6,23,465
2014,12,6,24,1105
2014,12,6,25,1372
2014,12,6,26,788
2014,12,6,27,377
2014,12,6,28,1487
2014,12,6,29,1152
2014,12,6,30,695
2014,12,6,31,949
2014,12,6,32,731
2014,12,6,33,1205
2014,12,6,34,457
2014,12,6,35,1113
2014,12,6,36,1311
2014,12,6,37,514
2014,12,6,38,1316
2014,12,6,39,739
2014,12,6,40,499
2014,12,6,41,379
2014,12,6,42,593
2014,12,6,43,825
2014,12,6,44,528
2014,12,6,45,1385
2014,12,6,46,991
2014,12,6,47,403
2014,12,6,48,909
2014,12,6,49,503
2014,12,6,50,1181
2014,12,7,1,338
2014,12,7,2,917
2014,12,7,3,598
2014,12,7,4,324
2014,12,7,5,276
2014,12,7,6,907
2014,12,7,7,938
2014,12,7,8,1133
2014,12,7,9,817
2014,12,7,10,1088
2014,12,7,11,1116
2014,12,7,12,1118
2014,12,7,13,1312
2014,12,7,14,920
2014,12,7,15,1338
2014,12,7,16,389
2014,12,7,17,496
2014,12,7,18,1354
2014,12,7,19,614
2014,12,7,20,746
2014,12,7,21,649
2014,12,7,22,1261
2014,12,7,23,410
2014,12,7,24,1010
2014,12,7,25,1274
2014,12,7,26,713
2014,12,7,27,333
2014,12,7,28,1359
2014,12,7,29,1055
2014,12,7,30,579
2014,12,7,31,889
2014,12,7,32,665
2014,12,7,33,1025
2014,12,7,34,428
2014,12,7,35,1022
2014,12,7,36,1191
2014,12,7,37,424
2014,12,7,38,1219
2014,12,7,39,644
2014,12,7,40,435
2014,12,7,41,359
2014,12,7,42,549
2014,12,7,43,784
2014,12,7,44,434
2014,12,7,45,1215
2014,12,7,46,919
2014,12,7,47,350
2014,12,7,48,760
2014,12,7,49,478
2014,12,7,50,999
2014,12,8,1,601
2014,12,8,2,1622
2014,12,8,3,1068
2014,12,8,4,636
2014,12,8,5,479
2014,12,8,6,1565
2014,12,8,7,1600
2014,12,8,8,2016
2014,12,8,9,1390
2014,12,8,10,1996
2014,12,8,11,1925
2014,12,8,12,1957
2014,12,8,13,2398
2014,12,8,14,1550
2014,12,8,15,2278
2014,12,8,16,694
2014,12,8,17,901
2014,12,8,18,2318
2014,12,8,19,1130
2014,12,8,20,1301
2014,12,8,21,1066
2014,12,8,22,2201
2014,12,8,23,818
2014,12,8,24,1851
2014,12,8,25,2163
2014,12,8,26,1272
2014,12,8,27,618
2014,12,8,28,2452
2014,12,8,29,1832
2014,12,8,30,1072
2014,12,8,31,1638
2014,12,8,32,1201
2014,12,8,33,1868
2014,12,8,34,730
2014,12,8,35,1788
2014,12,8,36,2009
2014,12,8,37,784
2014,12,8,38,2141
2014,12,8,39,1131
2014,12,8,40,798
2014,12,8,41,589
2014,12,8,42,975
2014,12,8,43,1369
2014,12,8,44,796
2014,12,8,45,2181
2014,12,8,46,1625
2014,12,8,47,611
2014,12,8,48,1398
2014,12,8,49,763
2014,12,8,50,1826
2014,12,9,1,515
2014,12,9,2,1383
2014,12,9,3,894
2014,12,9,4,495
2014,12,9,5,417
2014,12,9,6,1373
2014,12,9,7,1391
2014,12,9,8,1835
2014,12,9,9,1204
2014,12,9,10,1757
2014,12,9,11,1629
2014,12,9,12,1619
2014,12,9,13,1995
2014,12,9,14,1372
2014,12,9,15,2104
2014,12,9,16,544
2014,12,9,17,788
2014,12,9,18,1980
2014,12,9,19,968
2014,12,9,20,1132
2014,12,9,21,968
2014,12,9,22,1893
2014,12,9,23,689
2014,12,9,24,1521
2014,12,9,25,1835
2014,12,9,26,1137
2014,12,9,27,508
2014,12,9,28,2014
2014,12,9,29,1613
2014,12,9,30,897
2014,12,9,31,1313
2014,12,9,32,1010
2014,12,9,33,1620
2014,12,9,34,593
2014,12,9,35,1501
2014,12,9,36,1778
2014,12,9,37,622
2014,12,9,38,1868
2014,12,9,39,1015
2014,12,9,40,688
2014,12,9,41,467
2014,12,9,42,838
2014,12,9,43,1191
2014,12,9,44,684
2014,12,9,45,1888
2014,12,9,46,1330
2014,12,9,47,498
2014,12,9,48,1284
2014,12,9,49,682
2014,12,9,50,1488
2014,12,10,1,569
2014,12,10,2,1455
2014,12,10,3,849
2014,12,10,4,542
2014,12,10,5,439
2014,12,10,6,1441
2014,12,10,7,1503
2014,12,10,8,1889
2014,12,10,9,1281
2014,12,10,10,1798
2014,12,10,11,1722
2014,12,10,12,1642
2014,12,10,13,2097
2014,12,10,14,1449
2014,12,10,15,2180
2014,12,10,16,654
2014,12,10,17,809
2014,12,10,18,2113
2014,12,10,19,1004
2014,12,10,20,1193
2014,12,10,21,1052
2014,12,10,22,2043
2014,12,10,23,744
2014,12,10,24,1681
2014,12,10,25,2075
2014,12,10,26,1209
2014,12,10,27,515
2014,12,10,28,2145
2014,12,10,29,1782
2014,12,10,30,974
2014,12,10,31,1394
2014,12,10,32,1088
2014,12,10,33,1789
2014,12,10,34,618
2014,12,10,35,1677
2014,12,10,36,1954
2014,12,10,37,692
2014,12,10,38,2005
2014,12,10,39,1042
2014,12,10,40,695
2014,12,10,41,556
2014,12,10,42,901
2014,12,10,43,1265
2014,12,10,44,694
2014,12,10,45,2086
2014,12,10,46,1435
2014,12,10,47,550
2014,12,10,48,1335
2014,12,10,49,743
2014,12,10,50,1645
2015,1,1,1,428
2015,1,1,2,1114
2015,1,1,3,719
2015,1,1,4,454
2015,1,1,5,367
2015,1,1,6,1091
2015,1,1,7,1086
2015,1,1,8,1495
2015,1,1,9,1022
2015,1,1,10,1450
2015,1,1,11,1333
2015,1,1,12,1376
2015,1,1,13,1514
2015,1,1,14,1113
2015,1,1,15,1658
2015,1,1,16,470
2015,1,1,17,625
2015,1,1,18,1646
2015,1,1,19,724
2015,1,1,20,878
2015,1,1,21,790
2015,1,1,22,1543
2015,1,1,23,571
2015,1,1,24,1255
2015,1,1,25,1471
2015,1,1,26,880
2015,1,1,27,418
2015,1,1,28,1743
2015,1,1,29,1326
2015,1,1,30,818
2015,1,1,31,1131
2015,1,1,32,847
2015,1,1,33,1273
2015,1,1,34,490
2015,1,1,35,1294
2015,1,1,36,1455
2015,1,1,37,551
2015,1,1,38,1509
2015,1,1,39,814
2015,1,1,40,543
2015,1,1,41,406
2015,1,1,42,695
2015,1,1,43,968
2015,1,1,44,512
2015,1,1,45,1629
2015,1,1,46,1131
2015,1,1,47,410
2015,1,1,48,1006
2015,1,1,49,561
2015,1,1,50,1239
2015,1,2,1,591
2015,1,2,2,1572
2015,1,2,3,1034
2015,1,2,4,575
2015,1,2,5,517
2015,1,2,6,1560
2015,1,2,7,1511
2015,1,2,8,2081
2015,1,2,9,1350
2015,1,2,10,2001
2015,1,2,11,1811
2015,1,2,12,1840
2015,1,2,13,2310
2015,1,2,14,1568
2015,1,2,15,2377
2015,1,2,16,773
2015,1,2,17,902
2015,1,2,18,2304
2015,1,2,19,1104
2015,1,2,20,1235
2015,1,2,21,1009
2015,1,2,22,2171
2015,1,2,23,803
2015,1,2,24,1865
2015,1,2,25,2193
2015,1,2,26,1289
2015,1,2,27,651
2015,1,2,28,2362
2015,1,2,29,1867
2015,1,2,30,1133
2015,1,2,31,1634
2015,1,2,32,1200
2015,1,2,33,1872
2015,1,2,34,710
2015,1,2,35,1786
2015,1,2,36,2012
2015,1,2,37,828
2015,1,2,38,2229
2015,1,2,39,1205
2015,1,2,40,797
2015,1,2,41,644
2015,1,2,42,982
2015,1,2,43,1420
2015,1,2,44,775
2015,1,2,45,2175
2015,1,2,46,1569
2015,1,2,47,616
2015,1,2,48,1436
2015,1,2,49,850
2015,1,2,50,1780
2015,1,3,1,520
2015,1,3,2,1394
2015,1,3,3,896
2015,1,3,4,520
2015,1,3,5,441
2015,1,3,6,1397
2015,1,3,7,1366
2015,1,3,8,1849
2015,1,3,9,1244
2015,1,3,10,1745
2015,1,3,11,1660
2015,1,3,12,1663
2015,1,3,13,2046
2015,1,3,14,1448
2015,1,3,15,2154
2015,1,3,16,623
2015,1,3,17,778
2015,1,3,18,1962
2015,1,3,19,963
2015,1,3,20,1177
2015,1,3,21,997
2015,1,3,22,1951
2015,1,3,23,723
2015,1,3,24,1583
2015,1,3,25,2073
2015,1,3,26,1139
2015,1,3,27,524
2015,1,3,28,2117
2015,1,3,29,1725
2015,1,3,30,965
2015,1,3,31,1402
2015,1,3,32,1086
2015,1,3,33,1654
2015,1,3,34,626
2015,1,3,35,1620
2015,1,3,36,1876
2015,1,3,37,686
2015,1,3,38,1900
2015,1,3,39,1100
2015,1,3,40,716
2015,1,3,41,529
2015,1,3,42,834
2015,1,3,43,1228
2015,1,3,44,669
2015,1,3,45,1915
2015,1,3,46,1356
2015,1,3,47,550
2015,1,3,48,1223
2015,1,3,49,722
2015,1,3,50,1597
2015,1,4,1,485
2015,1,4,2,1322
2015,1,4,3,821
2015,1,4,4,500
2015,1,4,5,450
2015,1,4,6,1313
2015,1,4,7,1302
2015,1,4,8,1642
2015,1,4,9,1116
2015,1,4,10,1573
2015,1,4,11,1538
2015,1,4,12,1561
2015,1,4,13,1855
2015,1,4,14,1373
2015,1,4,15,1919
2015,1,4,16,564
2015,1,4,17,701
2015,1,4,18,1805
2015,1,4,19,896
2015,1,4,20,1098
2015,1,4,21,939
2015,1,4,22,1771
2015,1,4,23,653
2015,1,4,24,1500
2015,1,4,25,1770
2015,1,4,26,1026
2015,1,4,27,479
2015,1,4,28,1955
2015,1,4,29,1483
2015,1,4,30,898
2015,1,4,31,1292
2015,1,4,32,940
2015,1,4,33,1563
2015,1,4,34,578
2015,1,4,35,1462
2015,1,4,36,1752
2015,1,4,37,613
2015,1,4,38,1859
2015,1,4,39,988
2015,1,4,40,664
2015,1,4,41,515
2015,1,4,42,828
2015,1,4,43,1150
2015,1,4,44,715
2015,1,4,45,1756
2015,1,4,46,1306
2015,1,4,47,476
2015,1,4,48,1157
2015,1,4,49,644
2015,1,4,50,1496
2015,1,5,1,367
2015,1,5,2,951
2015,1,5,3,618
2015,1,5,4,347
2015,1,5,5,290
2015,1,5,6,926
2015,1,5,7,978
2015,1,5,8,1237
2015,1,5,9,787
2015,1,5,10,1180
2015,1,5,11,1098
2015,1,5,12,1139
2015,1,5,13,1363
2015,1,5,14,989
2015,1,5,15,1459
2015,1,5,16,430
2015,1,5,17,528
2015,1,5,18,1317
2015,1,5,19,674
2015,1,5,20,715
2015,1,5,21,652
2015,1,5,22,1297
2015,1,5,23,480
2015,1,5,24,1088
2015,1,5,25,1295
2015,1,5,26,772
2015,1,5,27,329
2015,1,5,28,1459
2015,1,5,29,1167
2015,1,5,30,646
2015,1,5,31,968
2015,1,5,32,693
2015,1,5,33,1156
2015,1,5,34,410
2015,1,5,35,1054
2015,1,5,36,1235
2015,1,5,37,488
2015,1,5,38,1341
2015,1,5,39,694
2015,1,5,40,434
2015,1,5,41,362
2015,1,5,42,600
2015,1,5,43,816
2015,1,5,44,469
2015,1,5,45,1305
2015,1,5,46,958
2015,1,5,47,351
2015,1,5,48,831
2015,1,5,49,461
2015,1,5,50,1030
2015,1,6,1,330
2015,1,6,2,899
2015,1,6,3,571
2015,1,6,4,353
2015,1,6,5,292
2015,1,6,6,928
2015,1,6,7,950
2015,1,6,8,1259
2015,1,6,9,849
2015,1,6,10,1192
2015,1,6,11,1163
2015,1,6,12,1088
2015,1,6,13,1356
2015,1,6,14,988
2015,1,6,15,1470
2015,1,6,16,412
2015,1,6,17,506
2015,1,6,18,1341
2015,1,6,19,659
2015,1,6,20,774
2015,1,6,21,629
2015,1,6,22,1262
2015,1,6,23,463
2015,1,6,24,1059
2015,1,6,25,1237
2015,1,6,26,790
2015,1,6,27,348
2015,1,6,28,1419
2015,1,6,29,1201
2015,1,6,30,640
2015,1,6,31,964
2015,1,6,32,722
2015,1,6,33,1033
2015,1,6,34,391
2015,1,6,35,1092
2015,1,6,36,1242
2015,1,6,37,507
2015,1,6,38,1322
2015,1,6,39,691
2015,1,6,40,459
2015,1,6,41,348
2015,1,6,42,557
2015,1,6,43,813
2015,1,6,44,470
2015,1,6,45,1307
2015,1,6,46,961
2015,1,6,47,335
2015,1,6,48,816
2015,1,6,49,488
2015,1,6,50,1061
2015,1,7,1,305
2015,1,7,2,903
2015,1,7,3,521
2015,1,7,4,348
2015,1,7,5,285
2015,1,7,6,865
2015,1,7,7,831
2015,1,7,8,1169
2015,1,7,9,747
2015,1,7,10,1100
2015,1,7,11,1024
2015,1,7,12,1044
2015,1,7,13,1271
2015,1,7,14,860
2015,1,7,15,1309
2015,1,7,16,386
2015,1,7,17,478
2015,1,7,18,1196
2015,1,7,19,570
2015,1,7,20,676
2015,1,7,21,569
2015,1,7,22,1136
2015,1,7,23,449
2015,1,7,24,967
2015,1,7,25,1180
2015,1,7,26,704
2015,1,7,27,317
2015,1,7,28,1326
2015,1,7,29,1018
2015,1,7,30,610
2015,1,7,31,801
2015,1,7,32,657
2015,1,7,33,1012
2015,1,7,34,389
2015,1,7,35,972
2015,1,7,36,1183
2015,1,7,37,435
2015,1,7,38,1222
2015,1,7,39,687
2015,1,7,40,461
2015,1,7,41,331
2015,1,7,42,550
2015,1,7,43,775
2015,1,7,44,409
2015,1,7,45,1188
2015,1,7,46,863
2015,1,7,47,307
2015,1,7,48,755
2015,1,7,49,396
2015,1,7,50,914
2015,1,8,1,582
2015,1,8,2,1551
2015,1,8,3,956
2015,1,8,4,549
2015,1,8,5,450
2015,1,8,6,1567
2015,1,8,7,1481
2015,1,8,8,2010
2015,1,8,9,1355
2015,1,8,10,1896
2015,1,8,11,1771
2015,1,8,12,1769
2015,1,8,13,2190
2015,1,8,14,1488
2015,1,8,15,2360
2015,1,8,16,625
2015,1,8,17,839
2015,1,8,18,2140
2015,1,8,19,1033
2015,1,8,20,1252
2015,1,8,21,1043
2015,1,8,22,2023
2015,1,8,23,763
2015,1,8,24,1728
2015,1,8,25,2112
2015,1,8,26,1199
2015,1,8,27,596
2015,1,8,28,2360
2015,1,8,29,1765
2015,1,8,30,1013
2015,1,8,31,1586
2015,1,8,32,1157
2015,1,8,33,1797
2015,1,8,34,675
2015,1,8,35,1759
2015,1,8,36,2048
2015,1,8,37,760
2015,1,8,38,2104
2015,1,8,39,1163
2015,1,8,40,799
2015,1,8,41,585
2015,1,8,42,953
2015,1,8,43,1352
2015,1,8,44,762
2015,1,8,45,2125
2015,1,8,46,1445
2015,1,8,47,605
2015,1,8,48,1317
2015,1,8,49,724
2015,1,8,50,1689
2015,1,9,1,497
2015,1,9,2,1359
2015,1,9,3,811
2015,1,9,4,520
2015,1,9,5,384
2015,1,9,6,1299
2015,1,9,7,1326
2015,1,9,8,1684
2015,1,9,9,1164
2015,1,9,10,1614
2015,1,9,11,1556
2015,1,9,12,1581
2015,1,9,13,1838
2015,1,9,14,1336
2015,1,9,15,2049
2015,1,9,16,575
2015,1,9,17,713
2015,1,9,18,1778
2015,1,9,19,904
2015,1,9,20,1009
2015,1,9,21,857
2015,1,9,22,1708
2015,1,9,23,603
2015,1,9,24,1535
2015,1,9,25,1774
2015,1,9,26,1014
2015,1,9,27,513
2015,1,9,28,1998
2015,1,9,29,1510
2015,1,9,30,934
2015,1,9,31,1341
2015,1,9,32,1028
2015,1,9,33,1557
2015,1,9,34,561
2015,1,9,35,1521
2015,1,9,36,1748
2015,1,9,37,654
2015,1,9,38,1747
2015,1,9,39,1024
2015,1,9,40,665
2015,1,9,41,539
2015,1,9,42,834
2015,1,9,43,1166
2015,1,9,44,662
2015,1,9,45,1830
2015,1,9,46,1376
2015,1,9,47,478
2015,1,9,48,1137
2015,1,9,49,652
2015,1,9,50,1432
2015,1,10,1,521
2015,1,10,2,1446
2015,1,10,3,861
2015,1,10,4,529
2015,1,10,5,446
2015,1,10,6,1397
2015,1,10,7,1361
2015,1,10,8,1784
2015,1,10,9,1232
2015,1,10,10,1732
2015,1,10,11,1643
2015,1,10,12,1577
2015,1,10,13,2006
2015,1,10,14,1392
2015,1,10,15,2095
2015,1,10,16,636
2015,1,10,17,812
2015,1,10,18,2007
2015,1,10,19,938
2015,1,10,20,1124
2015,1,10,21,897
2015,1,10,22,1956
2015,1,10,23,688
2015,1,10,24,1602
2015,1,10,25,1892
2015,1,10,26,1153
2015,1,10,27,507
2015,1,10,28,2132
2015,1,10,29,1625
2015,1,10,30,920
2015,1,10,31,1435
2015,1,10,32,1075
2015,1,10,33,1643
2015,1,10,34,641
2015,1,10,35,1576
2015,1,10,36,1807
2015,1,10,37,669
2015,1,10,38,1875
2015,1,10,39,1067
2015,1,10,40,686
2015,1,10,41,494
2015,1,10,42,911
2015,1,10,43,1179
2015,1,10,44,702
2015,1,10,45,1886
2015,1,10,46,1344
2015,1,10,47,548
2015,1,10,48,1157
2015,1,10,49,702
2015,1,10,50,1512
2015,2,1,1,399
2015,2,1,2,1157
2015,2,1,3,670
2015,2,1,4,407
2015,2,1,5,335
2015,2,1,6,1116
2015,2,1,7,1111
2015,2,1,8,1443
2015,2,1,9,929
2015,2,1,10,1357
2015,2,1,11,1330
2015,2,1,12,1318
2015,2,1,13,1583
2015,2,1,14,1142
2015,2,1,15,1666
2015,2,1,16,510
2015,2,1,17,641
2015,2,1,18,1676
2015,2,1,19,779
2015,2,1,20,930
2015,2,1,21,818
2015,2,1,22,1557
2015,2,1,23,562
2015,2,1,24,1220
2015,2,1,25,1487
2015,2,1,26,875
2015,2,1,27,411
2015,2,1,28,1657
2015,2,1,29,1306
2015,2,1,30,701
2015,2,1,31,1087
2015,2,1,32,883
2015,2,1,33,1331
2015,2,1,34,482
2015,2,1,35,1243
2015,2,1,36,1469
2015,2,1,37,557
2015,2,1,38,1493
2015,2,1,39,859
2015,2,1,40,556
2015,2,1,41,402
2015,2,1,42,756
2015,2,1,43,950
2015,2,1,44,561
2015,2,1,45,1519
2015,2,1,46,1158
2015,2,1,47,423
2015,2,1,48,989
2015,2,1,49,520
2015,2,1,50,1199
2015,2,2,1,603
2015,2,2,2,1519
2015,2,2,3,983
2015,2,2,4,574
2015,2,2,5,500
2015,2,2,6,1597
2015,2,2,7,1661
2015,2,2,8,2120
2015,2,2,9,1426
2015,2,2,10,2003
2015,2,2,11,1881
2015,2,2,12,1843
2015,2,2,13,2287
2015,2,2,14,1731
2015,2,2,15,2452
2015,2,2,16,698
2015,2,2,17,957
2015,2,2,18,2336
2015,2,2,19,1121
2015,2,2,20,1317
2015,2,2,21,1143
2015,2,2,22,2223
2015,2,2,23,812
2015,2,2,24,1767
2015,2,2,25,2191
2015,2,2,26,1259
2015,2,2,27,620
2015,2,2,28,2435
2015,2,2,29,1862
2015,2,2,30,1053
2015,2,2,31,1562
2015,2,2,32,1232
2015,2,2,33,1845
2015,2,2,34,700
2015,2,2,35,1775
2015,2,2,36,2121
2015,2,2,37,749
2015,2,2,38,2133
2015,2,2,39,1131
2015,2,2,40,813
2015,2,2,41,561
2015,2,2,42,1010
2015,2,2,43,1348
2015,2,2,44,811
2015,2,2,45,2191
2015,2,2,46,1551
2015,2,2,47,557
2015,2,2,48,1352
2015,2,2,49,768
2015,2,2,50,1766
2015,2,3,1,486
2015,2,3,2,1399
2015,2,3,3,872
2015,2,3,4,531
2015,2,3,5,461
2015,2,3,6,1489
2015,2,3,7,1422
2015,2,3,8,1854
2015,2,3,9,1283
2015,2,3,10,1740
2015,2,3,11,1652
2015,2,3,12,1689
2015,2,3,13,1945
2015,2,3,14,1411
2015,2,3,15,2093
2015,2,3,16,645
2015,2,3,17,813
2015,2,3,18,2039
2015,2,3,19,965
2015,2,3,20,1149
2015,2,3,21,942
2015,2,3,22,1956
2015,2,3,23,705
2015,2,3,24,1665
2015,2,3,25,1981
2015,2,3,26,1176
2015,2,3,27,558
2015,2,3,28,2107
2015,2,3,29,1592
2015,2,3,30,971
2015,2,3,31,1450
2015,2,3,32,969
2015,2,3,33,1725
2015,2,3,34,629
2015,2,3,35,1572
2015,2,3,36,1862
2015,2,3,37,696
2015,2,3,38,1997
2015,2,3,39,1061
2015,2,3,40,644
2015,2,3,41,524
2015,2,3,42,868
2015,2,3,43,1307
2015,2,3,44,680
2015,2,3,45,1963
2015,2,3,46,1410
2015,2,3,47,576
2015,2,3,48,1280
2015,2,3,49,734
2015,2,3,50,1604
2015,2,4,1,503
2015,2,4,2,1271
2015,2,4,3,843
2015,2,4,4,485
2015,2,4,5,408
2015,2,4,6,1353
2015,2,4,7,1276
2015,2,4,8,1695
2015,2,4,9,1145
2015,2,4,10,1601
2015,2,4,11,1563
2015,2,4,12,1585
2015,2,4,13,1890
2015,2,4,14,1307
2015,2,4,15,1934
2015,2,4,16,555
2015,2,4,17,726
2015,2,4,18,1964
2015,2,4,19,896
2015,2,4,20,1069
2015,2,4,21,878
2015,2,4,22,1795
2015,2,4,23,677
2015,2,4,24,1517
2015,2,4,25,1849
2015,2,4,26,1079
2015,2,4,27,457
2015,2,4,28,2009
2015,2,4,29,1556
2015,2,4,30,876
2015,2,4,31,1324
2015,2,4,32,967
2015,2,4,33,1574
2015,2,4,34,609
2015,2,4,35,1419
2015,2,4,36,1710
2015,2,4,37,632
2015,2,4,38,1798
2015,2,4,39,976
2015,2,4,40,644
2015,2,4,41,474
2015,2,4,42,797
2015,2,4,43,1110
2015,2,4,44,624
2015,2,4,45,1771
2015,2,4,46,1249
2015,2,4,47,473
2015,2,4,48,1179
2015,2,4,49,688
2015,2,4,50,1412
2015,2,5,1,365
2015,2,5,2,918
2015,2,5,3,583
2015,2,5,4,364
2015,2,5,5,307
2015,2,5,6,926
2015,2,5,7,969
2015,2,5,8,1235
2015,2,5,9,798
2015,2,5,10,1232
2015,2,5,11,1072
2015,2,5,12,1142
2015,2,5,13,1333
2015,2,5,14,1000
2015,2,5,15,1358
2015,2,5,16,393
2015,2,5,17,544
2015,2,5,18,1385
2015,2,5,19,622
2015,2,5,20,726
2015,2,5,21,625
2015,2,5,22,1200
2015,2,5,23,448
2015,2,5,24,979
2015,2,5,25,1331
2015,2,5,26,799
2015,2,5,27,335
2015,2,5,28,1361
2015,2,5,29,1150
2015,2,5,30,693
2015,2,5,31,959
2015,2,5,32,684
2015,2,5,33,1108
2015,2,5,34,437
2015,2,5,35,1092
2015,2,5,36,1213
2015,2,5,37,474
2015,2,5,38,1266
2015,2,5,39,684
2015,2,5,40,442
2015,2,5,41,324
2015,2,5,42,549
2015,2,5,43,816
2015,2,5,44,499
2015,2,5,45,1313
2015,2,5,46,970
2015,2,5,47,339
2015,2,5,48,794
2015,2,5,49,497
2015,2,5,50,1116
2015,2,6,1,351
2015,2,6,2,928
2015,2,6,3,558
2015,2,6,4,347
2015,2,6,5,277
2015,2,6,6,953
2015,2,6,7,881
2015,2,6,8,1251
2015,2,6,9,836
2015,2,6,10,1154
2015,2,6,11,1132
2015,2,6,12,1092
2015,2,6,13,1310
2015,2,6,14,950
2015,2,6,15,1375
2015,2,6,16,426
2015,2,6,17,536
2015,2,6,18,1372
2015,2,6,19,630
2015,2,6,20,758
2015,2,6,21,617
2015,2,6,22,1321
2015,2,6,23,486
2015,2,6,24,1053
2015,2,6,25,1300
2015,2,6,26,778
2015,2,6,27,343
2015,2,6,28,1408
2015,2,6,29,1115
2015,2,6,30,684
2015,2,6,31,946
2015,2,6,32,691
2015,2,6,33,1117
2015,2,6,34,373
2015,2,6,35,1006
2015,2,6,36,1267
2015,2,6,37,452
2015,2,6,38,1328
2015,2,6,39,715
2015,2,6,40,474
2015,2,6,41,330
2015,2,6,42,622
2015,2,6,43,803
2015,2,6,44,455
2015,2,6,45,1205
2015,2,6,46,918
2015,2,6,47,377
2015,2,6,48,834
2015,2,6,49,481
2015,2,6,50,1057
2015,2,7,1,323
2015,2,7,2,835
2015,2,7,3,501
2015,2,7,4,309
2015,2,7,5,273
2015,2,7,6,844
2015,2,7,7,860
2015,2,7,8,1093
2015,2,7,9,695
2015,2,7,10,1060
2015,2,7,11,1002
2015,2,7,12,1021
2015,2,7,13,1153
2015,2,7,14,878
2015,2,7,15,1256
2015,2,7,16,383
2015,2,7,17,497
2015,2,7,18,1211
2015,2,7,19,608
2015,2,7,20,687
2015,2,7,21,628
2015,2,7,22,1154
2015,2,7,23,423
2015,2,7,24,956
2015,2,7,25,1197
2015,2,7,26,705
2015,2,7,27,301
2015,2,7,28,1240
2015,2,7,29,989
2015,2,7,30,619
2015,2,7,31,891
2015,2,7,32,682
2015,2,7,33,1056
2015,2,7,34,378
2015,2,7,35,983
2015,2,7,36,1188
2015,2,7,37,467
2015,2,7,38,1230
2015,2,7,39,601
2015,2,7,40,422
2015,2,7,41,313
2015,2,7,42,543
2015,2,7,43,732
2015,2,7,44,450
2015,2,7,45,1198
2015,2,7,46,861
2015,2,7,47,321
2015,2,7,48,750
2015,2,7,49,421
2015,2,7,50,980
2015,2,8,1,614
2015,2,8,2,1600
2015,2,8,3,954
2015,2,8,4,585
2015,2,8,5,466
2015,2,8,6,1445
2015,2,8,7,1526
2015,2,8,8,1961
2015,2,8,9,1282
2015,2,8,10,1850
2015,2,8,11,1790
2015,2,8,12,1795
2015,2,8,13,2198
2015,2,8,14,1485
2015,2,8,15,2229
2015,2,8,16,672
2015,2,8,17,891
2015,2,8,18,2212
2015,2,8,19,1072
2015,2,8,20,1228
2015,2,8,21,1046
2015,2,8,22,2096
2015,2,8,23,791
2015,2,8,24,1729
2015,2,8,25,2126
2015,2,8,26,1215
2015,2,8,27,556
2015,2,8,28,2285
2015,2,8,29,1774
2015,2,8,30,994
2015,2,8,31,1512
2015,2,8,32,1150
2015,2,8,33,1852
2015,2,8,34,719
2015,2,8,35,1684
2015,2,8,36,1999
2015,2,8,37,748
2015,2,8,38,1995
2015,2,8,39,1179
2015,2,8,40,723
2015,2,8,41,558
2015,2,8,42,950
2015,2,8,43,1387
2015,2,8,44,794
2015,2,8,45,2064
2015,2,8,46,1633
2015,2,8,47,575
2015,2,8,48,1332
2015,2,8,49,782
2015,2,8,50,1807
2015,2,9,1,456
2015,2,9,2,1306
2015,2,9,3,810
2015,2,9,4,449
2015,2,9,5,417
2015,2,9,6,1303
2015,2,9,7,1259
2015,2,9,8,1744
2015,2,9,9,1119
2015,2,9,10,1584
2015,2,9,11,1583
2015,2,9,12,1486
2015,2,9,13,1772
2015,2,9,14,1278
2015,2,9,15,1970
2015,2,9,16,567
2015,2,9,17,764
2015,2,9,18,1880
2015,2,9,19,879
2015,2,9,20,1018
2015,2,9,21,873
2015,2,9,22,1838
2015,2,9,23,619
2015,2,9,24,1483
2015,2,9,25,1820
2015,2,9,26,1030
2015,2,9,27,519
2015,2,9,28,1866
2015,2,9,29,1498
2015,2,9,30,961
2015,2,9,31,1301
2015,2,9,32,1003
2015,2,9,33,1508
2015,2,9,34,597
2015,2,9,35,1447
2015,2,9,36,1807
2015,2,9,37,654
2015,2,9,38,1783
2015,2,9,39,944
2015,2,9,40,656
2015,2,9,41,487
2015,2,9,42,791
2015,2,9,43,1155
2015,2,9,44,620
2015,2,9,45,1762
2015,2,9,46,1337
2015,2,9,47,542
2015,2,9,48,1144
2015,2,9,49,648
2015,2,9,50,1473
2015,2,10,1,533
2015,2,10,2,1379
2015,2,10,3,833
2015,2,10,4,536
2015,2,10,5,445
2015,2,10,6,1414
2015,2,10,7,1405
2015,2,10,8,1877
2015,2,10,9,1261
2015,2,10,10,1748
2015,2,10,11,1645
2015,2,10,12,1605
2015,2,10,13,2038
2015,2,10,14,1401
2015,2,10,15,2003
2015,2,10,16,600
2015,2,10,17,798
2015,2,10,18,2048
2015,2,10,19,941
2015,2,10,20,1150
2015,2,10,21,942
2015,2,10,22,1876
2015,2,10,23,703
2015,2,10,24,1604
2015,2,10,25,1935
2015,2,10,26,1117
2015,2,10,27,537
2015,2,10,28,2107
2015,2,10,29,1664
2015,2,10,30,983
2015,2,10,31,1398
2015,2,10,32,1044
2015,2,10,33,1696
2015,2,10,34,618
2015,2,10,35,1610
2015,2,10,36,1805
2015,2,10,37,693
2015,2,10,38,1849
2015,2,10,39,1073
2015,2,10,40,681
2015,2,10,41,516
2015,2,10,42,848
2015,2,10,43,1234
2015,2,10,44,720
2015,2,10,45,1912
2015,2,10,46,1406
2015,2,10,47,512
2015,2,10,48,1231
2015,2,10,49,644
2015,2,10,50,1555
2015,3,1,1,552
2015,3,1,2,1536
2015,3,1,3,908
2015,3,1,4,552
2015,3,1,5,470
2015,3,1,6,1464
2015,3,1,7,1452
2015,3,1,8,2003
2015,3,1,9,1266
2015,3,1,10,1814
2015,3,1,11,1722
2015,3,1,12,1811
2015,3,1,13,2070
2015,3,1,14,1505
2015,3,1,15,2229
2015,3,1,16,641
2015,3,1,17,784
2015,3,1,18,2168
2015,3,1,19,1013
2015,3,1,20,1176
2015,3,1,21,1039
2015,3,1,22,2031
2015,3,1,23,720
2015,3,1,24,1685
2015,3,1,25,2034
2015,3,1,26,1212
2015,3,1,27,556
2015,3,1,28,2304
2015,3,1,29,1738
2015,3,1,30,1031
2015,3,1,31,1512
2015,3,1,32,1175
2015,3,1,33,1742
2015,3,1,34,613
2015,3,1,35,1677
2015,3,1,36,1945
2015,3,1,37,755
2015,3,1,38,2087
2015,3,1,39,1064
2015,3,1,40,748
2015,3,1,41,562
2015,3,1,42,897
2015,3,1,43,1305
2015,3,1,44,740
2015,3,1,45,2014
2015,3,1,46,1476
2015,3,1,47,565
2015,3,1,48,1342
2015,3,1,49,703
2015,3,1,50,1648
2015,3,2,1,821
2015,3,2,2,2072
2015,3,2,3,1239
2015,3,2,4,757
2015,3,2,5,663
2015,3,2,6,2026
2015,3,2,7,2148
2015,3,2,8,2791
2015,3,2,9,1860
2015,3,2,10,2639
2015,3,2,11,2551
2015,3,2,12,2457
2015,3,2,13,2970
2015,3,2,14,2076
2015,3,2,15,3236
2015,3,2,16,917
2015,3,2,17,1118
2015,3,2,18,2991
2015,3,2,19,1480
2015,3,2,20,1695
2015,3,2,21,1460
2015,3,2,22,2873
2015,3,2,23,1060
2015,3,2,24,2381
2015,3,2,25,2764
2015,3,2,26,1679
2015,3,2,27,762
2015,3,2,28,3096
2015,3,2,29,2514
2015,3,2,30,1480
2015,3,2,31,2063
2015,3,2,32,1497
2015,3,2,33,2541
2015,3,2,34,938
2015,3,2,35,2335
2015,3,2,36,2672
2015,3,2,37,981
2015,3,2,38,2859
2015,3,2,39,1563
2015,3,2,40,1033
2015,3,2,41,770
2015,3,2,42,1291
2015,3,2,43,1885
2015,3,2,44,1069
2015,3,2,45,2940
2015,3,2,46,1955
2015,3,2,47,804
2015,3,2,48,1808
2015,3,2,49,1044
2015,3,2,50,2380
2015,3,3,1,692
2015,3,3,2,1838
2015,3,3,3,1172
2015,3,3,4,683
2015,3,3,5,562
2015,3,3,6,1939
2015,3,3,7,1910
2015,3,3,8,2448
2015,3,3,9,1686
2015,3,3,10,2317
2015,3,3,11,2207
2015,3,3,12,2221
2015,3,3,13,2641
2015,3,3,14,1812
2015,3,3,15,2894
2015,3,3,16,752
2015,3,3,17,1054
2015,3,3,18,2662
2015,3,3,19,1270
2015,3,3,20,1573
2015,3,3,21,1290
2015,3,3,22,2636
2015,3,3,23,952
2015,3,3,24,2095
2015,3,3,25,2526
2015,3,3,26,1555
2015,3,3,27,687
2015,3,3,28,2781
2015,3,3,29,2155
2015,3,3,30,1290
2015,3,3,31,1937
2015,3,3,32,1402
2015,3,3,33,2175
2015,3,3,34,811
2015,3,3,35,2110
2015,3,3,36,2454
2015,3,3,37,939
2015,3,3,38,2569
2015,3,3,39,1366
2015,3,3,40,856
2015,3,3,41,671
2015,3,3,42,1160
2015,3,3,43,1639
2015,3,3,44,938
2015,3,3,45,2608
2015,3,3,46,2000
2015,3,3,47,658
2015,3,3,48,1670
2015,3,3,49,950
2015,3,3,50,2107
2015,3,4,1,653
2015,3,4,2,1718
2015,3,4,3,1081
2015,3,4,4,648
2015,3,4,5,534
2015,3,4,6,1684
2015,3,4,7,1771
2015,3,4,8,2327
2015,3,4,9,1475
2015,3,4,10,2213
2015,3,4,11,2041
2015,3,4,12,2025
2015,3,4,13,2482
2015,3,4,14,1730
2015,3,4,15,2655
2015,3,4,16,771
2015,3,4,17,967
2015,3,4,18,2461
2015,3,4,19,1236
2015,3,4,20,1415
2015,3,4,21,1213
2015,3,4,22,2464
2015,3,4,23,879
2015,3,4,24,1890
2015,3,4,25,2443
2015,3,4,26,1383
2015,3,4,27,642
2015,3,4,28,2521
2015,3,4,29,1994
2015,3,4,30,1198
2015,3,4,31,1737
2015,3,4,32,1275
2015,3,4,33,2101
2015,3,4,34,748
2015,3,4,35,1976
2015,3,4,36,2279
2015,3,4,37,878
2015,3,4,38,2285
2015,3,4,39,1277
2015,3,4,40,882
2015,3,4,41,679
2015,3,4,42,1105
2015,3,4,43,1489
2015,3,4,44,869
2015,3,4,45,2494
2015,3,4,46,1655
2015,3,4,47,606
2015,3,4,48,1477
2015,3,4,49,873
2015,3,4,50,1956
2015,3,5,1,460
2015,3,5,2,1340
2015,3,5,3,792
2015,3,5,4,470
2015,3,5,5,383
2015,3,5,6,1321
2015,3,5,7,1268
2015,3,5,8,1724
2015,3,5,9,1061
2015,3,5,10,1544
2015,3,5,11,1468
2015,3,5,12,1468
2015,3,5,13,1778
2015,3,5,14,1226
2015,3,5,15,1821
2015,3,5,16,548
2015,3,5,17,718
2015,3,5,18,1796
2015,3,5,19,824
2015,3,5,20,1003
2015,3,5,21,871
2015,3,5,22,1728
2015,3,5,23,654
2015,3,5,24,1387
2015,3,5,25,1685
2015,3,5,26,989
2015,3,5,27,502
2015,3,5,28,1898
2015,3,5,29,1510
2015,3,5,30,819
2015,3,5,31,1215
2015,3,5,32,902
2015,3,5,33,1499
2015,3,5,34,586
2015,3,5,35,1363
2015,3,5,36,1618
2015,3,5,37,608
2015,3,5,38,1756
2015,3,5,39,1018
2015,3,5,40,628
2015,3,5,41,491
2015,3,5,42,756
2015,3,5,43,1118
2015,3,5,44,610
2015,3,5,45,1755
2015,3,5,46,1263
2015,3,5,47,461
2015,3,5,48,1112
2015,3,5,49,590
2015,3,5,50,1378
2015,3,6,1,473
2015,3,6,2,1259
2015,3,6,3,787
2015,3,6,4,477
2015,3,6,5,380
2015,3,6,6,1274
2015,3,6,7,1251
2015,3,6,8,1656
2015,3,6,9,1033
2015,3,6,10,1535
2015,3,6,11,1568
2015,3,6,12,1493
2015,3,6,13,1846
2015,3,6,14,1275
2015,3,6,15,1851
2015,3,6,16,523
2015,3,6,17,729
2015,3,6,18,1763
2015,3,6,19,867
2015,3,6,20,1010
2015,3,6,21,874
2015,3,6,22,1690
2015,3,6,23,629
2015,3,6,24,1426
2015,3,6,25,1741
2015,3,6,26,1049
2015,3,6,27,475
2015,3,6,28,1864
2015,3,6,29,1575
2015,3,6,30,927
2015,3,6,31,1332
2015,3,6,32,943
2015,3,6,33,1501
2015,3,6,34,550
2015,3,6,35,1373
2015,3,6,36,1727
2015,3,6,37,659
2015,3,6,38,1697
2015,3,6,39,962
2015,3,6,40,646
2015,3,6,41,488
2015,3,6,42,811
2015,3,6,43,1007
2015,3,6,44,575
2015,3,6,45,1744
2015,3,6,46,1190
2015,3,6,47,461
2015,3,6,48,1095
2015,3,6,49,660
2015,3,6,50,1341
2015,3,7,1,465
2015,3,7,2,1117
2015,3,7,3,731
2015,3,7,4,433
2015,3,7,5,356
2015,3,7,6,1123
2015,3,7,7,1147
2015,3,7,8,1543
2015,3,7,9,1020
2015,3,7,10,1467
2015,3,7,11,1345
2015,3,7,12,1381
2015,3,7,13,1637
2015,3,7,14,1154
2015,3,7,15,1717
2015,3,7,16,490
2015,3,7,17,683
2015,3,7,18,1590
2015,3,7,19,788
2015,3,7,20,930
2015,3,7,21,787
2015,3,7,22,1544
2015,3,7,23,571
2015,3,7,24,1294
2015,3,7,25,1560
2015,3,7,26,876
2015,3,7,27,410
2015,3,7,28,1786
2015,3,7,29,1343
2015,3,7,30,798
2015,3,7,31,1135
2015,3,7,32,870
2015,3,7,33,1397
2015,3,7,34,509
2015,3,7,35,1254
2015,3,7,36,1448
2015,3,7,37,545
2015,3,7,38,1547
2015,3,7,39,859
2015,3,7,40,527
2015,3,7,41,468
2015,3,7,42,722
2015,3,7,43,1000
2015,3,7,44,627
2015,3,7,45,1565
2015,3,7,46,1114
2015,3,7,47,471
2015,3,7,48,1017
2015,3,7,49,604
2015,3,7,50,1279
2015,3,8,1,730
2015,3,8,2,1982
2015,3,8,3,1281
2015,3,8,4,761
2015,3,8,5,616
2015,3,8,6,2000
2015,3,8,7,1999
2015,3,8,8,2663
2015,3,8,9,1755
2015,3,8,10,2556
2015,3,8,11,2422
2015,3,8,12,2435
2015,3,8,13,2863
2015,3,8,14,1975
2015,3,8,15,3065
2015,3,8,16,822
2015,3,8,17,1169
2015,3,8,18,2836
2015,3,8,19,1421
2015,3,8,20,1605
2015,3,8,21,1359
2015,3,8,22,2759
2015,3,8,23,988
2015,3,8,24,2257
2015,3,8,25,2708
2015,3,8,26,1628
2015,3,8,27,820
2015,3,8,28,2964
2015,3,8,29,2319
2015,3,8,30,1341
2015,3,8,31,1997
2015,3,8,32,1501
2015,3,8,33,2399
2015,3,8,34,873
2015,3,8,35,2265
2015,3,8,36,2641
2015,3,8,37,1016
2015,3,8,38,2760
2015,3,8,39,1510
2015,3,8,40,995
2015,3,8,41,775
2015,3,8,42,1323
2015,3,8,43,1762
2015,3,8,44,1058
2015,3,8,45,2866
2015,3,8,46,2002
2015,3,8,47,761
2015,3,8,48,1664
2015,3,8,49,998
2015,3,8,50,2235
2015,3,9,1,618
2015,3,9,2,1737
2015,3,9,3,1091
2015,3,9,4,672
2015,3,9,5,560
2015,3,9,6,1692
2015,3,9,7,1735
2015,3,9,8,2308
2015,3,9,9,1522
2015,3,9,10,2177
2015,3,9,11,2040
2015,3,9,12,2023
2015,3,9,13,2575
2015,3,9,14,1736
2015,3,9,15,2748
2015,3,9,16,729
2015,3,9,17,927
2015,3,9,18,2429
2015,3,9,19,1184
2015,3,9,20,1380
2015,3,9,21,1097
2015,3,9,22,2370
2015,3,9,23,852
2015,3,9,24,1964
2015,3,9,25,2339
2015,3,9,26,1407
2015,3,9,27,645
2015,3,9,28,2591
2015,3,9,29,2063
2015,3,9,30,1217
2015,3,9,31,1728
2015,3,9,32,1279
2015,3,9,33,2080
2015,3,9,34,786
2015,3,9,35,1931
2015,3,9,36,2254
2015,3,9,37,921
2015,3,9,38,2284
2015,3,9,39,1244
2015,3,9,40,904
2015,3,9,41,683
2015,3,9,42,1064
2015,3,9,43,1470
2015,3,9,44,871
2015,3,9,45,2276
2015,3,9,46,1747
2015,3,9,47,691
2015,3,9,48,1510
2015,3,9,49,828
2015,3,9,50,1944
2015,3,10,1,657
2015,3,10,2,1769
2015,3,10,3,1130
2015,3,10,4,678
2015,3,10,5,584
2015,3,10,6,1850
2015,3,10,7,1869
2015,3,10,8,2477
2015,3,10,9,1580
2015,3,10,10,2322
2015,3,10,11,2225
2015,3,10,12,2207
2015,3,10,13,2617
2015,3,10,14,1840
2015,3,10,15,2816
2015,3,10,16,769
2015,3,10,17,1038
2015,3,10,18,2652
2015,3,10,19,1220
2015,3,10,20,1567
2015,3,10,21,1240
2015,3,10,22,2474
2015,3,10,23,871
2015,3,10,24,2031
2015,3,10,25,2507
2015,3,10,26,1440
2015,3,10,27,695
2015,3,10,28,2840
2015,3,10,29,2173
2015,3,10,30,1208
2015,3,10,31,1885
2015,3,10,32,1370
2015,3,10,33,2234
2015,3,10,34,838
2015,3,10,35,2095
2015,3,10,36,2422
2015,3,10,37,906
2015,3,10,38,2559
2015,3,10,39,1436
2015,3,10,40,899
2015,3,10,41,699
2015,3,10,42,1158
2015,3,10,43,1669
2015,3,10,44,892
2015,3,10,45,2538
2015,3,10,46,1831
2015,3,10,47,670
2015,3,10,48,1662
2015,3,10,49,935
2015,3,10,50,2060
2015,4,1,1,652
2015,4,1,2,1700
2015,4,1,3,1058
2015,4,1,4,666
2015,4,1,5,495
2015,4,1,6,1623
2015,4,1,7,1726
2015,4,1,8,2179
2015,4,1,9,1496
2015,4,1,10,2060
2015,4,1,11,2011
2015,4,1,12,1968
2015,4,1,13,2374
2015,4,1,14,1676
2015,4,1,15,2577
2015,4,1,16,748
2015,4,1,17,950
2015,4,1,18,2339
2015,4,1,19,1203
2015,4,1,20,1324
2015,4,1,21,1192
2015,4,1,22,2293
2015,4,1,23,823
2015,4,1,24,1889
2015,4,1,25,2312
2015,4,1,26,1383
2015,4,1,27,623
2015,4,1,28,2476
2015,4,1,29,2012
2015,4,1,30,1166
2015,4,1,31,1668
2015,4,1,32,1266
2015,4,1,33,1986
2015,4,1,34,708
2015,4,1,35,1895
2015,4,1,36,2125
2015,4,1,37,876
2015,4,1,38,2329
2015,4,1,39,1195
2015,4,1,40,812
2015,4,1,41,629
2015,4,1,42,1042
2015,4,1,43,1476
2015,4,1,44,793
2015,4,1,45,2338
2015,4,1,46,1653
2015,4,1,47,578
2015,4,1,48,1544
2015,4,1,49,825
2015,4,1,50,1969
2015,4,2,1,848
2015,4,2,2,2433
2015,4,2,3,1439
2015,4,2,4,952
2015,4,2,5,769
2015,4,2,6,2402
2015,4,2,7,2354
2015,4,2,8,3057
2015,4,2,9,2137
2015,4,2,10,2977
2015,4,2,11,2700
2015,4,2,12,2823
2015,4,2,13,3469
2015,4,2,14,2372
2015,4,2,15,3516
2015,4,2,16,1097
2015,4,2,17,1374
2015,4,2,18,3418
2015,4,2,19,1695
2015,4,2,20,1950
2015,4,2,21,1619
2015,4,2,22,3240
2015,4,2,23,1169
2015,4,2,24,2684
2015,4,2,25,3323
2015,4,2,26,1957
2015,4,2,27,889
2015,4,2,28,3529
2015,4,2,29,2810
2015,4,2,30,1634
2015,4,2,31,2428
2015,4,2,32,1777
2015,4,2,33,2780
2015,4,2,34,1027
2015,4,2,35,2654
2015,4,2,36,3158
2015,4,2,37,1129
2015,4,2,38,3300
2015,4,2,39,1859
2015,4,2,40,1197
2015,4,2,41,872
2015,4,2,42,1532
2015,4,2,43,2024
2015,4,2,44,1182
2015,4,2,45,3299
2015,4,2,46,2410
2015,4,2,47,892
2015,4,2,48,2100
2015,4,2,49,1223
2015,4,2,50,2687
2015,4,3,1,813
2015,4,3,2,2006
2015,4,3,3,1341
2015,4,3,4,760
2015,4,3,5,685
2015,4,3,6,2157
2015,4,3,7,2045
2015,4,3,8,2848
2015,4,3,9,1844
2015,4,3,10,2680
2015,4,3,11,2488
2015,4,3,12,2553
2015,4,3,13,3059
2015,4,3,14,2097
2015,4,3,15,3114
2015,4,3,16,942
2015,4,3,17,1208
2015,4,3,18,2996
2015,4,3,19,1468
2015,4,3,20,1771
2015,4,3,21,1461
2015,4,3,22,2835
2015,4,3,23,1055
2015,4,3,24,2346
2015,4,3,25,2887
2015,4,3,26,1725
2015,4,3,27,774
2015,4,3,28,3186
2015,4,3,29,2520
2015,4,3,30,1442
2015,4,3,31,2165
2015,4,3,32,1600
2015,4,3,33,2439
2015,4,3,34,933
2015,4,3,35,2295
2015,4,3,36,2725
2015,4,3,37,1052
2015,4,3,38,2894
2015,4,3,39,1602
2015,4,3,40,1028
2015,4,3,41,834
2015,4,3,42,1372
2015,4,3,43,1817
2015,4,3,44,1064
2015,4,3,45,2869
2015,4,3,46,1990
2015,4,3,47,789
2015,4,3,48,1874
2015,4,3,49,1014
2015,4,3,50,2410
2015,4,4,1,713
2015,4,4,2,1931
2015,4,4,3,1175
2015,4,4,4,746
2015,4,4,5,614
2015,4,4,6,1881
2015,4,4,7,1888
2015,4,4,8,2529
2015,4,4,9,1628
2015,4,4,10,2471
2015,4,4,11,2305
2015,4,4,12,2278
2015,4,4,13,2778
2015,4,4,14,1931
2015,4,4,15,2886
2015,4,4,16,892
2015,4,4,17,1133
2015,4,4,18,2747
2015,4,4,19,1314
2015,4,4,20,1592
2015,4,4,21,1313
2015,4,4,22,2683
2015,4,4,23,978
2015,4,4,24,2244
2015,4,4,25,2644
2015,4,4,26,1576
2015,4,4,27,747
2015,4,4,28,2974
2015,4,4,29,2311
2015,4,4,30,1287
2015,4,4,31,1925
2015,4,4,32,1433
2015,4,4,33,2305
2015,4,4,34,929
2015,4,4,35,2211
2015,4,4,36,2464
2015,4,4,37,1007
2015,4,4,38,2671
2015,4,4,39,1474
2015,4,4,40,932
2015,4,4,41,758
2015,4,4,42,1235
2015,4,4,43,1722
2015,4,4,44,987
2015,4,4,45,2697
2015,4,4,46,2038
2015,4,4,47,729
2015,4,4,48,1716
2015,4,4,49,1015
2015,4,4,50,2218
2015,4,5,1,536
2015,4,5,2,1481
2015,4,5,3,834
2015,4,5,4,550
2015,4,5,5,420
2015,4,5,6,1373
2015,4,5,7,1428
2015,4,5,8,1803
2015,4,5,9,1250
2015,4,5,10,1787
2015,4,5,11,1635
2015,4,5,12,1655
2015,4,5,13,1962
2015,4,5,14,1501
2015,4,5,15,2051
2015,4,5,16,620
2015,4,5,17,775
2015,4,5,18,1965
2015,4,5,19,998
2015,4,5,20,1151
2015,4,5,21,951
2015,4,5,22,1921
2015,4,5,23,745
2015,4,5,24,1537
2015,4,5,25,1996
2015,4,5,26,1120
2015,4,5,27,551
2015,4,5,28,2076
2015,4,5,29,1693
2015,4,5,30,956
2015,4,5,31,1417
2015,4,5,32,1096
2015,4,5,33,1716
2015,4,5,34,634
2015,4,5,35,1572
2015,4,5,36,1829
2015,4,5,37,687
2015,4,5,38,1938
2015,4,5,39,1035
2015,4,5,40,646
2015,4,5,41,519
2015,4,5,42,906
2015,4,5,43,1282
2015,4,5,44,719
2015,4,5,45,1965
2015,4,5,46,1413
2015,4,5,47,548
2015,4,5,48,1166
2015,4,5,49,678
2015,4,5,50,1513
2015,4,6,1,571
2015,4,6,2,1421
2015,4,6,3,829
2015,4,6,4,516
2015,4,6,5,495
2015,4,6,6,1368
2015,4,6,7,1484
2015,4,6,8,1806
2015,4,6,9,1270
2015,4,6,10,1767
2015,4,6,11,1665
2015,4,6,12,1743
2015,4,6,13,2038
2015,4,6,14,1371
2015,4,6,15,2121
2015,4,6,16,592
2015,4,6,17,785
2015,4,6,18,1967
2015,4,6,19,953
2015,4,6,20,1190
2015,4,6,21,934
2015,4,6,22,1914
2015,4,6,23,679
2015,4,6,24,1551
2015,4,6,25,1927
2015,4,6,26,1082
2015,4,6,27,515
2015,4,6,28,2038
2015,4,6,29,1622
2015,4,6,30,972
2015,4,6,31,1456
2015,4,6,32,1051
2015,4,6,33,1640
2015,4,6,34,587
2015,4,6,35,1583
2015,4,6,36,1897
2015,4,6,37,686
2015,4,6,38,1946
2015,4,6,39,1032
2015,4,6,40,718
2015,4,6,41,539
2015,4,6,42,887
2015,4,6,43,1176
2015,4,6,44,698
2015,4,6,45,1909
2015,4,6,46,1418
2015,4,6,47,529
2015,4,6,48,1251
2015,4,6,49,653
2015,4,6,50,1624
2015,4,7,1,487
2015,4,7,2,1269
2015,4,7,3,811
2015,4,7,4,511
2015,4,7,5,415
2015,4,7,6,1293
2015,4,7,7,1293
2015,4,7,8,1657
2015,4,7,9,1095
2015,4,7,10,1615
2015,4,7,11,1562
2015,4,7,12,1574
2015,4,7,13,1831
2015,4,7,14,1258
2015,4,7,15,1975
2015,4,7,16,601
2015,4,7,17,705
2015,4,7,18,1887
2015,4,7,19,930
2015,4,7,20,1075
2015,4,7,21,912
2015,4,7,22,1841
2015,4,7,23,653
2015,4,7,24,1466
2015,4,7,25,1834
2015,4,7,26,1025
2015,4,7,27,486
2015,4,7,28,2006
2015,4,7,29,1506
2015,4,7,30,916
2015,4,7,31,1248
2015,4,7,32,987
2015,4,7,33,1511
2015,4,7,34,585
2015,4,7,35,1364
2015,4,7,36,1627
2015,4,7,37,600
2015,4,7,38,1738
2015,4,7,39,931
2015,4,7,40,660
2015,4,7,41,505
2015,4,7,42,795
2015,4,7,43,1102
2015,4,7,44,671
2015,4,7,45,1729
2015,4,7,46,1298
2015,4,7,47,527
2015,4,7,48,1081
2015,4,7,49,606
2015,4,7,50,1463
2015,4,8,1,886
2015,4,8,2,2148
2015,4,8,3,1430
2015,4,8,4,854
2015,4,8,5,677
2015,4,8,6,2296
2015,4,8,7,2199
2015,4,8,8,2954
2015,4,8,9,2025
2015,4,8,10,2774
2015,4,8,11,2709
2015,4,8,12,2645
2015,4,8,13,3379
2015,4,8,14,2244
2015,4,8,15,3497
2015,4,8,16,954
2015,4,8,17,1264
2015,4,8,18,3339
2015,4,8,19,1532
2015,4,8,20,1812
2015,4,8,21,1570
2015,4,8,22,3102
2015,4,8,23,1162
2015,4,8,24,2595
2015,4,8,25,3065
2015,4,8,26,1894
2015,4,8,27,858
2015,4,8,28,3449
2015,4,8,29,2765
2015,4,8,30,1560
2015,4,8,31,2277
2015,4,8,32,1698
2015,4,8,33,2771
2015,4,8,34,1036
2015,4,8,35,2545
2015,4,8,36,2922
2015,4,8,37,1169
2015,4,8,38,3181
2015,4,8,39,1622
2015,4,8,40,1099
2015,4,8,41,876
2015,4,8,42,1510
2015,4,8,43,1998
2015,4,8,44,1149
2015,4,8,45,3091
2015,4,8,46,2144
2015,4,8,47,833
2015,4,8,48,1970
2015,4,8,49,1137
2015,4,8,50,2551
2015,4,9,1,790
2015,4,9,2,1910
2015,4,9,3,1288
2015,4,9,4,754
2015,4,9,5,635
2015,4,9,6,1941
2015,4,9,7,2031
2015,4,9,8,2582
2015,4,9,9,1734
2015,4,9,10,2496
2015,4,9,11,2262
2015,4,9,12,2376
2015,4,9,13,2828
2015,4,9,14,2013
2015,4,9,15,2876
2015,4,9,16,813
2015,4,9,17,1054
2015,4,9,18,2772
2015,4,9,19,1371
2015,4,9,20,1594
2015,4,9,21,1336
2015,4,9,22,2668
2015,4,9,23,975
2015,4,9,24,2265
2015,4,9,25,2720
2015,4,9,26,1606
2015,4,9,27,692
2015,4,9,28,2903
2015,4,9,29,2410
2015,4,9,30,1333
2015,4,9,31,1930
2015,4,9,32,1558
2015,4,9,33,2297
2015,4,9,34,838
2015,4,9,35,2228
2015,4,9,36,2532
2015,4,9,37,918
2015,4,9,38,2652
2015,4,9,39,1490
2015,4,9,40,960
2015,4,9,41,701
2015,4,9,42,1219
2015,4,9,43,1717
2015,4,9,44,969
2015,4,9,45,2713
2015,4,9,46,1914
2015,4,9,47,699
2015,4,9,48,1719
2015,4,9,49,1002
2015,4,9,50,2174
2015,4,10,1,764
2015,4,10,2,2102
2015,4,10,3,1312
2015,4,10,4,800
2015,4,10,5,688
2015,4,10,6,2121
2015,4,10,7,2087
2015,4,10,8,2781
2015,4,10,9,1838
2015,4,10,10,2614
2015,4,10,11,2467
2015,4,10,12,2435
2015,4,10,13,2885
2015,4,10,14,2074
2015,4,10,15,3028
2015,4,10,16,897
2015,4,10,17,1140
2015,4,10,18,2973
2015,4,10,19,1399
2015,4,10,20,1680
2015,4,10,21,1394
2015,4,10,22,2825
2015,4,10,23,1047
2015,4,10,24,2263
2015,4,10,25,2852
2015,4,10,26,1742
2015,4,10,27,744
2015,4,10,28,3017
2015,4,10,29,2437
2015,4,10,30,1461
2015,4,10,31,1970
2015,4,10,32,1577
2015,4,10,33,2439
2015,4,10,34,921
2015,4,10,35,2303
2015,4,10,36,2683
2015,4,10,37,1016
2015,4,10,38,2839
2015,4,10,39,1506
2015,4,10,40,1081
2015,4,10,41,788
2015,4,10,42,1205
2015,4,10,43,1876
2015,4,10,44,1049
2015,4,10,45,2860
2015,4,10,46,2029
2015,4,10,47,793
2015,4,10,48,1846
2015,4,10,49,1057
2015,4,10,50,2310
2015,5,1,1,711
2015,5,1,2,1941
2015,5,1,3,1236
2015,5,1,4,732
2015,5,1,5,559
2015,5,1,6,1939
2015,5,1,7,1930
2015,5,1,8,2335
2015,5,1,9,1674
2015,5,1,10,2447
2015,5,1,11,2202
2015,5,1,12,2286
2015,5,1,13,2696
2015,5,1,14,1872
2015,5,1,15,2837
2015,5,1,16,829
2015,5,1,17,991
2015,5,1,18,2713
2015,5,1,19,1233
2015,5,1,20,1595
2015,5,1,21,1309
2015,5,1,22,2601
2015,5,1,23,890
2015,5,1,24,2150
2015,5,1,25,2498
2015,5,1,26,1518
2015,5,1,27,706
2015,5,1,28,2858
2015,5,1,29,2202
2015,5,1,30,1230
2015,5,1,31,1806
2015,5,1,32,1416
2015,5,1,33,2178
2015,5,1,34,808
2015,5,1,35,2003
2015,5,1,36,2449
2015,5,1,37,915
2015,5,1,38,2493
2015,5,1,39,1431
2015,5,1,40,928
2015,5,1,41,716
2015,5,1,42,1219
2015,5,1,43,1631
2015,5,1,44,958
2015,5,1,45,2553
2015,5,1,46,1923
2015,5,1,47,697
2015,5,1,48,1664
2015,5,1,49,984
2015,5,1,50,2031
2015,5,2,1,977
2015,5,2,2,2696
2015,5,2,3,1643
2015,5,2,4,1036
2015,5,2,5,785
2015,5,2,6,2714
2015,5,2,7,2611
2015,5,2,8,3523
2015,5,2,9,2237
2015,5,2,10,3336
2015,5,2,11,3160
2015,5,2,12,3207
2015,5,2,13,3880
2015,5,2,14,2669
2015,5,2,15,3948
2015,5,2,16,1141
2015,5,2,17,1620
2015,5,2,18,3816
2015,5,2,19,1818
2015,5,2,20,2214
2015,5,2,21,1792
2015,5,2,22,3727
2015,5,2,23,1382
2015,5,2,24,2898
2015,5,2,25,3672
2015,5,2,26,2114
2015,5,2,27,989
2015,5,2,28,4128
2015,5,2,29,3061
2015,5,2,30,1840
2015,5,2,31,2626
2015,5,2,32,1960
2015,5,2,33,3254
2015,5,2,34,1133
2015,5,2,35,2953
2015,5,2,36,3605
2015,5,2,37,1255
2015,5,2,38,3748
2015,5,2,39,1976
2015,5,2,40,1366
2015,5,2,41,932
2015,5,2,42,1711
2015,5,2,43,2319
2015,5,2,44,1321
2015,5,2,45,3672
2015,5,2,46,2628
2015,5,2,47,1023
2015,5,2,48,2357
2015,5,2,49,1324
2015,5,2,50,2983
2015,5,3,1,890
2015,5,3,2,2389
2015,5,3,3,1465
2015,5,3,4,906
2015,5,3,5,734
2015,5,3,6,2439
2015,5,3,7,2323
2015,5,3,8,3153
2015,5,3,9,2064
2015,5,3,10,2914
2015,5,3,11,2764
2015,5,3,12,2830
2015,5,3,13,3476
2015,5,3,14,2341
2015,5,3,15,3649
2015,5,3,16,1069
2015,5,3,17,1312
2015,5,3,18,3395
2015,5,3,19,1630
2015,5,3,20,1868
2015,5,3,21,1645
2015,5,3,22,3175
2015,5,3,23,1166
2015,5,3,24,2627
2015,5,3,25,3281
2015,5,3,26,1962
2015,5,3,27,908
2015,5,3,28,3466
2015,5,3,29,2924
2015,5,3,30,1610
2015,5,3,31,2352
2015,5,3,32,1837
2015,5,3,33,2744
2015,5,3,34,974
2015,5,3,35,2673
2015,5,3,36,3150
2015,5,3,37,1196
2015,5,3,38,3147
2015,5,3,39,1802
2015,5,3,40,1184
2015,5,3,41,886
2015,5,3,42,1436
2015,5,3,43,2041
2015,5,3,44,1202
2015,5,3,45,3288
2015,5,3,46,2344
2015,5,3,47,895
2015,5,3,48,2060
2015,5,3,49,1159
2015,5,3,50,2499
2015,5,4,1,835
2015,5,4,2,2312
2015,5,4,3,1321
2015,5,4,4,806
2015,5,4,5,730
2015,5,4,6,2180
2015,5,4,7,2161
2015,5,4,8,2825
2015,5,4,9,1957
2015,5,4,10,2671
2015,5,4,11,2634
2015,5,4,12,2548
2015,5,4,13,3108
2015,5,4,14,2245
2015,5,4,15,3350
2015,5,4,16,932
2015,5,4,17,1174
2015,5,4,18,3177
2015,5,4,19,1428
2015,5,4,20,1763
2015,5,4,21,1521
2015,5,4,22,2915
2015,5,4,23,1078
2015,5,4,24,2514
2015,5,4,25,3101
2015,5,4,26,1739
2015,5,4,27,822
2015,5,4,28,3225
2015,5,4,29,2575
2015,5,4,30,1545
2015,5,4,31,2182
2015,5,4,32,1583
2015,5,4,33,2626
2015,5,4,34,930
2015,5,4,35,2503
2015,5,4,36,2902
2015,5,4,37,1068
2015,5,4,38,3027
2015,5,4,39,1593
2015,5,4,40,1019
2015,5,4,41,776
2015,5,4,42,1302
2015,5,4,43,1981
2015,5,4,44,1077
2015,5,4,45,2978
2015,5,4,46,2211
2015,5,4,47,833
2015,5,4,48,1985
2015,5,4,49,1084
2015,5,4,50,2439
2015,5,5,1,595
2015,5,5,2,1593
2015,5,5,3,958
2015,5,5,4,580
2015,5,5,5,507
2015,5,5,6,1580
2015,5,5,7,1558
2015,5,5,8,2152
2015,5,5,9,1378
2015,5,5,10,1959
2015,5,5,11,1876
2015,5,5,12,1925
2015,5,5,13,2295
2015,5,5,14,1581
2015,5,5,15,2457
2015,5,5,16,662
2015,5,5,17,886
2015,5,5,18,2352
2015,5,5,19,1074
2015,5,5,20,1267
2015,5,5,21,1064
2015,5,5,22,2177
2015,5,5,23,791
2015,5,5,24,1834
2015,5,5,25,2172
2015,5,5,26,1288
2015,5,5,27,591
2015,5,5,28,2382
2015,5,5,29,1883
2015,5,5,30,1087
2015,5,5,31,1531
2015,5,5,32,1246
2015,5,5,33,1884
2015,5,5,34,670
2015,5,5,35,1752
2015,5,5,36,1964
2015,5,5,37,742
2015,5,5,38,2116
2015,5,5,39,1178
2015,5,5,40,763
2015,5,5,41,581
2015,5,5,42,979
2015,5,5,43,1377
2015,5,5,44,815
2015,5,5,45,2255
2015,5,5,46,1552
2015,5,5,47,581
2015,5,5,48,1417
2015,5,5,49,795
2015,5,5,50,1843
2015,5,6,1,583
2015,5,6,2,1524
2015,5,6,3,1057
2015,5,6,4,596
2015,5,6,5,475
2015,5,6,6,1550
2015,5,6,7,1603
2015,5,6,8,2139
2015,5,6,9,1426
2015,5,6,10,1999
2015,5,6,11,1992
2015,5,6,12,1918
2015,5,6,13,2240
2015,5,6,14,1541
2015,5,6,15,2408
2015,5,6,16,733
2015,5,6,17,832
2015,5,6,18,2195
2015,5,6,19,1097
2015,5,6,20,1273
2015,5,6,21,1079
2015,5,6,22,2206
2015,5,6,23,736
2015,5,6,24,1787
2015,5,6,25,2135
2015,5,6,26,1249
2015,5,6,27,583
2015,5,6,28,2350
2015,5,6,29,1884
2015,5,6,30,1096
2015,5,6,31,1570
2015,5,6,32,1226
2015,5,6,33,1820
2015,5,6,34,702
2015,5,6,35,1799
2015,5,6,36,2053
2015,5,6,37,802
2015,5,6,38,2177
2015,5,6,39,1231
2015,5,6,40,772
2015,5,6,41,594
2015,5,6,42,1002
2015,5,6,43,1376
2015,5,6,44,818
2015,5,6,45,2183
2015,5,6,46,1562
2015,5,6,47,585
2015,5,6,48,1419
2015,5,6,49,791
2015,5,6,50,1761
2015,5,7,1,521
2015,5,7,2,1436
2015,5,7,3,901
2015,5,7,4,559
2015,5,7,5,448
2015,5,7,6,1358
2015,5,7,7,1444
2015,5,7,8,1810
2015,5,7,9,1262
2015,5,7,10,1785
2015,5,7,11,1722
2015,5,7,12,1701
2015,5,7,13,2104
2015,5,7,14,1410
2015,5,7,15,2089
2015,5,7,16,675
2015,5,7,17,784
2015,5,7,18,2056
2015,5,7,19,1017
2015,5,7,20,1188
2015,5,7,21,1034
2015,5,7,22,2012
2015,5,7,23,741
2015,5,7,24,1598
2015,5,7,25,1943
2015,5,7,26,1173
2015,5,7,27,534
2015,5,7,28,2162
2015,5,7,29,1713
2015,5,7,30,1005
2015,5,7,31,1412
2015,5,7,32,1135
2015,5,7,33,1680
2015,5,7,34,616
2015,5,7,35,1603
2015,5,7,36,1908
2015,5,7,37,731
2015,5,7,38,2043
2015,5,7,39,1168
2015,5,7,40,690
2015,5,7,41,576
2015,5,7,42,930
2015,5,7,43,1327
2015,5,7,44,740
2015,5,7,45,1932
2015,5,7,46,1509
2015,5,7,47,527
2015,5,7,48,1311
2015,5,7,49,702
2015,5,7,50,1692
2015,5,8,1,933
2015,5,8,2,2497
2015,5,8,3,1577
2015,5,8,4,915
2015,5,8,5,782
2015,5,8,6,2630
2015,5,8,7,2500
2015,5,8,8,3368
2015,5,8,9,2244
2015,5,8,10,3257
2015,5,8,11,3114
2015,5,8,12,3052
2015,5,8,13,3760
2015,5,8,14,2523
2015,5,8,15,3880
2015,5,8,16,1095
2015,5,8,17,1410
2015,5,8,18,3718
2015,5,8,19,1764
2015,5,8,20,2095
2015,5,8,21,1698
2015,5,8,22,3510
2015,5,8,23,1305
2015,5,8,24,2840
2015,5,8,25,3492
2015,5,8,26,2056
2015,5,8,27,907
2015,5,8,28,3873
2015,5,8,29,3063
2015,5,8,30,1745
2015,5,8,31,2554
2015,5,8,32,1881
2015,5,8,33,3149
2015,5,8,34,1086
2015,5,8,35,2915
2015,5,8,36,3408
2015,5,8,37,1284
2015,5,8,38,3452
2015,5,8,39,1889
2015,5,8,40,1249
2015,5,8,41,1024
2015,5,8,42,1602
2015,5,8,43,2268
2015,5,8,44,1266
2015,5,8,45,3552
2015,5,8,46,2553
2015,5,8,47,960
2015,5,8,48,2290
2015,5,8,49,1266
2015,5,8,50,2922
2015,5,9,1,838
2015,5,9,2,2175
2015,5,9,3,1318
2015,5,9,4,858
2015,5,9,5,674
2015,5,9,6,2126
2015,5,9,7,2243
2015,5,9,8,2893
2015,5,9,9,1935
2015,5,9,10,2682
2015,5,9,11,2577
2015,5,9,12,2688
2015,5,9,13,3044
2015,5,9,14,2165
2015,5,9,15,3363
2015,5,9,16,962
2015,5,9,17,1260
2015,5,9,18,3177
2015,5,9,19,1576
2015,5,9,20,1798
2015,5,9,21,1518
2015,5,9,22,2976
2015,5,9,23,1142
2015,5,9,24,2429
2015,5,9,25,3057
2015,5,9,26,1759
2015,5,9,27,873
2015,5,9,28,3221
2015,5,9,29,2564
2015,5,9,30,1508
2015,5,9,31,2258
2015,5,9,32,1613
2015,5,9,33,2547
2015,5,9,34,949
2015,5,9,35,2364
2015,5,9,36,2852
2015,5,9,37,1135
2015,5,9,38,2976
2015,5,9,39,1654
2015,5,9,40,1118
2015,5,9,41,861
2015,5,9,42,1383
2015,5,9,43,1966
2015,5,9,44,1110
2015,5,9,45,3063
2015,5,9,46,2114
2015,5,9,47,869
2015,5,9,48,1907
2015,5,9,49,1045
2015,5,9,50,2411
2015,5,10,1,875
2015,5,10,2,2359
2015,5,10,3,1467
2015,5,10,4,947
2015,5,10,5,705
2015,5,10,6,2269
2015,5,10,7,2333
2015,5,10,8,3021
2015,5,10,9,2089
2015,5,10,10,2882
2015,5,10,11,2775
2015,5,10,12,2848
2015,5,10,13,3428
2015,5,10,14,2374
2015,5,10,15,3525
2015,5,10,16,1049
2015,5,10,17,1261
2015,5,10,18,3360
2015,5,10,19,1608
2015,5,10,20,1959
2015,5,10,21,1610
2015,5,10,22,3250
2015,5,10,23,1161
2015,5,10,24,2710
2015,5,10,25,3281
2015,5,10,26,1898
2015,5,10,27,907
2015,5,10,28,3473
2015,5,10,29,2895
2015,5,10,30,1586
2015,5,10,31,2338
2015,5,10,32,1744
2015,5,10,33,2842
2015,5,10,34,1005
2015,5,10,35,2590
2015,5,10,36,3080
2015,5,10,37,1206
2015,5,10,38,3174
2015,5,10,39,1697
2015,5,10,40,1174
2015,5,10,41,877
2015,5,10,42,1507
2015,5,10,43,2102
2015,5,10,44,1179
2015,5,10,45,3203
2015,5,10,46,2391
2015,5,10,47,899
2015,5,10,48,2051
2015,5,10,49,1149
2015,5,10,50,2693
2015,6,1,1,748
2015,6,1,2,1828
2015,6,1,3,1215
2015,6,1,4,686
2015,6,1,5,614
2015,6,1,6,1852
2015,6,1,7,1938
2015,6,1,8,2524
2015,6,1,9,1725
2015,6,1,10,2416
2015,6,1,11,2259
2015,6,1,12,2251
2015,6,1,13,2750
2015,6,1,14,1892
2015,6,1,15,2866
2015,6,1,16,838
2015,6,1,17,1029
2015,6,1,18,2696
2015,6,1,19,1281
2015,6,1,20,1545
2015,6,1,21,1294
2015,6,1,22,2578
2015,6,1,23,951
2015,6,1,24,2226
2015,6,1,25,2578
2015,6,1,26,1527
2015,6,1,27,695
2015,6,1,28,2990
2015,6,1,29,2290
2015,6,1,30,1285
2015,6,1,31,1864
2015,6,1,32,1424
2015,6,1,33,2197
2015,6,1,34,846
2015,6,1,35,2150
2015,6,1,36,2537
2015,6,1,37,916
2015,6,1,38,2664
2015,6,1,39,1443
2015,6,1,40,972
2015,6,1,41,736
2015,6,1,42,1201
2015,6,1,43,1608
2015,6,1,44,930
2015,6,1,45,2510
2015,6,1,46,1873
2015,6,1,47,702
2015,6,1,48,1679
2015,6,1,49,951
2015,6,1,50,2175
2015,6,2,1,1055
2015,6,2,2,2756
2015,6,2,3,1709
2015,6,2,4,1060
2015,6,2,5,863
2015,6,2,6,2653
2015,6,2,7,2724
2015,6,2,8,3563
2015,6,2,9,2339
2015,6,2,10,3246
2015,6,2,11,3225
2015,6,2,12,3220
2015,6,2,13,3768
2015,6,2,14,2713
2015,6,2,15,4047
2015,6,2,16,1165
2015,6,2,17,1450
2015,6,2,18,3862
2015,6,2,19,1850
2015,6,2,20,2124
2015,6,2,21,1891
2015,6,2,22,3656
2015,6,2,23,1303
2015,6,2,24,3074
2015,6,2,25,3720
2015,6,2,26,2147
2015,6,2,27,1018
2015,6,2,28,4061
2015,6,2,29,3222
2015,6,2,30,1837
2015,6,2,31,2680
2015,6,2,32,1989
2015,6,2,33,3240
2015,6,2,34,1194
2015,6,2,35,3063
2015,6,2,36,3429
2015,6,2,37,1279
2015,6,2,38,3574
2015,6,2,39,1974
2015,6,2,40,1392
2015,6,2,41,982
2015,6,2,42,1680
2015,6,2,43,2305
2015,6,2,44,1350
2015,6,2,45,3584
2015,6,2,46,2762
2015,6,2,47,981
2015,6,2,48,2418
2015,6,2,49,1371
2015,6,2,50,3104
2015,6,3,1,904
2015,6,3,2,2445
2015,6,3,3,1548
2015,6,3,4,903
2015,6,3,5,757
2015,6,3,6,2369
2015,6,3,7,2434
2015,6,3,8,3162
2015,6,3,9,2079
2015,6,3,10,2974
2015,6,3,11,2848
2015,6,3,12,2820
2015,6,3,13,3461
2015,6,3,14,2386
2015,6,3,15,3709
2015,6,3,16,1086
2015,6,3,17,1334
2015,6,3,18,3465
2015,6,3,19,1619
2015,6,3,20,1882
2015,6,3,21,1684
2015,6,3,22,3271
2015,6,3,23,1185
2015,6,3,24,2652
2015,6,3,25,3255
2015,6,3,26,1920
2015,6,3,27,919
2015,6,3,28,3533
2015,6,3,29,2906
2015,6,3,30,1642
2015,6,3,31,2411
2015,6,3,32,1784
2015,6,3,33,2841
2015,6,3,34,1037
2015,6,3,35,2692
2015,6,3,36,3166
2015,6,3,37,1213
2015,6,3,38,3397
2015,6,3,39,1720
2015,6,3,40,1184
2015,6,3,41,861
2015,6,3,42,1540
2015,6,3,43,2112
2015,6,3,44,1153
2015,6,3,45,3252
2015,6,3,46,2469
2015,6,3,47,946
2015,6,3,48,2200
2015,6,3,49,1203
2015,6,3,50,2656
2015,6,4,1,819
2015,6,4,2,2278
2015,6,4,3,1369
2015,6,4,4,804
2015,6,4,5,709
2015,6,4,6,2196
2015,6,4,7,2159
2015,6,4,8,2965
2015,6,4,9,1976
2015,6,4,10,2683
2015,6,4,11,2684
2015,6,4,12,2609
2015,6,4,13,3103
2015,6,4,14,2197
2015,6,4,15,3264
2015,6,4,16,999
2015,6,4,17,1236
2015,6,4,18,3189
2015,6,4,19,1499
2015,6,4,20,1782
2015,6,4,21,1465
2015,6,4,22,3065
2015,6,4,23,1115
2015,6,4,24,2516
2015,6,4,25,3115
2015,6,4,26,1781
2015,6,4,27,855
2015,6,4,28,3419
2015,6,4,29,2700
2015,6,4,30,1505
2015,6,4,31,2227
2015,6,4,32,1722
2015,6,4,33,2671
2015,6,4,34,961
2015,6,4,35,2474
2015,6,4,36,2939
2015,6,4,37,1083
2015,6,4,38,3095
2015,6,4,39,1645
2015,6,4,40,1086
2015,6,4,41,805
2015,6,4,42,1445
2015,6,4,43,1903
2015,6,4,44,1088
2015,6,4,45,2998
2015,6,4,46,2204
2015,6,4,47,787
2015,6,4,48,1904
2015,6,4,49,1164
2015,6,4,50,2485
2015,6,5,1,642
2015,6,5,2,1515
2015,6,5,3,987
2015,6,5,4,651
2015,6,5,5,482
2015,6,5,6,1573
2015,6,5,7,1619
2015,6,5,8,2013
2015,6,5,9,1440
2015,6,5,10,2053
2015,6,5,11,1866
2015,6,5,12,1867
2015,6,5,13,2320
2015,6,5,14,1565
2015,6,5,15,2419
2015,6,5,16,674
2015,6,5,17,842
2015,6,5,18,2290
2015,6,5,19,1140
2015,6,5,20,1337
2015,6,5,21,1100
2015,6,5,22,2279
2015,6,5,23,779
2015,6,5,24,1817
2015,6,5,25,2205
2015,6,5,26,1296
2015,6,5,27,558
2015,6,5,28,2420
2015,6,5,29,1889
2015,6,5,30,1136
2015,6,5,31,1558
2015,6,5,32,1133
2015,6,5,33,1925
2015,6,5,34,704
2015,6,5,35,1805
2015,6,5,36,2227
2015,6,5,37,801
2015,6,5,38,2165
2015,6,5,39,1186
2015,6,5,40,782
2015,6,5,41,617
2015,6,5,42,992
2015,6,5,43,1404
2015,6,5,44,803
2015,6,5,45,2237
2015,6,5,46,1529
2015,6,5,47,623
2015,6,5,48,1360
2015,6,5,49,802
2015,6,5,50,1806
2015,6,6,1,652
2015,6,6,2,1511
2015,6,6,3,993
2015,6,6,4,635
2015,6,6,5,492
2015,6,6,6,1681
2015,6,6,7,1588
2015,6,6,8,2010
2015,6,6,9,1461
2015,6,6,10,2061
2015,6,6,11,1880
2015,6,6,12,1879
2015,6,6,13,2304
2015,6,6,14,1557
2015,6,6,15,2334
2015,6,6,16,691
2015,6,6,17,879
2015,6,6,18,2253
2015,6,6,19,1171
2015,6,6,20,1298
2015,6,6,21,1120
2015,6,6,22,2205
2015,6,6,23,815
2015,6,6,24,1797
2015,6,6,25,2239
2015,6,6,26,1311
2015,6,6,27,595
2015,6,6,28,2412
2015,6,6,29,1920
2015,6,6,30,1082
2015,6,6,31,1645
2015,6,6,32,1172
2015,6,6,33,1919
2015,6,6,34,703
2015,6,6,35,1777
2015,6,6,36,2122
2015,6,6,37,768
2015,6,6,38,2259
2015,6,6,39,1184
2015,6,6,40,793
2015,6,6,41,629
2015,6,6,42,952
2015,6,6,43,1359
2015,6,6,44,790
2015,6,6,45,2157
2015,6,6,46,1615
2015,6,6,47,580
2015,6,6,48,1408
2015,6,6,49,797
2015,6,6,50,1748
2015,6,7,1,490
2015,6,7,2,1460
2015,6,7,3,972
2015,6,7,4,566
2015,6,7,5,466
2015,6,7,6,1491
2015,6,7,7,1437
2015,6,7,8,2000
2015,6,7,9,1244
2015,6,7,10,1824
2015,6,7,11,1721
2015,6,7,12,1750
2015,6,7,13,2180
2015,6,7,14,1536
2015,6,7,15,2195
2015,6,7,16,631
2015,6,7,17,829
2015,6,7,18,2099
2015,6,7,19,1016
2015,6,7,20,1219
2015,6,7,21,997
2015,6,7,22,2091
2015,6,7,23,714
2015,6,7,24,1721
2015,6,7,25,2027
2015,6,7,26,1170
2015,6,7,27,560
2015,6,7,28,2209
2015,6,7,29,1764
2015,6,7,30,1019
2015,6,7,31,1538
2015,6,7,32,1119
2015,6,7,33,1733
2015,6,7,34,665
2015,6,7,35,1638
2015,6,7,36,1925
2015,6,7,37,733
2015,6,7,38,1997
2015,6,7,39,1074
2015,6,7,40,733
2015,6,7,41,620
2015,6,7,42,939
2015,6,7,43,1266
2015,6,7,44,692
2015,6,7,45,2022
2015,6,7,46,1469
2015,6,7,47,553
2015,6,7,48,1240
2015,6,7,49,744
2015,6,7,50,1664
2015,6,8,1,995
2015,6,8,2,2487
2015,6,8,3,1630
2015,6,8,4,989
2015,6,8,5,730
2015,6,8,6,2678
2015,6,8,7,2609
2015,6,8,8,3393
2015,6,8,9,2296
2015,6,8,10,3206
2015,6,8,11,3047
2015,6,8,12,3164
2015,6,8,13,3687
2015,6,8,14,2565
2015,6,8,15,3834
2015,6,8,16,1208
2015,6,8,17,1443
2015,6,8,18,3736
2015,6,8,19,1737
2015,6,8,20,1985
2015,6,8,21,1795
2015,6,8,22,3540
2015,6,8,23,1241
2015,6,8,24,2951
2015,6,8,25,3651
2015,6,8,26,2144
2015,6,8,27,941
2015,6,8,28,3789
2015,6,8,29,3071
2015,6,8,30,1743
2015,6,8,31,2607
2015,6,8,32,1877
2015,6,8,33,3011
2015,6,8,34,1137
2015,6,8,35,2842
2015,6,8,36,3430
2015,6,8,37,1343
2015,6,8,38,3493
2015,6,8,39,1898
2015,6,8,40,1313
2015,6,8,41,898
2015,6,8,42,1674
2015,6,8,43,2169
2015,6,8,44,1317
2015,6,8,45,3532
2015,6,8,46,2618
2015,6,8,47,986
2015,6,8,48,2286
2015,6,8,49,1336
2015,6,8,50,2871
2015,6,9,1,816
2015,6,9,2,2268
2015,6,9,3,1420
2015,6,9,4,875
2015,6,9,5,666
2015,6,9,6,2180
2015,6,9,7,2251
2015,6,9,8,2815
2015,6,9,9,1947
2015,6,9,10,2700
2015,6,9,11,2625
2015,6,9,12,2618
2015,6,9,13,3197
2015,6,9,14,2196
2015,6,9,15,3361
2015,6,9,16,941
2015,6,9,17,1256
2015,6,9,18,3209
2015,6,9,19,1577
2015,6,9,20,1812
2015,6,9,21,1496
2015,6,9,22,2969
2015,6,9,23,1099
2015,6,9,24,2511
2015,6,9,25,3098
2015,6,9,26,1800
2015,6,9,27,847
2015,6,9,28,3297
2015,6,9,29,2636
2015,6,9,30,1475
2015,6,9,31,2125
2015,6,9,32,1634
2015,6,9,33,2545
2015,6,9,34,956
2015,6,9,35,2503
2015,6,9,36,2895
2015,6,9,37,1127
2015,6,9,38,3086
2015,6,9,39,1571
2015,6,9,40,1126
2015,6,9,41,820
2015,6,9,42,1369
2015,6,9,43,1936
2015,6,9,44,1092
2015,6,9,45,3089
2015,6,9,46,2225
2015,6,9,47,892
2015,6,9,48,1929
2015,6,9,49,1105
2015,6,9,50,2484
2015,6,10,1,871
2015,6,10,2,2381
2015,6,10,3,1476
2015,6,10,4,871
2015,6,10,5,793
2015,6,10,6,2329
2015,6,10,7,2405
2015,6,10,8,3133
2015,6,10,9,2027
2015,6,10,10,2952
2015,6,10,11,2842
2015,6,10,12,2828
2015,6,10,13,3391
2015,6,10,14,2438
2015,6,10,15,3536
2015,6,10,16,1044
2015,6,10,17,1264
2015,6,10,18,3385
2015,6,10,19,1650
2015,6,10,20,1921
2015,6,10,21,1588
2015,6,10,22,3129
2015,6,10,23,1218
2015,6,10,24,2700
2015,6,10,25,3262
2015,6,10,26,1945
2015,6,10,27,864
2015,6,10,28,3591
2015,6,10,29,2813
2015,6,10,30,1624
2015,6,10,31,2328
2015,6,10,32,1770
2015,6,10,33,2735
2015,6,10,34,986
2015,6,10,35,2674
2015,6,10,36,3129
2015,6,10,37,1210
2015,6,10,38,3366
2015,6,10,39,1833
2015,6,10,40,1171
2015,6,10,41,849
2015,6,10,42,1472
2015,6,10,43,2011
2015,6,10,44,1177
2015,6,10,45,3365
2015,6,10,46,2308
2015,6,10,47,853
2015,6,10,48,2093
2015,6,10,49,1232
2015,6,10,50,2615
2015,7,1,1,842
2015,7,1,2,1967
2015,7,1,3,1325
2015,7,1,4,783
2015,7,1,5,632
2015,7,1,6,2055
2015,7,1,7,2132
2015,7,1,8,2702
2015,7,1,9,1875
2015,7,1,10,2604
2015,7,1,11,2587
2015,7,1,12,2547
2015,7,1,13,3026
2015,7,1,14,2156
2015,7,1,15,3203
2015,7,1,16,984
2015,7,1,17,1222
2015,7,1,18,3048
2015,7,1,19,1463
2015,7,1,20,1683
2015,7,1,21,1507
2015,7,1,22,2874
2015,7,1,23,1104
2015,7,1,24,2376
2015,7,1,25,2845
2015,7,1,26,1666
2015,7,1,27,789
2015,7,1,28,3131
2015,7,1,29,2543
2015,7,1,30,1435
2015,7,1,31,2152
2015,7,1,32,1523
2015,7,1,33,2515
2015,7,1,34,947
2015,7,1,35,2344
2015,7,1,36,2792
2015,7,1,37,1051
2015,7,1,38,2911
2015,7,1,39,1540
2015,7,1,40,1061
2015,7,1,41,776
2015,7,1,42,1274
2015,7,1,43,1909
2015,7,1,44,1033
2015,7,1,45,2878
2015,7,1,46,2150
2015,7,1,47,770
2015,7,1,48,1896
2015,7,1,49,1035
2015,7,1,50,2306
2015,7,2,1,1175
2015,7,2,2,2883
2015,7,2,3,1838
2015,7,2,4,1105
2015,7,2,5,954
2015,7,2,6,2921
2015,7,2,7,2891
2015,7,2,8,3965
2015,7,2,9,2549
2015,7,2,10,3844
2015,7,2,11,3545
2015,7,2,12,3648
2015,7,2,13,4288
2015,7,2,14,2923
2015,7,2,15,4515
2015,7,2,16,1299
2015,7,2,17,1726
2015,7,2,18,4326
2015,7,2,19,2073
2015,7,2,20,2410
2015,7,2,21,2087
2015,7,2,22,4075
2015,7,2,23,1463
2015,7,2,24,3403
2015,7,2,25,4116
2015,7,2,26,2461
2015,7,2,27,1124
2015,7,2,28,4497
2015,7,2,29,3450
2015,7,2,30,2022
2015,7,2,31,2903
2015,7,2,32,2294
2015,7,2,33,3592
2015,7,2,34,1289
2015,7,2,35,3200
2015,7,2,36,3960
2015,7,2,37,1469
2015,7,2,38,4100
2015,7,2,39,2216
2015,7,2,40,1437
2015,7,2,41,1079
2015,7,2,42,1917
2015,7,2,43,2633
2015,7,2,44,1456
2015,7,2,45,4113
2015,7,2,46,2977
2015,7,2,47,1147
2015,7,2,48,2624
2015,7,2,49,1504
2015,7,2,50,3321
2015,7,3,1,984
2015,7,3,2,2696
2015,7,3,3,1661
2015,7,3,4,1010
2015,7,3,5,861
2015,7,3,6,2697
2015,7,3,7,2633
2015,7,3,8,3375
2015,7,3,9,2362
2015,7,3,10,3299
2015,7,3,11,3197
2015,7,3,12,3233
2015,7,3,13,3819
2015,7,3,14,2662
2015,7,3,15,4020
2015,7,3,16,1109
2015,7,3,17,1474
2015,7,3,18,3764
2015,7,3,19,1875
2015,7,3,20,2182
2015,7,3,21,1866
2015,7,3,22,3583
2015,7,3,23,1331
2015,7,3,24,3022
2015,7,3,25,3500
2015,7,3,26,2150
2015,7,3,27,1035
2015,7,3,28,3995
2015,7,3,29,3150
2015,7,3,30,1893
2015,7,3,31,2633
2015,7,3,32,1936
2015,7,3,33,3179
2015,7,3,34,1154
2015,7,3,35,2949
2015,7,3,36,3508
2015,7,3,37,1309
2015,7,3,38,3663
2015,7,3,39,1940
2015,7,3,40,1322
2015,7,3,41,1010
2015,7,3,42,1664
2015,7,3,43,2325
2015,7,3,44,1322
2015,7,3,45,3719
2015,7,3,46,2651
2015,7,3,47,992
2015,7,3,48,2281
2015,7,3,49,1301
2015,7,3,50,2985
2015,7,4,1,882
2015,7,4,2,2434
2015,7,4,3,1564
2015,7,4,4,922
2015,7,4,5,765
2015,7,4,6,2404
2015,7,4,7,2484
2015,7,4,8,3189
2015,7,4,9,2195
2015,7,4,10,3136
2015,7,4,11,2965
2015,7,4,12,2939
2015,7,4,13,3508
2015,7,4,14,2489
2015,7,4,15,3661
2015,7,4,16,1146
2015,7,4,17,1446
2015,7,4,18,3414
2015,7,4,19,1690
2015,7,4,20,2008
2015,7,4,21,1625
2015,7,4,22,3409
2015,7,4,23,1195
2015,7,4,24,2769
2015,7,4,25,3397
2015,7,4,26,1975
2015,7,4,27,881
2015,7,4,28,3641
2015,7,4,29,2858
2015,7,4,30,1705
2015,7,4,31,2454
2015,7,4,32,1792
2015,7,4,33,2930
2015,7,4,34,1003
2015,7,4,35,2650
2015,7,4,36,3187
2015,7,4,37,1249
2015,7,4,38,3307
2015,7,4,39,1834
2015,7,4,40,1210
2015,7,4,41,913
2015,7,4,42,1465
2015,7,4,43,2164
2015,7,4,44,1252
2015,7,4,45,3507
2015,7,4,46,2417
2015,7,4,47,885
2015,7,4,48,2126
2015,7,4,49,1161
2015,7,4,50,2719
2015,7,5,1,654
2015,7,5,2,1730
2015,7,5,3,1106
2015,7,5,4,666
2015,7,5,5,574
2015,7,5,6,1801
2015,7,5,7,1722
2015,7,5,8,2281
2015,7,5,9,1561
2015,7,5,10,2250
2015,7,5,11,2042
2015,7,5,12,2038
2015,7,5,13,2616
2015,7,5,14,1770
2015,7,5,15,2576
2015,7,5,16,777
2015,7,5,17,975
2015,7,5,18,2542
2015,7,5,19,1225
2015,7,5,20,1466
2015,7,5,21,1217
2015,7,5,22,2513
2015,7,5,23,896
2015,7,5,24,1911
2015,7,5,25,2490
2015,7,5,26,1488
2015,7,5,27,683
2015,7,5,28,2682
2015,7,5,29,2145
2015,7,5,30,1175
2015,7,5,31,1687
2015,7,5,32,1379
2015,7,5,33,2201
2015,7,5,34,786
2015,7,5,35,2058
2015,7,5,36,2356
2015,7,5,37,821
2015,7,5,38,2448
2015,7,5,39,1318
2015,7,5,40,869
2015,7,5,41,664
2015,7,5,42,1130
2015,7,5,43,1614
2015,7,5,44,903
2015,7,5,45,2461
2015,7,5,46,1783
2015,7,5,47,678
2015,7,5,48,1535
2015,7,5,49,884
2015,7,5,50,2050
2015,7,6,1,627
2015,7,6,2,1718
2015,7,6,3,1089
2015,7,6,4,688
2015,7,6,5,588
2015,7,6,6,1688
2015,7,6,7,1757
2015,7,6,8,2291
2015,7,6,9,1668
2015,7,6,10,2176
2015,7,6,11,2138
2015,7,6,12,2166
2015,7,6,13,2568
2015,7,6,14,1778
2015,7,6,15,2584
2015,7,6,16,808
2015,7,6,17,1004
2015,7,6,18,2621
2015,7,6,19,1211
2015,7,6,20,1459
2015,7,6,21,1258
2015,7,6,22,2332
2015,7,6,23,861
2015,7,6,24,1992
2015,7,6,25,2475
2015,7,6,26,1409
2015,7,6,27,679
2015,7,6,28,2671
2015,7,6,29,2131
2015,7,6,30,1174
2015,7,6,31,1729
2015,7,6,32,1348
2015,7,6,33,2099
2015,7,6,34,775
2015,7,6,35,2050
2015,7,6,36,2439
2015,7,6,37,896
2015,7,6,38,2426
2015,7,6,39,1335
2015,7,6,40,900
2015,7,6,41,707
2015,7,6,42,1060
2015,7,6,43,1511
2015,7,6,44,824
2015,7,6,45,2460
2015,7,6,46,1812
2015,7,6,47,681
2015,7,6,48,1512
2015,7,6,49,884
2015,7,6,50,2066
2015,7,7,1,642
2015,7,7,2,1568
2015,7,7,3,998
2015,7,7,4,609
2015,7,7,5,454
2015,7,7,6,1597
2015,7,7,7,1644
2015,7,7,8,2078
2015,7,7,9,1409
2015,7,7,10,2008
2015,7,7,11,1912
2015,7,7,12,1889
2015,7,7,13,2212
2015,7,7,14,1648
2015,7,7,15,2385
2015,7,7,16,690
2015,7,7,17,882
2015,7,7,18,2374
2015,7,7,19,1085
2015,7,7,20,1324
2015,7,7,21,1103
2015,7,7,22,2194
2015,7,7,23,816
2015,7,7,24,1839
2015,7,7,25,2190
2015,7,7,26,1324
2015,7,7,27,582
2015,7,7,28,2335
2015,7,7,29,1888
2015,7,7,30,1114
2015,7,7,31,1648
2015,7,7,32,1238
2015,7,7,33,1986
2015,7,7,34,702
2015,7,7,35,1894
2015,7,7,36,2158
2015,7,7,37,792
2015,7,7,38,2229
2015,7,7,39,1166
2015,7,7,40,848
2015,7,7,41,688
2015,7,7,42,1029
2015,7,7,43,1437
2015,7,7,44,853
2015,7,7,45,2241
2015,7,7,46,1632
2015,7,7,47,585
2015,7,7,48,1400
2015,7,7,49,772
2015,7,7,50,1799
2015,7,8,1,1018
2015,7,8,2,2770
2015,7,8,3,1759
2015,7,8,4,1018
2015,7,8,5,888
2015,7,8,6,2719
2015,7,8,7,2793
2015,7,8,8,3859
2015,7,8,9,2528
2015,7,8,10,3546
2015,7,8,11,3469
2015,7,8,12,3509
2015,7,8,13,4142
2015,7,8,14,2785
2015,7,8,15,4335
2015,7,8,16,1190
2015,7,8,17,1594
2015,7,8,18,4179
2015,7,8,19,1944
2015,7,8,20,2273
2015,7,8,21,2003
2015,7,8,22,4021
2015,7,8,23,1432
2015,7,8,24,3146
2015,7,8,25,4043
2015,7,8,26,2313
2015,7,8,27,1054
2015,7,8,28,4260
2015,7,8,29,3434
2015,7,8,30,1898
2015,7,8,31,2898
2015,7,8,32,2072
2015,7,8,33,3429
2015,7,8,34,1293
2015,7,8,35,3263
2015,7,8,36,3729
2015,7,8,37,1438
2015,7,8,38,3921
2015,7,8,39,2106
2015,7,8,40,1452
2015,7,8,41,1055
2015,7,8,42,1843
2015,7,8,43,2399
2015,7,8,44,1397
2015,7,8,45,3974
2015,7,8,46,2882
2015,7,8,47,1020
2015,7,8,48,2492
2015,7,8,49,1507
2015,7,8,50,3232
2015,7,9,1,1023
2015,7,9,2,2454
2015,7,9,3,1568
2015,7,9,4,964
2015,7,9,5,790
2015,7,9,6,2477
2015,7,9,7,2484
2015,7,9,8,3216
2015,7,9,9,2179
2015,7,9,10,3139
2015,7,9,11,2960
2015,7,9,12,2761
2015,7,9,13,3438
2015,7,9,14,2454
2015,7,9,15,3698
2015,7,9,16,1110
2015,7,9,17,1375
2015,7,9,18,3507
2015,7,9,19,1638
2015,7,9,20,1996
2015,7,9,21,1661
2015,7,9,22,3390
2015,7,9,23,1234
2015,7,9,24,2731
2015,7,9,25,3403
2015,7,9,26,2063
2015,7,9,27,953
2015,7,9,28,3662
2015,7,9,29,2998
2015,7,9,30,1713
2015,7,9,31,2468
2015,7,9,32,1847
2015,7,9,33,2871
2015,7,9,34,1072
2015,7,9,35,2820
2015,7,9,36,3327
2015,7,9,37,1267
2015,7,9,38,3283
2015,7,9,39,1853
2015,7,9,40,1288
2015,7,9,41,1002
2015,7,9,42,1530
2015,7,9,43,2132
2015,7,9,44,1225
2015,7,9,45,3364
2015,7,9,46,2346
2015,7,9,47,935
2015,7,9,48,2111
2015,7,9,49,1280
2015,7,9,50,2728
2015,7,10,1,991
2015,7,10,2,2650
2015,7,10,3,1632
2015,7,10,4,940
2015,7,10,5,800
2015,7,10,6,2568
2015,7,10,7,2636
2015,7,10,8,3324
2015,7,10,9,2342
2015,7,10,10,3234
2015,7,10,11,2982
2015,7,10,12,3115
2015,7,10,13,3740
2015,7,10,14,2590
2015,7,10,15,3871
2015,7,10,16,1097
2015,7,10,17,1349
2015,7,10,18,3782
2015,7,10,19,1799
2015,7,10,20,2105
2015,7,10,21,1772
2015,7,10,22,3540
2015,7,10,23,1301
2015,7,10,24,2945
2015,7,10,25,3650
2015,7,10,26,2074
2015,7,10,27,999
2015,7,10,28,3976
2015,7,10,29,3066
2015,7,10,30,1826
2015,7,10,31,2667
2015,7,10,32,1989
2015,7,10,33,3186
2015,7,10,34,1140
2015,7,10,35,2909
2015,7,10,36,3344
2015,7,10,37,1236
2015,7,10,38,3582
2015,7,10,39,2005
2015,7,10,40,1260
2015,7,10,41,1058
2015,7,10,42,1643
2015,7,10,43,2313
2015,7,10,44,1310
2015,7,10,45,3556
2015,7,10,46,2684
2015,7,10,47,990
2015,7,10,48,2281
2015,7,10,49,1347
2015,7,10,50,2854
2015,8,1,1,706
2015,8,1,2,1915
2015,8,1,3,1178
2015,8,1,4,691
2015,8,1,5,616
2015,8,1,6,1823
2015,8,1,7,1881
2015,8,1,8,2455
2015,8,1,9,1621
2015,8,1,10,2378
2015,8,1,11,2197
2015,8,1,12,2208
2015,8,1,13,2763
2015,8,1,14,1904
2015,8,1,15,2826
2015,8,1,16,828
2015,8,1,17,1087
2015,8,1,18,2704
2015,8,1,19,1328
2015,8,1,20,1531
2015,8,1,21,1276
2015,8,1,22,2540
2015,8,1,23,926
2015,8,1,24,2069
2015,8,1,25,2560
2015,8,1,26,1559
2015,8,1,27,683
2015,8,1,28,2750
2015,8,1,29,2256
2015,8,1,30,1233
2015,8,1,31,1947
2015,8,1,32,1403
2015,8,1,33,2193
2015,8,1,34,839
2015,8,1,35,2008
2015,8,1,36,2392
2015,8,1,37,998
2015,8,1,38,2648
2015,8,1,39,1422
2015,8,1,40,927
2015,8,1,41,722
2015,8,1,42,1187
2015,8,1,43,1566
2015,8,1,44,927
2015,8,1,45,2541
2015,8,1,46,1813
2015,8,1,47,711
2015,8,1,48,1659
2015,8,1,49,1032
2015,8,1,50,2015
2015,8,2,1,972
2015,8,2,2,2728
2015,8,2,3,1664
2015,8,2,4,983
2015,8,2,5,794
2015,8,2,6,2654
2015,8,2,7,2716
2015,8,2,8,3356
2015,8,2,9,2336
2015,8,2,10,3249
2015,8,2,11,3120
2015,8,2,12,3117
2015,8,2,13,3683
2015,8,2,14,2639
2015,8,2,15,3914
2015,8,2,16,1197
2015,8,2,17,1532
2015,8,2,18,3705
2015,8,2,19,1863
2015,8,2,20,2232
2015,8,2,21,1785
2015,8,2,22,3662
2015,8,2,23,1259
2015,8,2,24,2940
2015,8,2,25,3671
2015,8,2,26,2156
2015,8,2,27,1033
2015,8,2,28,3977
2015,8,2,29,3169
2015,8,2,30,1809
2015,8,2,31,2706
2015,8,2,32,1968
2015,8,2,33,3143
2015,8,2,34,1190
2015,8,2,35,3081
2015,8,2,36,3456
2015,8,2,37,1273
2015,8,2,38,3745
2015,8,2,39,2031
2015,8,2,40,1373
2015,8,2,41,996
2015,8,2,42,1673
2015,8,2,43,2282
2015,8,2,44,1327
2015,8,2,45,3627
2015,8,2,46,2638
2015,8,2,47,959
2015,8,2,48,2353
2015,8,2,49,1452
2015,8,2,50,3038
2015,8,3,1,910
2015,8,3,2,2356
2015,8,3,3,1492
2015,8,3,4,822
2015,8,3,5,762
2015,8,3,6,2353
2015,8,3,7,2291
2015,8,3,8,3179
2015,8,3,9,2089
2015,8,3,10,2928
2015,8,3,11,2724
2015,8,3,12,2779
2015,8,3,13,3320
2015,8,3,14,2384
2015,8,3,15,3489
2015,8,3,16,1002
2015,8,3,17,1346
2015,8,3,18,3390
2015,8,3,19,1605
2015,8,3,20,1932
2015,8,3,21,1519
2015,8,3,22,3223
2015,8,3,23,1184
2015,8,3,24,2620
2015,8,3,25,3195
2015,8,3,26,1898
2015,8,3,27,894
2015,8,3,28,3512
2015,8,3,29,2818
2015,8,3,30,1569
2015,8,3,31,2384
2015,8,3,32,1754
2015,8,3,33,2783
2015,8,3,34,1048
2015,8,3,35,2642
2015,8,3,36,3164
2015,8,3,37,1107
2015,8,3,38,3212
2015,8,3,39,1750
2015,8,3,40,1163
2015,8,3,41,854
2015,8,3,42,1480
2015,8,3,43,2006
2015,8,3,44,1186
2015,8,3,45,3238
2015,8,3,46,2289
2015,8,3,47,881
2015,8,3,48,2116
2015,8,3,49,1195
2015,8,3,50,2683
2015,8,4,1,857
2015,8,4,2,2133
2015,8,4,3,1430
2015,8,4,4,835
2015,8,4,5,711
2015,8,4,6,2227
2015,8,4,7,2174
2015,8,4,8,2852
2015,8,4,9,1999
2015,8,4,10,2708
2015,8,4,11,2532
2015,8,4,12,2486
2015,8,4,13,3212
2015,8,4,14,2173
2015,8,4,15,3171
2015,8,4,16,927
2015,8,4,17,1218
2015,8,4,18,3098
2015,8,4,19,1501
2015,8,4,20,1788
2015,8,4,21,1515
2015,8,4,22,2976
2015,8,4,23,1096
2015,8,4,24,2472
2015,8,4,25,2924
2015,8,4,26,1789
2015,8,4,27,804
2015,8,4,28,3214
2015,8,4,29,2636
2015,8,4,30,1490
2015,8,4,31,2192
2015,8,4,32,1644
2015,8,4,33,2555
2015,8,4,34,962
2015,8,4,35,2409
2015,8,4,36,2891
2015,8,4,37,1082
2015,8,4,38,3026
2015,8,4,39,1605
2015,8,4,40,1083
2015,8,4,41,804
2015,8,4,42,1402
2015,8,4,43,2001
2015,8,4,44,1101
2015,8,4,45,2902
2015,8,4,46,2217
2015,8,4,47,791
2015,8,4,48,1819
2015,8,4,49,1107
2015,8,4,50,2429
2015,8,5,1,597
2015,8,5,2,1541
2015,8,5,3,999
2015,8,5,4,621
2015,8,5,5,494
2015,8,5,6,1594
2015,8,5,7,1587
2015,8,5,8,2120
2015,8,5,9,1365
2015,8,5,10,1932
2015,8,5,11,1844
2015,8,5,12,1861
2015,8,5,13,2243
2015,8,5,14,1540
2015,8,5,15,2274
2015,8,5,16,705
2015,8,5,17,878
2015,8,5,18,2185
2015,8,5,19,1046
2015,8,5,20,1276
2015,8,5,21,1096
2015,8,5,22,2174
2015,8,5,23,773
2015,8,5,24,1804
2015,8,5,25,2134
2015,8,5,26,1253
2015,8,5,27,570
2015,8,5,28,2373
2015,8,5,29,1882
2015,8,5,30,1075
2015,8,5,31,1659
2015,8,5,32,1154
2015,8,5,33,1878
2015,8,5,34,690
2015,8,5,35,1774
2015,8,5,36,2071
2015,8,5,37,814
2015,8,5,38,2079
2015,8,5,39,1170
2015,8,5,40,740
2015,8,5,41,587
2015,8,5,42,982
2015,8,5,43,1390
2015,8,5,44,823
2015,8,5,45,2163
2015,8,5,46,1559
2015,8,5,47,583
2015,8,5,48,1322
2015,8,5,49,837
2015,8,5,50,1697
2015,8,6,1,609
2015,8,6,2,1558
2015,8,6,3,956
2015,8,6,4,602
2015,8,6,5,488
2015,8,6,6,1636
2015,8,6,7,1606
2015,8,6,8,2034
2015,8,6,9,1393
2015,8,6,10,2027
2015,8,6,11,1858
2015,8,6,12,1789
2015,8,6,13,2280
2015,8,6,14,1567
2015,8,6,15,2263
2015,8,6,16,709
2015,8,6,17,875
2015,8,6,18,2218
2015,8,6,19,1021
2015,8,6,20,1308
2015,8,6,21,1114
2015,8,6,22,2176
2015,8,6,23,768
2015,8,6,24,1790
2015,8,6,25,2149
2015,8,6,26,1277
2015,8,6,27,604
2015,8,6,28,2338
2015,8,6,29,1876
2015,8,6,30,1106
2015,8,6,31,1539
2015,8,6,32,1223
2015,8,6,33,1801
2015,8,6,34,718
2015,8,6,35,1730
2015,8,6,36,2086
2015,8,6,37,753
2015,8,6,38,2137
2015,8,6,39,1200
2015,8,6,40,722
2015,8,6,41,566
2015,8,6,42,991
2015,8,6,43,1361
2015,8,6,44,795
2015,8,6,45,2121
2015,8,6,46,1591
2015,8,6,47,608
2015,8,6,48,1316
2015,8,6,49,812
2015,8,6,50,1760
2015,8,7,1,493
2015,8,7,2,1507
2015,8,7,3,889
2015,8,7,4,523
2015,8,7,5,485
2015,8,7,6,1430
2015,8,7,7,1442
2015,8,7,8,1864
2015,8,7,9,1312
2015,8,7,10,1779
2015,8,7,11,1646
2015,8,7,12,1642
2015,8,7,13,2042
2015,8,7,14,1492
2015,8,7,15,2147
2015,8,7,16,637
2015,8,7,17,841
2015,8,7,18,2085
2015,8,7,19,988
2015,8,7,20,1200
2015,8,7,21,1014
2015,8,7,22,1993
2015,8,7,23,712
2015,8,7,24,1579
2015,8,7,25,1934
2015,8,7,26,1135
2015,8,7,27,528
2015,8,7,28,2135
2015,8,7,29,1679
2015,8,7,30,953
2015,8,7,31,1452
2015,8,7,32,1059
2015,8,7,33,1683
2015,8,7,34,683
2015,8,7,35,1549
2015,8,7,36,1872
2015,8,7,37,725
2015,8,7,38,2002
2015,8,7,39,1074
2015,8,7,40,664
2015,8,7,41,525
2015,8,7,42,870
2015,8,7,43,1246
2015,8,7,44,715
2015,8,7,45,1942
2015,8,7,46,1440
2015,8,7,47,544
2015,8,7,48,1293
2015,8,7,49,715
2015,8,7,50,1638
2015,8,8,1,944
2015,8,8,2,2622
2015,8,8,3,1571
2015,8,8,4,951
2015,8,8,5,748
2015,8,8,6,2557
2015,8,8,7,2582
2015,8,8,8,3201
2015,8,8,9,2174
2015,8,8,10,3183
2015,8,8,11,2948
2015,8,8,12,2992
2015,8,8,13,3622
2015,8,8,14,2544
2015,8,8,15,3827
2015,8,8,16,1175
2015,8,8,17,1382
2015,8,8,18,3637
2015,8,8,19,1707
2015,8,8,20,2048
2015,8,8,21,1707
2015,8,8,22,3577
2015,8,8,23,1295
2015,8,8,24,2886
2015,8,8,25,3490
2015,8,8,26,2029
2015,8,8,27,984
2015,8,8,28,3832
2015,8,8,29,2961
2015,8,8,30,1802
2015,8,8,31,2456
2015,8,8,32,1941
2015,8,8,33,2923
2015,8,8,34,1169
2015,8,8,35,2911
2015,8,8,36,3287
2015,8,8,37,1241
2015,8,8,38,3637
2015,8,8,39,1947
2015,8,8,40,1268
2015,8,8,41,917
2015,8,8,42,1533
2015,8,8,43,2200
2015,8,8,44,1267
2015,8,8,45,3511
2015,8,8,46,2521
2015,8,8,47,955
2015,8,8,48,2200
2015,8,8,49,1314
2015,8,8,50,2853
2015,8,9,1,841
2015,8,9,2,2184
2015,8,9,3,1403
2015,8,9,4,805
2015,8,9,5,664
2015,8,9,6,2156
2015,8,9,7,2196
2015,8,9,8,2913
2015,8,9,9,1864
2015,8,9,10,2529
2015,8,9,11,2572
2015,8,9,12,2664
2015,8,9,13,3099
2015,8,9,14,2113
2015,8,9,15,3314
2015,8,9,16,970
2015,8,9,17,1236
2015,8,9,18,3115
2015,8,9,19,1526
2015,8,9,20,1792
2015,8,9,21,1562
2015,8,9,22,3061
2015,8,9,23,1102
2015,8,9,24,2444
2015,8,9,25,2873
2015,8,9,26,1658
2015,8,9,27,868
2015,8,9,28,3257
2015,8,9,29,2479
2015,8,9,30,1532
2015,8,9,31,2167
2015,8,9,32,1640
2015,8,9,33,2590
2015,8,9,34,1001
2015,8,9,35,2484
2015,8,9,36,2873
2015,8,9,37,1115
2015,8,9,38,2956
2015,8,9,39,1637
2015,8,9,40,1114
2015,8,9,41,779
2015,8,9,42,1387
2015,8,9,43,1905
2015,8,9,44,1137
2015,8,9,45,2954
2015,8,9,46,2247
2015,8,9,47,795
2015,8,9,48,1977
2015,8,9,49,1092
2015,8,9,50,2450
2015,8,10,1,841
2015,8,10,2,2301
2015,8,10,3,1427
2015,8,10,4,857
2015,8,10,5,732
2015,8,10,6,2315
2015,8,10,7,2310
2015,8,10,8,2946
2015,8,10,9,2019
2015,8,10,10,2913
2015,8,10,11,2788
2015,8,10,12,2707
2015,8,10,13,3363
2015,8,10,14,2282
2015,8,10,15,3519
2015,8,10,16,1009
2015,8,10,17,1350
2015,8,10,18,3398
2015,8,10,19,1588
2015,8,10,20,1855
2015,8,10,21,1666
2015,8,10,22,3164
2015,8,10,23,1211
2015,8,10,24,2598
2015,8,10,25,3117
2015,8,10,26,1923
2015,8,10,27,835
2015,8,10,28,3487
2015,8,10,29,2735
2015,8,10,30,1651
2015,8,10,31,2310
2015,8,10,32,1754
2015,8,10,33,2809
2015,8,10,34,1023
2015,8,10,35,2666
2015,8,10,36,3143
2015,8,10,37,1168
2015,8,10,38,3041
2015,8,10,39,1752
2015,8,10,40,1161
2015,8,10,41,895
2015,8,10,42,1574
2015,8,10,43,2097
2015,8,10,44,1204
2015,8,10,45,3174
2015,8,10,46,2238
2015,8,10,47,845
2015,8,10,48,2060
2015,8,10,49,1177
2015,8,10,50,2694
2015,9,1,1,678
2015,9,1,2,1625
2015,9,1,3,1112
2015,9,1,4,650
2015,9,1,5,511
2015,9,1,6,1675
2015,9,1,7,1590
2015,9,1,8,2199
2015,9,1,9,1436
2015,9,1,10,2112
2015,9,1,11,1982
2015,9,1,12,2053
2015,9,1,13,2318
2015,9,1,14,1691
2015,9,1,15,2533
2015,9,1,16,785
2015,9,1,17,989
2015,9,1,18,2401
2015,9,1,19,1168
2015,9,1,20,1339
2015,9,1,21,1142
2015,9,1,22,2321
2015,9,1,23,812
2015,9,1,24,1865
2015,9,1,25,2265
2015,9,1,26,1285
2015,9,1,27,667
2015,9,1,28,2433
2015,9,1,29,2025
2015,9,1,30,1117
2015,9,1,31,1718
2015,9,1,32,1237
2015,9,1,33,1974
2015,9,1,34,720
2015,9,1,35,1808
2015,9,1,36,2230
2015,9,1,37,833
2015,9,1,38,2293
2015,9,1,39,1229
2015,9,1,40,761
2015,9,1,41,630
2015,9,1,42,1085
2015,9,1,43,1480
2015,9,1,44,812
2015,9,1,45,2375
2015,9,1,46,1646
2015,9,1,47,603
2015,9,1,48,1371
2015,9,1,49,847
2015,9,1,50,1958
2015,9,2,1,844
2015,9,2,2,2383
2015,9,2,3,1483
2015,9,2,4,889
2015,9,2,5,775
2015,9,2,6,2288
2015,9,2,7,2361
2015,9,2,8,3210
2015,9,2,9,2094
2015,9,2,10,2957
2015,9,2,11,2731
2015,9,2,12,2724
2015,9,2,13,3352
2015,9,2,14,2354
2015,9,2,15,3485
2015,9,2,16,1063
2015,9,2,17,1410
2015,9,2,18,3423
2015,9,2,19,1651
2015,9,2,20,1934
2015,9,2,21,1626
2015,9,2,22,3210
2015,9,2,23,1134
2015,9,2,24,2678
2015,9,2,25,3157
2015,9,2,26,1877
2015,9,2,27,923
2015,9,2,28,3555
2015,9,2,29,2760
2015,9,2,30,1694
2015,9,2,31,2416
2015,9,2,32,1804
2015,9,2,33,2845
2015,9,2,34,1069
2015,9,2,35,2717
2015,9,2,36,3195
2015,9,2,37,1134
2015,9,2,38,3291
2015,9,2,39,1788
2015,9,2,40,1158
2015,9,2,41,912
2015,9,2,42,1499
2015,9,2,43,2047
2015,9,2,44,1205
2015,9,2,45,3189
2015,9,2,46,2338
2015,9,2,47,860
2015,9,2,48,2086
2015,9,2,49,1191
2015,9,2,50,2654
2015,9,3,1,829
2015,9,3,2,2173
2015,9,3,3,1382
2015,9,3,4,778
2015,9,3,5,620
2015,9,3,6,2126
2015,9,3,7,2099
2015,9,3,8,2833
2015,9,3,9,1896
2015,9,3,10,2518
2015,9,3,11,2540
2015,9,3,12,2528
2015,9,3,13,3026
2015,9,3,14,2129
2015,9,3,15,3223
2015,9,3,16,942
2015,9,3,17,1179
2015,9,3,18,3013
2015,9,3,19,1395
2015,9,3,20,1673
2015,9,3,21,1388
2015,9,3,22,2994
2015,9,3,23,1056
2015,9,3,24,2399
2015,9,3,25,2854
2015,9,3,26,1759
2015,9,3,27,779
2015,9,3,28,3152
2015,9,3,29,2491
2015,9,3,30,1383
2015,9,3,31,2089
2015,9,3,32,1614
2015,9,3,33,2520
2015,9,3,34,948
2015,9,3,35,2353
2015,9,3,36,2776
2015,9,3,37,1130
2015,9,3,38,2817
2015,9,3,39,1598
2015,9,3,40,1012
2015,9,3,41,773
2015,9,3,42,1297
2015,9,3,43,1779
2015,9,3,44,1089
2015,9,3,45,2945
2015,9,3,46,2085
2015,9,3,47,836
2015,9,3,48,1794
2015,9,3,49,1003
2015,9,3,50,2341
2015,9,4,1,747
2015,9,4,2,2018
2015,9,4,3,1229
2015,9,4,4,749
2015,9,4,5,603
2015,9,4,6,1983
2015,9,4,7,1906
2015,9,4,8,2496
2015,9,4,9,1735
2015,9,4,10,2474
2015,9,4,11,2343
2015,9,4,12,2386
2015,9,4,13,2844
2015,9,4,14,1877
2015,9,4,15,2955
2015,9,4,16,873
2015,9,4,17,1062
2015,9,4,18,2690
2015,9,4,19,1285
2015,9,4,20,1618
2015,9,4,21,1299
2015,9,4,22,2686
2015,9,4,23,940
2015,9,4,24,2171
2015,9,4,25,2699
2015,9,4,26,1598
2015,9,4,27,713
2015,9,4,28,2817
2015,9,4,29,2274
2015,9,4,30,1328
2015,9,4,31,1900
2015,9,4,32,1438
2015,9,4,33,2334
2015,9,4,34,853
2015,9,4,35,2148
2015,9,4,36,2555
2015,9,4,37,959
2015,9,4,38,2647
2015,9,4,39,1459
2015,9,4,40,935
2015,9,4,41,697
2015,9,4,42,1215
2015,9,4,43,1690
2015,9,4,44,996
2015,9,4,45,2652
2015,9,4,46,1999
2015,9,4,47,702
2015,9,4,48,1777
2015,9,4,49,972
2015,9,4,50,2141
2015,9,5,1,543
2015,9,5,2,1393
2015,9,5,3,926
2015,9,5,4,501
2015,9,5,5,432
2015,9,5,6,1409
2015,9,5,7,1436
2015,9,5,8,1864
2015,9,5,9,1236
2015,9,5,10,1775
2015,9,5,11,1643
2015,9,5,12,1615
2015,9,5,13,2044
2015,9,5,14,1336
2015,9,5,15,2094
2015,9,5,16,598
2015,9,5,17,767
2015,9,5,18,2032
2015,9,5,19,934
2015,9,5,20,1173
2015,9,5,21,928
2015,9,5,22,1879
2015,9,5,23,723
2015,9,5,24,1548
2015,9,5,25,1961
2015,9,5,26,1169
2015,9,5,27,505
2015,9,5,28,2173
2015,9,5,29,1659
2015,9,5,30,976
2015,9,5,31,1460
2015,9,5,32,1073
2015,9,5,33,1706
2015,9,5,34,632
2015,9,5,35,1588
2015,9,5,36,1882
2015,9,5,37,677
2015,9,5,38,1934
2015,9,5,39,1091
2015,9,5,40,732
2015,9,5,41,502
2015,9,5,42,902
2015,9,5,43,1220
2015,9,5,44,756
2015,9,5,45,1905
2015,9,5,46,1418
2015,9,5,47,480
2015,9,5,48,1285
2015,9,5,49,718
2015,9,5,50,1519
2015,9,6,1,533
2015,9,6,2,1365
2015,9,6,3,935
2015,9,6,4,572
2015,9,6,5,397
2015,9,6,6,1378
2015,9,6,7,1468
2015,9,6,8,1821
2015,9,6,9,1278
2015,9,6,10,1753
2015,9,6,11,1666
2015,9,6,12,1628
2015,9,6,13,1977
2015,9,6,14,1404
2015,9,6,15,2205
2015,9,6,16,627
2015,9,6,17,810
2015,9,6,18,2049
2015,9,6,19,949
2015,9,6,20,1173
2015,9,6,21,973
2015,9,6,22,1977
2015,9,6,23,720
2015,9,6,24,1651
2015,9,6,25,1955
2015,9,6,26,1118
2015,9,6,27,508
2015,9,6,28,2079
2015,9,6,29,1642
2015,9,6,30,1017
2015,9,6,31,1374
2015,9,6,32,1061
2015,9,6,33,1686
2015,9,6,34,618
2015,9,6,35,1567
2015,9,6,36,1764
2015,9,6,37,733
2015,9,6,38,1978
2015,9,6,39,1055
2015,9,6,40,694
2015,9,6,41,491
2015,9,6,42,910
2015,9,6,43,1272
2015,9,6,44,702
2015,9,6,45,1852
2015,9,6,46,1440
2015,9,6,47,529
2015,9,6,48,1167
2015,9,6,49,664
2015,9,6,50,1633
2015,9,7,1,442
2015,9,7,2,1271
2015,9,7,3,756
2015,9,7,4,480
2015,9,7,5,399
2015,9,7,6,1333
2015,9,7,7,1305
2015,9,7,8,1668
2015,9,7,9,1174
2015,9,7,10,1669
2015,9,7,11,1578
2015,9,7,12,1542
2015,9,7,13,1840
2015,9,7,14,1270
2015,9,7,15,1952
2015,9,7,16,550
2015,9,7,17,739
2015,9,7,18,1898
2015,9,7,19,901
2015,9,7,20,1082
2015,9,7,21,911
2015,9,7,22,1782
2015,9,7,23,582
2015,9,7,24,1372
2015,9,7,25,1794
2015,9,7,26,1033
2015,9,7,27,498
2015,9,7,28,1921
2015,9,7,29,1435
2015,9,7,30,956
2015,9,7,31,1292
2015,9,7,32,955
2015,9,7,33,1504
2015,9,7,34,569
2015,9,7,35,1452
2015,9,7,36,1658
2015,9,7,37,626
2015,9,7,38,1779
2015,9,7,39,964
2015,9,7,40,619
2015,9,7,41,467
2015,9,7,42,833
2015,9,7,43,1151
2015,9,7,44,641
2015,9,7,45,1754
2015,9,7,46,1284
2015,9,7,47,493
2015,9,7,48,1140
2015,9,7,49,673
2015,9,7,50,1431
2015,9,8,1,879
2015,9,8,2,2255
2015,9,8,3,1411
2015,9,8,4,858
2015,9,8,5,707
2015,9,8,6,2306
2015,9,8,7,2215
2015,9,8,8,3048
2015,9,8,9,2018
2015,9,8,10,2783
2015,9,8,11,2642
2015,9,8,12,2693
2015,9,8,13,3200
2015,9,8,14,2226
2015,9,8,15,3469
2015,9,8,16,936
2015,9,8,17,1271
2015,9,8,18,3292
2015,9,8,19,1488
2015,9,8,20,1898
2015,9,8,21,1558
2015,9,8,22,3098
2015,9,8,23,1110
2015,9,8,24,2552
2015,9,8,25,3121
2015,9,8,26,1780
2015,9,8,27,799
2015,9,8,28,3389
2015,9,8,29,2719
2015,9,8,30,1545
2015,9,8,31,2317
2015,9,8,32,1714
2015,9,8,33,2661
2015,9,8,34,1032
2015,9,8,35,2571
2015,9,8,36,2931
2015,9,8,37,1158
2015,9,8,38,3174
2015,9,8,39,1588
2015,9,8,40,1128
2015,9,8,41,846
2015,9,8,42,1390
2015,9,8,43,1954
2015,9,8,44,1107
2015,9,8,45,3189
2015,9,8,46,2253
2015,9,8,47,855
2015,9,8,48,2010
2015,9,8,49,1173
2015,9,8,50,2504
2015,9,9,1,771
2015,9,9,2,2012
2015,9,9,3,1204
2015,9,9,4,740
2015,9,9,5,587
2015,9,9,6,1963
2015,9,9,7,1924
2015,9,9,8,2603
2015,9,9,9,1698
2015,9,9,10,2397
2015,9,9,11,2273
2015,9,9,12,2365
2015,9,9,13,2805
2015,9,9,14,1934
2015,9,9,15,2923
2015,9,9,16,875
2015,9,9,17,1074
2015,9,9,18,2780
2015,9,9,19,1272
2015,9,9,20,1550
2015,9,9,21,1370
2015,9,9,22,2793
2015,9,9,23,1062
2015,9,9,24,2207
2015,9,9,25,2669
2015,9,9,26,1558
2015,9,9,27,725
2015,9,9,28,2895
2015,9,9,29,2352
2015,9,9,30,1327
2015,9,9,31,2002
2015,9,9,32,1506
2015,9,9,33,2267
2015,9,9,34,869
2015,9,9,35,2169
2015,9,9,36,2480
2015,9,9,37,993
2015,9,9,38,2712
2015,9,9,39,1508
2015,9,9,40,969
2015,9,9,41,736
2015,9,9,42,1214
2015,9,9,43,1655
2015,9,9,44,980
2015,9,9,45,2727
2015,9,9,46,1928
2015,9,9,47,752
2015,9,9,48,1703
2015,9,9,49,1010
2015,9,9,50,2162
2015,9,10,1,745
2015,9,10,2,2006
2015,9,10,3,1242
2015,9,10,4,759
2015,9,10,5,624
2015,9,10,6,2029
2015,9,10,7,2147
2015,9,10,8,2717
2015,9,10,9,1817
2015,9,10,10,2553
2015,9,10,11,2456
2015,9,10,12,2433
2015,9,10,13,2996
2015,9,10,14,2088
2015,9,10,15,3081
2015,9,10,16,863
2015,9,10,17,1157
2015,9,10,18,2991
2015,9,10,19,1420
2015,9,10,20,1638
2015,9,10,21,1406
2015,9,10,22,2899
2015,9,10,23,1055
2015,9,10,24,2355
2015,9,10,25,2817
2015,9,10,26,1692
2015,9,10,27,799
2015,9,10,28,3090
2015,9,10,29,2468
2015,9,10,30,1474
2015,9,10,31,2040
2015,9,10,32,1566
2015,9,10,33,2459
2015,9,10,34,933
2015,9,10,35,2374
2015,9,10,36,2715
2015,9,10,37,1034
2015,9,10,38,2876
2015,9,10,39,1598
2015,9,10,40,999
2015,9,10,41,758
2015,9,10,42,1275
2015,9,10,43,1676
2015,9,10,44,1104
2015,9,10,45,2781
2015,9,10,46,2096
2015,9,10,47,784
2015,9,10,48,1888
2015,9,10,49,1030
2015,9,10,50,2435
2015,10,1,1,647
2015,10,1,2,1622
2015,10,1,3,1041
2015,10,1,4,604
2015,10,1,5,486
2015,10,1,6,1594
2015,10,1,7,1665
2015,10,1,8,2109
2015,10,1,9,1457
2015,10,1,10,2054
2015,10,1,11,1910
2015,10,1,12,1881
2015,10,1,13,2407
2015,10,1,14,1594
2015,10,1,15,2385
2015,10,1,16,693
2015,10,1,17,910
2015,10,1,18,2426
2015,10,1,19,1101
2015,10,1,20,1304
2015,10,1,21,1065
2015,10,1,22,2245
2015,10,1,23,810
2015,10,1,24,1884
2015,10,1,25,2249
2015,10,1,26,1325
2015,10,1,27,613
2015,10,1,28,2392
2015,10,1,29,1893
2015,10,1,30,1090
2015,10,1,31,1653
2015,10,1,32,1184
2015,10,1,33,1940
2015,10,1,34,688
2015,10,1,35,1838
2015,10,1,36,2162
2015,10,1,37,870
2015,10,1,38,2304
2015,10,1,39,1194
2015,10,1,40,857
2015,10,1,41,610
2015,10,1,42,992
2015,10,1,43,1398
2015,10,1,44,818
2015,10,1,45,2222
2015,10,1,46,1637
2015,10,1,47,637
2015,10,1,48,1376
2015,10,1,49,826
2015,10,1,50,1858
2015,10,2,1,934
2015,10,2,2,2349
2015,10,2,3,1402
2015,10,2,4,884
2015,10,2,5,696
2015,10,2,6,2267
2015,10,2,7,2277
2015,10,2,8,3009
2015,10,2,9,2019
2015,10,2,10,2874
2015,10,2,11,2708
2015,10,2,12,2616
2015,10,2,13,3418
2015,10,2,14,2345
2015,10,2,15,3502
2015,10,2,16,957
2015,10,2,17,1319
2015,10,2,18,3297
2015,10,2,19,1489
2015,10,2,20,1912
2015,10,2,21,1568
2015,10,2,22,3167
2015,10,2,23,1159
2015,10,2,24,2560
2015,10,2,25,3210
2015,10,2,26,1923
2015,10,2,27,859
2015,10,2,28,3497
2015,10,2,29,2731
2015,10,2,30,1587
2015,10,2,31,2222
2015,10,2,32,1704
2015,10,2,33,2621
2015,10,2,34,1007
2015,10,2,35,2576
2015,10,2,36,3075
2015,10,2,37,1130
2015,10,2,38,3206
2015,10,2,39,1698
2015,10,2,40,1126
2015,10,2,41,850
2015,10,2,42,1505
2015,10,2,43,1910
2015,10,2,44,1159
2015,10,2,45,3081
2015,10,2,46,2309
2015,10,2,47,877
2015,10,2,48,1976
2015,10,2,49,1121
2015,10,2,50,2570
2015,10,3,1,746
2015,10,3,2,2078
2015,10,3,3,1266
2015,10,3,4,764
2015,10,3,5,612
2015,10,3,6,2055
2015,10,3,7,2035
2015,10,3,8,2622
2015,10,3,9,1741
2015,10,3,10,2451
2015,10,3,11,2378
2015,10,3,12,2452
2015,10,3,13,2960
2015,10,3,14,1992
2015,10,3,15,3043
2015,10,3,16,917
2015,10,3,17,1160
2015,10,3,18,2899
2015,10,3,19,1383
2015,10,3,20,1627
2015,10,3,21,1430
2015,10,3,22,2848
2015,10,3,23,1024
2015,10,3,24,2294
2015,10,3,25,2852
2015,10,3,26,1701
2015,10,3,27,793
2015,10,3,28,3036
2015,10,3,29,2378
2015,10,3,30,1402
2015,10,3,31,2017
2015,10,3,32,1468
2015,10,3,33,2370
2015,10,3,34,873
2015,10,3,35,2258
2015,10,3,36,2694
2015,10,3,37,1042
2015,10,3,38,2782
2015,10,3,39,1480
2015,10,3,40,992
2015,10,3,41,780
2015,10,3,42,1222
2015,10,3,43,1778
2015,10,3,44,1055
2015,10,3,45,2885
2015,10,3,46,2060
2015,10,3,47,745
2015,10,3,48,1785
2015,10,3,49,989
2015,10,3,50,2287
2015,10,4,1,729
2015,10,4,2,1899
2015,10,4,3,1214
2015,10,4,4,693
2015,10,4,5,578
2015,10,4,6,1876
2015,10,4,7,1848
2015,10,4,8,2429
2015,10,4,9,1682
2015,10,4,10,2347
2015,10,4,11,2247
2015,10,4,12,2131
2015,10,4,13,2758
2015,10,4,14,1830
2015,10,4,15,2801
2015,10,4,16,856
2015,10,4,17,1071
2015,10,4,18,2737
2015,10,4,19,1261
2015,10,4,20,1543
2015,10,4,21,1202
2015,10,4,22,2627
2015,10,4,23,957
2015,10,4,24,2087
2015,10,4,25,2569
2015,10,4,26,1458
2015,10,4,27,673
2015,10,4,28,2795
2015,10,4,29,2283
2015,10,4,30,1394
2015,10,4,31,1727
2015,10,4,32,1462
2015,10,4,33,2289
2015,10,4,34,821
2015,10,4,35,2094
2015,10,4,36,2352
2015,10,4,37,902
2015,10,4,38,2624
2015,10,4,39,1373
2015,10,4,40,924
2015,10,4,41,722
2015,10,4,42,1175
2015,10,4,43,1664
2015,10,4,44,954
2015,10,4,45,2545
2015,10,4,46,1868
2015,10,4,47,693
2015,10,4,48,1616
2015,10,4,49,948
2015,10,4,50,2145
2015,10,5,1,484
2015,10,5,2,1302
2015,10,5,3,860
2015,10,5,4,518
2015,10,5,5,447
2015,10,5,6,1333
2015,10,5,7,1384
2015,10,5,8,1746
2015,10,5,9,1196
2015,10,5,10,1743
2015,10,5,11,1648
2015,10,5,12,1613
2015,10,5,13,1985
2015,10,5,14,1332
2015,10,5,15,2020
2015,10,5,16,636
2015,10,5,17,749
2015,10,5,18,1906
2015,10,5,19,881
2015,10,5,20,1165
2015,10,5,21,880
2015,10,5,22,1831
2015,10,5,23,676
2015,10,5,24,1533
2015,10,5,25,1840
2015,10,5,26,1080
2015,10,5,27,510
2015,10,5,28,2089
2015,10,5,29,1596
2015,10,5,30,924
2015,10,5,31,1392
2015,10,5,32,1018
2015,10,5,33,1659
2015,10,5,34,614
2015,10,5,35,1486
2015,10,5,36,1793
2015,10,5,37,666
2015,10,5,38,1747
2015,10,5,39,1041
2015,10,5,40,683
2015,10,5,41,490
2015,10,5,42,901
2015,10,5,43,1142
2015,10,5,44,633
2015,10,5,45,1873
2015,10,5,46,1354
2015,10,5,47,498
2015,10,5,48,1115
2015,10,5,49,678
2015,10,5,50,1543
2015,10,6,1,470
2015,10,6,2,1352
2015,10,6,3,778
2015,10,6,4,498
2015,10,6,5,444
2015,10,6,6,1340
2015,10,6,7,1397
2015,10,6,8,1779
2015,10,6,9,1235
2015,10,6,10,1762
2015,10,6,11,1606
2015,10,6,12,1595
2015,10,6,13,1985
2015,10,6,14,1408
2015,10,6,15,2043
2015,10,6,16,573
2015,10,6,17,808
2015,10,6,18,1896
2015,10,6,19,930
2015,10,6,20,1140
2015,10,6,21,951
2015,10,6,22,1862
2015,10,6,23,682
2015,10,6,24,1569
2015,10,6,25,1882
2015,10,6,26,1174
2015,10,6,27,522
2015,10,6,28,2064
2015,10,6,29,1595
2015,10,6,30,924
2015,10,6,31,1356
2015,10,6,32,1070
2015,10,6,33,1634
2015,10,6,34,643
2015,10,6,35,1557
2015,10,6,36,1869
2015,10,6,37,685
2015,10,6,38,1781
2015,10,6,39,957
2015,10,6,40,656
2015,10,6,41,487
2015,10,6,42,856
2015,10,6,43,1234
2015,10,6,44,678
2015,10,6,45,1877
2015,10,6,46,1340
2015,10,6,47,475
2015,10,6,48,1249
2015,10,6,49,680
2015,10,6,50,1514
2015,10,7,1,469
2015,10,7,2,1205
2015,10,7,3,813
2015,10,7,4,487
2015,10,7,5,416
2015,10,7,6,1210
2015,10,7,7,1281
2015,10,7,8,1578
2015,10,7,9,1108
2015,10,7,10,1532
2015,10,7,11,1463
2015,10,7,12,1514
2015,10,7,13,1791
2015,10,7,14,1218
2015,10,7,15,1895
2015,10,7,16,569
2015,10,7,17,669
2015,10,7,18,1747
2015,10,7,19,864
2015,10,7,20,1001
2015,10,7,21,854
2015,10,7,22,1733
2015,10,7,23,627
2015,10,7,24,1394
2015,10,7,25,1731
2015,10,7,26,1047
2015,10,7,27,444
2015,10,7,28,1859
2015,10,7,29,1515
2015,10,7,30,892
2015,10,7,31,1292
2015,10,7,32,981
2015,10,7,33,1335
2015,10,7,34,540
2015,10,7,35,1404
2015,10,7,36,1612
2015,10,7,37,608
2015,10,7,38,1700
2015,10,7,39,941
2015,10,7,40,611
2015,10,7,41,458
2015,10,7,42,753
2015,10,7,43,1096
2015,10,7,44,641
2015,10,7,45,1705
2015,10,7,46,1227
2015,10,7,47,479
2015,10,7,48,1058
2015,10,7,49,657
2015,10,7,50,1421
2015,10,8,1,791
2015,10,8,2,2165
2015,10,8,3,1343
2015,10,8,4,805
2015,10,8,5,701
2015,10,8,6,2237
2015,10,8,7,2152
2015,10,8,8,2879
2015,10,8,9,1971
2015,10,8,10,2766
2015,10,8,11,2625
2015,10,8,12,2697
2015,10,8,13,3213
2015,10,8,14,2218
2015,10,8,15,3345
2015,10,8,16,966
2015,10,8,17,1199
2015,10,8,18,3185
2015,10,8,19,1540
2015,10,8,20,1740
2015,10,8,21,1471
2015,10,8,22,2969
2015,10,8,23,1120
2015,10,8,24,2349
2015,10,8,25,3041
2015,10,8,26,1783
2015,10,8,27,797
2015,10,8,28,3362
2015,10,8,29,2559
2015,10,8,30,1540
2015,10,8,31,2168
2015,10,8,32,1677
2015,10,8,33,2633
2015,10,8,34,1023
2015,10,8,35,2420
2015,10,8,36,2805
2015,10,8,37,1058
2015,10,8,38,2973
2015,10,8,39,1577
2015,10,8,40,1090
2015,10,8,41,869
2015,10,8,42,1380
2015,10,8,43,1899
2015,10,8,44,1106
2015,10,8,45,3115
2015,10,8,46,2198
2015,10,8,47,795
2015,10,8,48,1841
2015,10,8,49,1130
2015,10,8,50,2535
2015,10,9,1,638
2015,10,9,2,1887
2015,10,9,3,1219
2015,10,9,4,685
2015,10,9,5,566
2015,10,9,6,1828
2015,10,9,7,1887
2015,10,9,8,2543
2015,10,9,9,1703
2015,10,9,10,2308
2015,10,9,11,2243
2015,10,9,12,2256
2015,10,9,13,2737
2015,10,9,14,1869
2015,10,9,15,2850
2015,10,9,16,844
2015,10,9,17,1114
2015,10,9,18,2707
2015,10,9,19,1312
2015,10,9,20,1577
2015,10,9,21,1318
2015,10,9,22,2584
2015,10,9,23,940
2015,10,9,24,2159
2015,10,9,25,2548
2015,10,9,26,1559
2015,10,9,27,714
2015,10,9,28,2866
2015,10,9,29,2233
2015,10,9,30,1266
2015,10,9,31,1897
2015,10,9,32,1386
2015,10,9,33,2220
2015,10,9,34,843
2015,10,9,35,2108
2015,10,9,36,2540
2015,10,9,37,943
2015,10,9,38,2579
2015,10,9,39,1435
2015,10,9,40,957
2015,10,9,41,707
2015,10,9,42,1162
2015,10,9,43,1662
2015,10,9,44,906
2015,10,9,45,2542
2015,10,9,46,1802
2015,10,9,47,677
2015,10,9,48,1617
2015,10,9,49,964
2015,10,9,50,2183
2015,10,10,1,736
2015,10,10,2,1966
2015,10,10,3,1338
2015,10,10,4,753
2015,10,10,5,615
2015,10,10,6,1998
2015,10,10,7,2029
2015,10,10,8,2627
2015,10,10,9,1788
2015,10,10,10,2506
2015,10,10,11,2426
2015,10,10,12,2373
2015,10,10,13,2893
2015,10,10,14,2004
2015,10,10,15,3083
2015,10,10,16,864
2015,10,10,17,1203
2015,10,10,18,2922
2015,10,10,19,1346
2015,10,10,20,1621
2015,10,10,21,1311
2015,10,10,22,2766
2015,10,10,23,936
2015,10,10,24,2217
2015,10,10,25,2723
2015,10,10,26,1684
2015,10,10,27,790
2015,10,10,28,3006
2015,10,10,29,2394
2015,10,10,30,1431
2015,10,10,31,2004
2015,10,10,32,1438
2015,10,10,33,2427
2015,10,10,34,912
2015,10,10,35,2330
2015,10,10,36,2740
2015,10,10,37,994
2015,10,10,38,2812
2015,10,10,39,1569
2015,10,10,40,963
2015,10,10,41,766
2015,10,10,42,1243
2015,10,10,43,1798
2015,10,10,44,943
2015,10,10,45,2763
2015,10,10,46,1913
2015,10,10,47,783
2015,10,10,48,1808
2015,10,10,49,1097
2015,10,10,50,2398
2015,11,1,1,684
2015,11,1,2,1680
2015,11,1,3,1059
2015,11,1,4,605
2015,11,1,5,509
2015,11,1,6,1590
2015,11,1,7,1665
2015,11,1,8,2162
2015,11,1,9,1417
2015,11,1,10,2053
2015,11,1,11,1978
2015,11,1,12,2046
2015,11,1,13,2449
2015,11,1,14,1682
2015,11,1,15,2451
2015,11,1,16,763
2015,11,1,17,921
2015,11,1,18,2447
2015,11,1,19,1158
2015,11,1,20,1338
2015,11,1,21,1151
2015,11,1,22,2296
2015,11,1,23,859
2015,11,1,24,1873
2015,11,1,25,2349
2015,11,1,26,1322
2015,11,1,27,600
2015,11,1,28,2484
2015,11,1,29,2006
2015,11,1,30,1180
2015,11,1,31,1650
2015,11,1,32,1237
2015,11,1,33,1979
2015,11,1,34,758
2015,11,1,35,1815
2015,11,1,36,2145
2015,11,1,37,830
2015,11,1,38,2323
2015,11,1,39,1292
2015,11,1,40,815
2015,11,1,41,652
2015,11,1,42,1007
2015,11,1,43,1444
2015,11,1,44,804
2015,11,1,45,2250
2015,11,1,46,1680
2015,11,1,47,634
2015,11,1,48,1457
2015,11,1,49,844
2015,11,1,50,1899
2015,11,2,1,901
2015,11,2,2,2482
2015,11,2,3,1489
2015,11,2,4,887
2015,11,2,5,740
2015,11,2,6,2328
2015,11,2,7,2368
2015,11,2,8,3187
2015,11,2,9,2125
2015,11,2,10,2945
2015,11,2,11,2844
2015,11,2,12,2828
2015,11,2,13,3431
2015,11,2,14,2336
2015,11,2,15,3601
2015,11,2,16,1027
2015,11,2,17,1325
2015,11,2,18,3346
2015,11,2,19,1640
2015,11,2,20,1912
2015,11,2,21,1622
2015,11,2,22,3108
2015,11,2,23,1184
2015,11,2,24,2715
2015,11,2,25,3359
2015,11,2,26,1920
2015,11,2,27,897
2015,11,2,28,3596
2015,11,2,29,2864
2015,11,2,30,1666
2015,11,2,31,2420
2015,11,2,32,1838
2015,11,2,33,2825
2015,11,2,34,990
2015,11,2,35,2731
2015,11,2,36,3083
2015,11,2,37,1249
2015,11,2,38,3273
2015,11,2,39,1820
2015,11,2,40,1191
2015,11,2,41,884
2015,11,2,42,1440
2015,11,2,43,2074
2015,11,2,44,1197
2015,11,2,45,3241
2015,11,2,46,2356
2015,11,2,47,926
2015,11,2,48,2035
2015,11,2,49,1108
2015,11,2,50,2631
2015,11,3,1,795
2015,11,3,2,2107
2015,11,3,3,1340
2015,11,3,4,805
2015,11,3,5,695
2015,11,3,6,2162
2015,11,3,7,2113
2015,11,3,8,2711
2015,11,3,9,1836
2015,11,3,10,2651
2015,11,3,11,2516
2015,11,3,12,2505
2015,11,3,13,3060
2015,11,3,14,2112
2015,11,3,15,3095
2015,11,3,16,886
2015,11,3,17,1181
2015,11,3,18,3072
2015,11,3,19,1461
2015,11,3,20,1666
2015,11,3,21,1408
2015,11,3,22,2969
2015,11,3,23,1040
2015,11,3,24,2350
2015,11,3,25,2988
2015,11,3,26,1739
2015,11,3,27,786
2015,11,3,28,3080
2015,11,3,29,2550
2015,11,3,30,1467
2015,11,3,31,2123
2015,11,3,32,1600
2015,11,3,33,2436
2015,11,3,34,892
2015,11,3,35,2327
2015,11,3,36,2796
2015,11,3,37,1044
2015,11,3,38,2873
2015,11,3,39,1556
2015,11,3,40,1088
2015,11,3,41,828
2015,11,3,42,1357
2015,11,3,43,1805
2015,11,3,44,1022
2015,11,3,45,2923
2015,11,3,46,2169
2015,11,3,47,787
2015,11,3,48,1862
2015,11,3,49,1101
2015,11,3,50,2397
2015,11,4,1,743
2015,11,4,2,1968
2015,11,4,3,1221
2015,11,4,4,744
2015,11,4,5,622
2015,11,4,6,1940
2015,11,4,7,1927
2015,11,4,8,2561
2015,11,4,9,1694
2015,11,4,10,2479
2015,11,4,11,2271
2015,11,4,12,2331
2015,11,4,13,2785
2015,11,4,14,1911
2015,11,4,15,3023
2015,11,4,16,879
2015,11,4,17,1103
2015,11,4,18,2860
2015,11,4,19,1360
2015,11,4,20,1504
2015,11,4,21,1396
2015,11,4,22,2600
2015,11,4,23,925
2015,11,4,24,2189
2015,11,4,25,2602
2015,11,4,26,1610
2015,11,4,27,727
2015,11,4,28,2891
2015,11,4,29,2267
2015,11,4,30,1321
2015,11,4,31,1932
2015,11,4,32,1430
2015,11,4,33,2410
2015,11,4,34,876
2015,11,4,35,2225
2015,11,4,36,2658
2015,11,4,37,956
2015,11,4,38,2625
2015,11,4,39,1497
2015,11,4,40,982
2015,11,4,41,715
2015,11,4,42,1201
2015,11,4,43,1761
2015,11,4,44,944
2015,11,4,45,2651
2015,11,4,46,1978
2015,11,4,47,750
2015,11,4,48,1640
2015,11,4,49,956
2015,11,4,50,2056
2015,11,5,1,537
2015,11,5,2,1433
2015,11,5,3,864
2015,11,5,4,555
2015,11,5,5,411
2015,11,5,6,1362
2015,11,5,7,1421
2015,11,5,8,1769
2015,11,5,9,1251
2015,11,5,10,1688
2015,11,5,11,1686
2015,11,5,12,1630
2015,11,5,13,2132
2015,11,5,14,1460
2015,11,5,15,2121
2015,11,5,16,615
2015,11,5,17,755
2015,11,5,18,1992
2015,11,5,19,944
2015,11,5,20,1118
2015,11,5,21,983
2015,11,5,22,1955
2015,11,5,23,686
2015,11,5,24,1620
2015,11,5,25,1902
2015,11,5,26,1173
2015,11,5,27,571
2015,11,5,28,2079
2015,11,5,29,1634
2015,11,5,30,938
2015,11,5,31,1441
2015,11,5,32,1077
2015,11,5,33,1754
2015,11,5,34,624
2015,11,5,35,1595
2015,11,5,36,1851
2015,11,5,37,734
2015,11,5,38,1938
2015,11,5,39,1046
2015,11,5,40,719
2015,11,5,41,538
2015,11,5,42,853
2015,11,5,43,1261
2015,11,5,44,787
2015,11,5,45,1937
2015,11,5,46,1389
2015,11,5,47,527
2015,11,5,48,1273
2015,11,5,49,641
2015,11,5,50,1629
2015,11,6,1,550
2015,11,6,2,1390
2015,11,6,3,890
2015,11,6,4,486
2015,11,6,5,462
2015,11,6,6,1436
2015,11,6,7,1375
2015,11,6,8,1835
2015,11,6,9,1218
2015,11,6,10,1796
2015,11,6,11,1632
2015,11,6,12,1616
2015,11,6,13,1990
2015,11,6,14,1399
2015,11,6,15,2089
2015,11,6,16,614
2015,11,6,17,791
2015,11,6,18,2061
2015,11,6,19,972
2015,11,6,20,1162
2015,11,6,21,1004
2015,11,6,22,1907
2015,11,6,23,732
2015,11,6,24,1662
2015,11,6,25,1962
2015,11,6,26,1157
2015,11,6,27,565
2015,11,6,28,2218
2015,11,6,29,1632
2015,11,6,30,990
2015,11,6,31,1365
2015,11,6,32,1032
2015,11,6,33,1699
2015,11,6,34,643
2015,11,6,35,1642
2015,11,6,36,1872
2015,11,6,37,712
2015,11,6,38,1941
2015,11,6,39,1093
2015,11,6,40,697
2015,11,6,41,555
2015,11,6,42,869
2015,11,6,43,1257
2015,11,6,44,694
2015,11,6,45,1908
2015,11,6,46,1413
2015,11,6,47,467
2015,11,6,48,1270
2015,11,6,49,701
2015,11,6,50,1542
2015,11,7,1,462
2015,11,7,2,1286
2015,11,7,3,822
2015,11,7,4,504
2015,11,7,5,411
2015,11,7,6,1319
2015,11,7,7,1253
2015,11,7,8,1795
2015,11,7,9,1104
2015,11,7,10,1618
2015,11,7,11,1564
2015,11,7,12,1593
2015,11,7,13,1904
2015,11,7,14,1327
2015,11,7,15,1988
2015,11,7,16,582
2015,11,7,17,743
2015,11,7,18,1902
2015,11,7,19,885
2015,11,7,20,1114
2015,11,7,21,882
2015,11,7,22,1799
2015,11,7,23,653
2015,11,7,24,1446
2015,11,7,25,1733
2015,11,7,26,1021
2015,11,7,27,473
2015,11,7,28,1868
2015,11,7,29,1639
2015,11,7,30,895
2015,11,7,31,1291
2015,11,7,32,958
2015,11,7,33,1566
2015,11,7,34,568
2015,11,7,35,1461
2015,11,7,36,1655
2015,11,7,37,689
2015,11,7,38,1739
2015,11,7,39,1013
2015,11,7,40,646
2015,11,7,41,481
2015,11,7,42,815
2015,11,7,43,1132
2015,11,7,44,639
2015,11,7,45,1794
2015,11,7,46,1307
2015,11,7,47,523
2015,11,7,48,1112
2015,11,7,49,686
2015,11,7,50,1442
2015,11,8,1,861
2015,11,8,2,2270
2015,11,8,3,1401
2015,11,8,4,896
2015,11,8,5,689
2015,11,8,6,2182
2015,11,8,7,2299
2015,11,8,8,2949
2015,11,8,9,2030
2015,11,8,10,2852
2015,11,8,11,2716
2015,11,8,12,2762
2015,11,8,13,3279
2015,11,8,14,2329
2015,11,8,15,3400
2015,11,8,16,965
2015,11,8,17,1266
2015,11,8,18,3322
2015,11,8,19,1589
2015,11,8,20,1809
2015,11,8,21,1623
2015,11,8,22,3183
2015,11,8,23,1180
2015,11,8,24,2586
2015,11,8,25,3179
2015,11,8,26,1842
2015,11,8,27,860
2015,11,8,28,3349
2015,11,8,29,2705
2015,11,8,30,1539
2015,11,8,31,2285
2015,11,8,32,1754
2015,11,8,33,2689
2015,11,8,34,1044
2015,11,8,35,2648
2015,11,8,36,2985
2015,11,8,37,1121
2015,11,8,38,3039
2015,11,8,39,1657
2015,11,8,40,1144
2015,11,8,41,905
2015,11,8,42,1417
2015,11,8,43,1985
2015,11,8,44,1210
2015,11,8,45,3119
2015,11,8,46,2286
2015,11,8,47,821
2015,11,8,48,2091
2015,11,8,49,1196
2015,11,8,50,2638
2015,11,9,1,746
2015,11,9,2,1969
2015,11,9,3,1272
2015,11,9,4,676
2015,11,9,5,625
2015,11,9,6,1929
2015,11,9,7,1963
2015,11,9,8,2581
2015,11,9,9,1740
2015,11,9,10,2396
2015,11,9,11,2349
2015,11,9,12,2433
2015,11,9,13,2840
2015,11,9,14,1993
2015,11,9,15,2928
2015,11,9,16,817
2015,11,9,17,1067
2015,11,9,18,2796
2015,11,9,19,1373
2015,11,9,20,1648
2015,11,9,21,1365
2015,11,9,22,2672
2015,11,9,23,984
2015,11,9,24,2235
2015,11,9,25,2640
2015,11,9,26,1638
2015,11,9,27,739
2015,11,9,28,2945
2015,11,9,29,2350
2015,11,9,30,1337
2015,11,9,31,1977
2015,11,9,32,1558
2015,11,9,33,2346
2015,11,9,34,845
2015,11,9,35,2255
2015,11,9,36,2561
2015,11,9,37,958
2015,11,9,38,2703
2015,11,9,39,1354
2015,11,9,40,988
2015,11,9,41,738
2015,11,9,42,1225
2015,11,9,43,1751
2015,11,9,44,1001
2015,11,9,45,2605
2015,11,9,46,2034
2015,11,9,47,713
2015,11,9,48,1702
2015,11,9,49,970
2015,11,9,50,2224
2015,11,10,1,823
2015,11,10,2,2007
2015,11,10,3,1296
2015,11,10,4,768
2015,11,10,5,651
2015,11,10,6,2074
2015,11,10,7,2076
2015,11,10,8,2781
2015,11,10,9,1925
2015,11,10,10,2597
2015,11,10,11,2430
2015,11,10,12,2520
2015,11,10,13,2978
2015,11,10,14,2133
2015,11,10,15,3198
2015,11,10,16,883
2015,11,10,17,1215
2015,11,10,18,3041
2015,11,10,19,1498
2015,11,10,20,1636
2015,11,10,21,1420
2015,11,10,22,2862
2015,11,10,23,1035
2015,11,10,24,2317
2015,11,10,25,2858
2015,11,10,26,1706
2015,11,10,27,778
2015,11,10,28,3062
2015,11,10,29,2509
2015,11,10,30,1455
2015,11,10,31,2086
2015,11,10,32,1587
2015,11,10,33,2392
2015,11,10,34,943
2015,11,10,35,2266
2015,11,10,36,2734
2015,11,10,37,1063
2015,11,10,38,2832
2015,11,10,39,1568
2015,11,10,40,1053
2015,11,10,41,809
2015,11,10,42,1351
2015,11,10,43,1855
2015,11,10,44,1047
2015,11,10,45,2861
2015,11,10,46,2149
2015,11,10,47,731
2015,11,10,48,1871
2015,11,10,49,1056
2015,11,10,50,2287
2015,12,1,1,460
2015,12,1,2,1227
2015,12,1,3,750
2015,12,1,4,461
2015,12,1,5,380
2015,12,1,6,1228
2015,12,1,7,1231
2015,12,1,8,1694
2015,12,1,9,1071
2015,12,1,10,1519
2015,12,1,11,1485
2015,12,1,12,1405
2015,12,1,13,1848
2015,12,1,14,1233
2015,12,1,15,1773
2015,12,1,16,540
2015,12,1,17,696
2015,12,1,18,1702
2015,12,1,19,837
2015,12,1,20,992
2015,12,1,21,859
2015,12,1,22,1690
2015,12,1,23,609
2015,12,1,24,1369
2015,12,1,25,1651
2015,12,1,26,995
2015,12,1,27,497
2015,12,1,28,1812
2015,12,1,29,1479
2015,12,1,30,831
2015,12,1,31,1242
2015,12,1,32,937
2015,12,1,33,1454
2015,12,1,34,539
2015,12,1,35,1391
2015,12,1,36,1552
2015,12,1,37,582
2015,12,1,38,1725
2015,12,1,39,953
2015,12,1,40,616
2015,12,1,41,501
2015,12,1,42,821
2015,12,1,43,1036
2015,12,1,44,614
2015,12,1,45,1685
2015,12,1,46,1206
2015,12,1,47,472
2015,12,1,48,1015
2015,12,1,49,641
2015,12,1,50,1395
2015,12,2,1,653
2015,12,2,2,1829
2015,12,2,3,1129
2015,12,2,4,653
2015,12,2,5,581
2015,12,2,6,1703
2015,12,2,7,1686
2015,12,2,8,2371
2015,12,2,9,1533
2015,12,2,10,2157
2015,12,2,11,2062
2015,12,2,12,2116
2015,12,2,13,2528
2015,12,2,14,1818
2015,12,2,15,2549
2015,12,2,16,753
2015,12,2,17,969
2015,12,2,18,2446
2015,12,2,19,1211
2015,12,2,20,1389
2015,12,2,21,1190
2015,12,2,22,2358
2015,12,2,23,886
2015,12,2,24,1885
2015,12,2,25,2483
2015,12,2,26,1431
2015,12,2,27,654
2015,12,2,28,2633
2015,12,2,29,2083
2015,12,2,30,1236
2015,12,2,31,1791
2015,12,2,32,1319
2015,12,2,33,2088
2015,12,2,34,775
2015,12,2,35,1931
2015,12,2,36,2298
2015,12,2,37,917
2015,12,2,38,2428
2015,12,2,39,1324
2015,12,2,40,851
2015,12,2,41,609
2015,12,2,42,1135
2015,12,2,43,1517
2015,12,2,44,880
2015,12,2,45,2416
2015,12,2,46,1829
2015,12,2,47,627
2015,12,2,48,1478
2015,12,2,49,893
2015,12,2,50,1953
2015,12,3,1,572
2015,12,3,2,1528
2015,12,3,3,953
2015,12,3,4,533
2015,12,3,5,472
2015,12,3,6,1559
2015,12,3,7,1525
2015,12,3,8,2005
2015,12,3,9,1365
2015,12,3,10,1906
2015,12,3,11,1932
2015,12,3,12,1899
2015,12,3,13,2253
2015,12,3,14,1550
2015,12,3,15,2294
2015,12,3,16,652
2015,12,3,17,934
2015,12,3,18,2176
2015,12,3,19,1018
2015,12,3,20,1297
2015,12,3,21,1113
2015,12,3,22,2194
2015,12,3,23,776
2015,12,3,24,1821
2015,12,3,25,2194
2015,12,3,26,1228
2015,12,3,27,584
2015,12,3,28,2363
2015,12,3,29,1823
2015,12,3,30,1056
2015,12,3,31,1511
2015,12,3,32,1127
2015,12,3,33,1791
2015,12,3,34,695
2015,12,3,35,1765
2015,12,3,36,2016
2015,12,3,37,818
2015,12,3,38,2078
2015,12,3,39,1216
2015,12,3,40,772
2015,12,3,41,596
2015,12,3,42,946
2015,12,3,43,1374
2015,12,3,44,741
2015,12,3,45,2122
2015,12,3,46,1497
2015,12,3,47,621
2015,12,3,48,1461
2015,12,3,49,750
2015,12,3,50,1742
2015,12,4,1,495
2015,12,4,2,1447
2015,12,4,3,877
2015,12,4,4,574
2015,12,4,5,449
2015,12,4,6,1397
2015,12,4,7,1458
2015,12,4,8,1877
2015,12,4,9,1273
2015,12,4,10,1805
2015,12,4,11,1695
2015,12,4,12,1697
2015,12,4,13,2061
2015,12,4,14,1485
2015,12,4,15,2193
2015,12,4,16,646
2015,12,4,17,786
2015,12,4,18,2086
2015,12,4,19,1011
2015,12,4,20,1218
2015,12,4,21,1034
2015,12,4,22,1931
2015,12,4,23,723
2015,12,4,24,1529
2015,12,4,25,1948
2015,12,4,26,1186
2015,12,4,27,562
2015,12,4,28,2138
2015,12,4,29,1737
2015,12,4,30,1005
2015,12,4,31,1504
2015,12,4,32,1111
2015,12,4,33,1728
2015,12,4,34,608
2015,12,4,35,1556
2015,12,4,36,1902
2015,12,4,37,768
2015,12,4,38,1975
2015,12,4,39,1057
2015,12,4,40,695
2015,12,4,41,509
2015,12,4,42,912
2015,12,4,43,1236
2015,12,4,44,717
2015,12,4,45,1984
2015,12,4,46,1394
2015,12,4,47,538
2015,12,4,48,1217
2015,12,4,49,737
2015,12,4,50,1634
2015,12,5,1,411
2015,12,5,2,1072
2015,12,5,3,621
2015,12,5,4,404
2015,12,5,5,315
2015,12,5,6,1009
2015,12,5,7,1034
2015,12,5,8,1377
2015,12,5,9,904
2015,12,5,10,1246
2015,12,5,11,1278
2015,12,5,12,1257
2015,12,5,13,1472
2015,12,5,14,1013
2015,12,5,15,1543
2015,12,5,16,437
2015,12,5,17,592
2015,12,5,18,1505
2015,12,5,19,660
2015,12,5,20,857
2015,12,5,21,666
2015,12,5,22,1395
2015,12,5,23,535
2015,12,5,24,1212
2015,12,5,25,1401
2015,12,5,26,792
2015,12,5,27,372
2015,12,5,28,1564
2015,12,5,29,1228
2015,12,5,30,781
2015,12,5,31,1021
2015,12,5,32,811
2015,12,5,33,1220
2015,12,5,34,445
2015,12,5,35,1204
2015,12,5,36,1351
2015,12,5,37,571
2015,12,5,38,1429
2015,12,5,39,800
2015,12,5,40,511
2015,12,5,41,391
2015,12,5,42,647
2015,12,5,43,955
2015,12,5,44,543
2015,12,5,45,1427
2015,12,5,46,1039
2015,12,5,47,378
2015,12,5,48,884
2015,12,5,49,524
2015,12,5,50,1185
2015,12,6,1,388
2015,12,6,2,1061
2015,12,6,3,679
2015,12,6,4,365
2015,12,6,5,303
2015,12,6,6,1053
2015,12,6,7,1083
2015,12,6,8,1343
2015,12,6,9,888
2015,12,6,10,1258
2015,12,6,11,1220
2015,12,6,12,1214
2015,12,6,13,1435
2015,12,6,14,1070
2015,12,6,15,1521
2015,12,6,16,455
2015,12,6,17,612
2015,12,6,18,1484
2015,12,6,19,717
2015,12,6,20,818
2015,12,6,21,758
2015,12,6,22,1455
2015,12,6,23,471
2015,12,6,24,1241
2015,12,6,25,1422
2015,12,6,26,856
2015,12,6,27,357
2015,12,6,28,1575
2015,12,6,29,1230
2015,12,6,30,750
2015,12,6,31,1019
2015,12,6,32,770
2015,12,6,33,1249
2015,12,6,34,449
2015,12,6,35,1162
2015,12,6,36,1394
2015,12,6,37,550
2015,12,6,38,1490
2015,12,6,39,811
2015,12,6,40,482
2015,12,6,41,412
2015,12,6,42,673
2015,12,6,43,929
2015,12,6,44,509
2015,12,6,45,1373
2015,12,6,46,1008
2015,12,6,47,399
2015,12,6,48,896
2015,12,6,49,519
2015,12,6,50,1208
2015,12,7,1,327
2015,12,7,2,959
2015,12,7,3,648
2015,12,7,4,341
2015,12,7,5,313
2015,12,7,6,939
2015,12,7,7,948
2015,12,7,8,1259
2015,12,7,9,823
2015,12,7,10,1184
2015,12,7,11,1096
2015,12,7,12,1109
2015,12,7,13,1356
2015,12,7,14,971
2015,12,7,15,1381
2015,12,7,16,403
2015,12,7,17,475
2015,12,7,18,1389
2015,12,7,19,665
2015,12,7,20,778
2015,12,7,21,664
2015,12,7,22,1293
2015,12,7,23,444
2015,12,7,24,1094
2015,12,7,25,1258
2015,12,7,26,768
2015,12,7,27,362
2015,12,7,28,1436
2015,12,7,29,1134
2015,12,7,30,651
2015,12,7,31,931
2015,12,7,32,749
2015,12,7,33,1153
2015,12,7,34,410
2015,12,7,35,1064
2015,12,7,36,1231
2015,12,7,37,445
2015,12,7,38,1332
2015,12,7,39,715
2015,12,7,40,459
2015,12,7,41,390
2015,12,7,42,600
2015,12,7,43,776
2015,12,7,44,462
2015,12,7,45,1400
2015,12,7,46,911
2015,12,7,47,404
2015,12,7,48,824
2015,12,7,49,451
2015,12,7,50,1061
2015,12,8,1,612
2015,12,8,2,1646
2015,12,8,3,1082
2015,12,8,4,647
2015,12,8,5,543
2015,12,8,6,1647
2015,12,8,7,1683
2015,12,8,8,2224
2015,12,8,9,1510
2015,12,8,10,2106
2015,12,8,11,2010
2015,12,8,12,2034
2015,12,8,13,2404
2015,12,8,14,1755
2015,12,8,15,2435
2015,12,8,16,719
2015,12,8,17,947
2015,12,8,18,2346
2015,12,8,19,1105
2015,12,8,20,1376
2015,12,8,21,1096
2015,12,8,22,2258
2015,12,8,23,772
2015,12,8,24,1868
2015,12,8,25,2437
2015,12,8,26,1346
2015,12,8,27,637
2015,12,8,28,2440
2015,12,8,29,1963
2015,12,8,30,1173
2015,12,8,31,1671
2015,12,8,32,1209
2015,12,8,33,1978
2015,12,8,34,736
2015,12,8,35,1806
2015,12,8,36,2256
2015,12,8,37,833
2015,12,8,38,2306
2015,12,8,39,1223
2015,12,8,40,786
2015,12,8,41,648
2015,12,8,42,1072
2015,12,8,43,1480
2015,12,8,44,877
2015,12,8,45,2322
2015,12,8,46,1690
2015,12,8,47,654
2015,12,8,48,1457
2015,12,8,49,813
2015,12,8,50,1873
2015,12,9,1,504
2015,12,9,2,1422
2015,12,9,3,888
2015,12,9,4,519
2015,12,9,5,463
2015,12,9,6,1469
2015,12,9,7,1429
2015,12,9,8,1866
2015,12,9,9,1254
2015,12,9,10,1751
2015,12,9,11,1660
2015,12,9,12,1757
2015,12,9,13,2089
2015,12,9,14,1438
2015,12,9,15,2141
2015,12,9,16,639
2015,12,9,17,824
2015,12,9,18,2105
2015,12,9,19,988
2015,12,9,20,1127
2015,12,9,21,992
2015,12,9,22,1947
2015,12,9,23,684
2015,12,9,24,1668
2015,12,9,25,2023
2015,12,9,26,1237
2015,12,9,27,540
2015,12,9,28,2141
2015,12,9,29,1646
2015,12,9,30,945
2015,12,9,31,1488
2015,12,9,32,1138
2015,12,9,33,1724
2015,12,9,34,591
2015,12,9,35,1574
2015,12,9,36,1891
2015,12,9,37,664
2015,12,9,38,1963
2015,12,9,39,1080
2015,12,9,40,683
2015,12,9,41,508
2015,12,9,42,899
2015,12,9,43,1293
2015,12,9,44,753
2015,12,9,45,1995
2015,12,9,46,1485
2015,12,9,47,573
2015,12,9,48,1291
2015,12,9,49,709
2015,12,9,50,1542
2015,12,10,1,530
2015,12,10,2,1531
2015,12,10,3,988
2015,12,10,4,578
2015,12,10,5,457
2015,12,10,6,1455
2015,12,10,7,1518
2015,12,10,8,1983
2015,12,10,9,1339
2015,12,10,10,1883
2015,12,10,11,1797
2015,12,10,12,1784
2015,12,10,13,2212
2015,12,10,14,1563
2015,12,10,15,2336
2015,12,10,16,674
2015,12,10,17,882
2015,12,10,18,2160
2015,12,10,19,1080
2015,12,10,20,1223
2015,12,10,21,1040
2015,12,10,22,2123
2015,12,10,23,759
2015,12,10,24,1733
2015,12,10,25,2083
2015,12,10,26,1257
2015,12,10,27,561
2015,12,10,28,2249
2015,12,10,29,1811
2015,12,10,30,1058
2015,12,10,31,1534
2015,12,10,32,1159
2015,12,10,33,1840
2015,12,10,34,649
2015,12,10,35,1725
2015,12,10,36,2078
2015,12,10,37,795
2015,12,10,38,2080
2015,12,10,39,1173
2015,12,10,40,768
2015,12,10,41,570
2015,12,10,42,962
2015,12,10,43,1374
2015,12,10,44,755
2015,12,10,45,2120
2015,12,10,46,1476
2015,12,10,47,591
2015,12,10,48,1322
2015,12,10,49,812
2015,12,10,50,1668
2016,1,1,1,449
2016,1,1,2,1248
2016,1,1,3,795
2016,1,1,4,447
2016,1,1,5,413
2016,1,1,6,1245
2016,1,1,7,1167
2016,1,1,8,1602
2016,1,1,9,1038
2016,1,1,10,1566
2016,1,1,11,1487
2016,1,1,12,1375
2016,1,1,13,1807
2016,1,1,14,1234
2016,1,1,15,1924
2016,1,1,16,521
2016,1,1,17,675
2016,1,1,18,1728
2016,1,1,19,896
2016,1,1,20,966
2016,1,1,21,819
2016,1,1,22,1689
2016,1,1,23,630
2016,1,1,24,1420
2016,1,1,25,1689
2016,1,1,26,1017
2016,1,1,27,433
2016,1,1,28,1787
2016,1,1,29,1446
2016,1,1,30,797
2016,1,1,31,1215
2016,1,1,32,936
2016,1,1,33,1474
2016,1,1,34,508
2016,1,1,35,1346
2016,1,1,36,1624
2016,1,1,37,646
2016,1,1,38,1760
2016,1,1,39,900
2016,1,1,40,623
2016,1,1,41,467
2016,1,1,42,744
2016,1,1,43,998
2016,1,1,44,627
2016,1,1,45,1709
2016,1,1,46,1214
2016,1,1,47,434
2016,1,1,48,1069
2016,1,1,49,613
2016,1,1,50,1342
2016,1,2,1,650
2016,1,2,2,1725
2016,1,2,3,1088
2016,1,2,4,664
2016,1,2,5,514
2016,1,2,6,1669
2016,1,2,7,1704
2016,1,2,8,2275
2016,1,2,9,1456
2016,1,2,10,2247
2016,1,2,11,1984
2016,1,2,12,2055
2016,1,2,13,2501
2016,1,2,14,1727
2016,1,2,15,2684
2016,1,2,16,749
2016,1,2,17,1025
2016,1,2,18,2481
2016,1,2,19,1209
2016,1,2,20,1472
2016,1,2,21,1175
2016,1,2,22,2413
2016,1,2,23,917
2016,1,2,24,1949
2016,1,2,25,2439
2016,1,2,26,1396
2016,1,2,27,639
2016,1,2,28,2603
2016,1,2,29,2032
2016,1,2,30,1165
2016,1,2,31,1752
2016,1,2,32,1304
2016,1,2,33,2016
2016,1,2,34,789
2016,1,2,35,1891
2016,1,2,36,2232
2016,1,2,37,837
2016,1,2,38,2386
2016,1,2,39,1345
2016,1,2,40,890
2016,1,2,41,695
2016,1,2,42,1083
2016,1,2,43,1579
2016,1,2,44,858
2016,1,2,45,2328
2016,1,2,46,1724
2016,1,2,47,657
2016,1,2,48,1509
2016,1,2,49,888
2016,1,2,50,2022
2016,1,3,1,571
2016,1,3,2,1520
2016,1,3,3,965
2016,1,3,4,584
2016,1,3,5,500
2016,1,3,6,1507
2016,1,3,7,1537
2016,1,3,8,2037
2016,1,3,9,1311
2016,1,3,10,1912
2016,1,3,11,1841
2016,1,3,12,1800
2016,1,3,13,2308
2016,1,3,14,1527
2016,1,3,15,2198
2016,1,3,16,638
2016,1,3,17,844
2016,1,3,18,2253
2016,1,3,19,1027
2016,1,3,20,1283
2016,1,3,21,1051
2016,1,3,22,2060
2016,1,3,23,799
2016,1,3,24,1780
2016,1,3,25,2166
2016,1,3,26,1305
2016,1,3,27,571
2016,1,3,28,2326
2016,1,3,29,1782
2016,1,3,30,1046
2016,1,3,31,1519
2016,1,3,32,1116
2016,1,3,33,1859
2016,1,3,34,683
2016,1,3,35,1741
2016,1,3,36,1956
2016,1,3,37,782
2016,1,3,38,2134
2016,1,3,39,1151
2016,1,3,40,771
2016,1,3,41,579
2016,1,3,42,936
2016,1,3,43,1308
2016,1,3,44,835
2016,1,3,45,2047
2016,1,3,46,1522
2016,1,3,47,589
2016,1,3,48,1323
2016,1,3,49,741
2016,1,3,50,1696
2016,1,4,1,494
2016,1,4,2,1378
2016,1,4,3,909
2016,1,4,4,527
2016,1,4,5,453
2016,1,4,6,1461
2016,1,4,7,1437
2016,1,4,8,1891
2016,1,4,9,1192
2016,1,4,10,1823
2016,1,4,11,1680
2016,1,4,12,1675
2016,1,4,13,2046
2016,1,4,14,1419
2016,1,4,15,2119
2016,1,4,16,603
2016,1,4,17,825
2016,1,4,18,2063
2016,1,4,19,947
2016,1,4,20,1136
2016,1,4,21,1015
2016,1,4,22,1945
2016,1,4,23,679
2016,1,4,24,1569
2016,1,4,25,1973
2016,1,4,26,1134
2016,1,4,27,589
2016,1,4,28,2205
2016,1,4,29,1665
2016,1,4,30,981
2016,1,4,31,1443
2016,1,4,32,1053
2016,1,4,33,1678
2016,1,4,34,635
2016,1,4,35,1542
2016,1,4,36,1952
2016,1,4,37,694
2016,1,4,38,1892
2016,1,4,39,1057
2016,1,4,40,732
2016,1,4,41,538
2016,1,4,42,899
2016,1,4,43,1276
2016,1,4,44,701
2016,1,4,45,1931
2016,1,4,46,1515
2016,1,4,47,520
2016,1,4,48,1205
2016,1,4,49,712
2016,1,4,50,1588
2016,1,5,1,390
2016,1,5,2,1092
2016,1,5,3,645
2016,1,5,4,397
2016,1,5,5,294
2016,1,5,6,955
2016,1,5,7,1040
2016,1,5,8,1358
2016,1,5,9,876
2016,1,5,10,1341
2016,1,5,11,1206
2016,1,5,12,1207
2016,1,5,13,1512
2016,1,5,14,1039
2016,1,5,15,1564
2016,1,5,16,430
2016,1,5,17,561
2016,1,5,18,1480
2016,1,5,19,715
2016,1,5,20,832
2016,1,5,21,692
2016,1,5,22,1404
2016,1,5,23,492
2016,1,5,24,1180
2016,1,5,25,1413
2016,1,5,26,848
2016,1,5,27,343
2016,1,5,28,1508
2016,1,5,29,1257
2016,1,5,30,717
2016,1,5,31,1076
2016,1,5,32,763
2016,1,5,33,1222
2016,1,5,34,438
2016,1,5,35,1065
2016,1,5,36,1373
2016,1,5,37,546
2016,1,5,38,1402
2016,1,5,39,722
2016,1,5,40,538
2016,1,5,41,398
2016,1,5,42,661
2016,1,5,43,923
2016,1,5,44,505
2016,1,5,45,1412
2016,1,5,46,1047
2016,1,5,47,389
2016,1,5,48,905
2016,1,5,49,505
2016,1,5,50,1176
2016,1,6,1,355
2016,1,6,2,1040
2016,1,6,3,693
2016,1,6,4,360
2016,1,6,5,325
2016,1,6,6,1035
2016,1,6,7,1047
2016,1,6,8,1276
2016,1,6,9,885
2016,1,6,10,1278
2016,1,6,11,1232
2016,1,6,12,1199
2016,1,6,13,1513
2016,1,6,14,1014
2016,1,6,15,1521
2016,1,6,16,454
2016,1,6,17,614
2016,1,6,18,1478
2016,1,6,19,709
2016,1,6,20,822
2016,1,6,21,685
2016,1,6,22,1398
2016,1,6,23,512
2016,1,6,24,1174
2016,1,6,25,1349
2016,1,6,26,849
2016,1,6,27,363
2016,1,6,28,1544
2016,1,6,29,1220
2016,1,6,30,717
2016,1,6,31,1018
2016,1,6,32,794
2016,1,6,33,1213
2016,1,6,34,436
2016,1,6,35,1191
2016,1,6,36,1336
2016,1,6,37,469
2016,1,6,38,1439
2016,1,6,39,753
2016,1,6,40,510
2016,1,6,41,355
2016,1,6,42,622
2016,1,6,43,899
2016,1,6,44,515
2016,1,6,45,1350
2016,1,6,46,1055
2016,1,6,47,370
2016,1,6,48,918
2016,1,6,49,465
2016,1,6,50,1107
2016,1,7,1,368
2016,1,7,2,988
2016,1,7,3,574
2016,1,7,4,375
2016,1,7,5,329
2016,1,7,6,917
2016,1,7,7,943
2016,1,7,8,1244
2016,1,7,9,820
2016,1,7,10,1229
2016,1,7,11,1112
2016,1,7,12,1125
2016,1,7,13,1370
2016,1,7,14,961
2016,1,7,15,1451
2016,1,7,16,413
2016,1,7,17,507
2016,1,7,18,1442
2016,1,7,19,620
2016,1,7,20,737
2016,1,7,21,654
2016,1,7,22,1303
2016,1,7,23,462
2016,1,7,24,1037
2016,1,7,25,1340
2016,1,7,26,727
2016,1,7,27,352
2016,1,7,28,1449
2016,1,7,29,1153
2016,1,7,30,663
2016,1,7,31,903
2016,1,7,32,724
2016,1,7,33,1096
2016,1,7,34,413
2016,1,7,35,1035
2016,1,7,36,1191
2016,1,7,37,506
2016,1,7,38,1323
2016,1,7,39,711
2016,1,7,40,451
2016,1,7,41,335
2016,1,7,42,579
2016,1,7,43,761
2016,1,7,44,517
2016,1,7,45,1212
2016,1,7,46,945
2016,1,7,47,344
2016,1,7,48,779
2016,1,7,49,465
2016,1,7,50,1025
2016,1,8,1,624
2016,1,8,2,1628
2016,1,8,3,1043
2016,1,8,4,654
2016,1,8,5,520
2016,1,8,6,1698
2016,1,8,7,1588
2016,1,8,8,2208
2016,1,8,9,1459
2016,1,8,10,2027
2016,1,8,11,1928
2016,1,8,12,1953
2016,1,8,13,2411
2016,1,8,14,1714
2016,1,8,15,2547
2016,1,8,16,749
2016,1,8,17,939
2016,1,8,18,2354
2016,1,8,19,1163
2016,1,8,20,1345
2016,1,8,21,1120
2016,1,8,22,2316
2016,1,8,23,813
2016,1,8,24,1973
2016,1,8,25,2317
2016,1,8,26,1356
2016,1,8,27,662
2016,1,8,28,2438
2016,1,8,29,1962
2016,1,8,30,1127
2016,1,8,31,1590
2016,1,8,32,1290
2016,1,8,33,2042
2016,1,8,34,708
2016,1,8,35,1905
2016,1,8,36,2262
2016,1,8,37,824
2016,1,8,38,2309
2016,1,8,39,1269
2016,1,8,40,850
2016,1,8,41,657
2016,1,8,42,1064
2016,1,8,43,1457
2016,1,8,44,793
2016,1,8,45,2317
2016,1,8,46,1732
2016,1,8,47,620
2016,1,8,48,1382
2016,1,8,49,842
2016,1,8,50,1810
2016,1,9,1,520
2016,1,9,2,1406
2016,1,9,3,882
2016,1,9,4,487
2016,1,9,5,409
2016,1,9,6,1465
2016,1,9,7,1370
2016,1,9,8,1764
2016,1,9,9,1263
2016,1,9,10,1790
2016,1,9,11,1710
2016,1,9,12,1756
2016,1,9,13,2024
2016,1,9,14,1358
2016,1,9,15,2132
2016,1,9,16,615
2016,1,9,17,784
2016,1,9,18,2088
2016,1,9,19,951
2016,1,9,20,1159
2016,1,9,21,954
2016,1,9,22,1932
2016,1,9,23,756
2016,1,9,24,1628
2016,1,9,25,1960
2016,1,9,26,1090
2016,1,9,27,508
2016,1,9,28,2047
2016,1,9,29,1617
2016,1,9,30,987
2016,1,9,31,1379
2016,1,9,32,1012
2016,1,9,33,1686
2016,1,9,34,596
2016,1,9,35,1672
2016,1,9,36,1896
2016,1,9,37,716
2016,1,9,38,1977
2016,1,9,39,1099
2016,1,9,40,695
2016,1,9,41,569
2016,1,9,42,871
2016,1,9,43,1231
2016,1,9,44,740
2016,1,9,45,1992
2016,1,9,46,1477
2016,1,9,47,520
2016,1,9,48,1211
2016,1,9,49,670
2016,1,9,50,1617
2016,1,10,1,587
2016,1,10,2,1555
2016,1,10,3,933
2016,1,10,4,561
2016,1,10,5,406
2016,1,10,6,1540
2016,1,10,7,1536
2016,1,10,8,2020
2016,1,10,9,1315
2016,1,10,10,1923
2016,1,10,11,1819
2016,1,10,12,1771
2016,1,10,13,2231
2016,1,10,14,1593
2016,1,10,15,2304
2016,1,10,16,607
2016,1,10,17,857
2016,1,10,18,2273
2016,1,10,19,1071
2016,1,10,20,1238
2016,1,10,21,1018
2016,1,10,22,2071
2016,1,10,23,768
2016,1,10,24,1705
2016,1,10,25,2149
2016,1,10,26,1193
2016,1,10,27,605
2016,1,10,28,2292
2016,1,10,29,1881
2016,1,10,30,1089
2016,1,10,31,1457
2016,1,10,32,1133
2016,1,10,33,1801
2016,1,10,34,656
2016,1,10,35,1664
2016,1,10,36,2053
2016,1,10,37,709
2016,1,10,38,2102
2016,1,10,39,1115
2016,1,10,40,768
2016,1,10,41,536
2016,1,10,42,944
2016,1,10,43,1381
2016,1,10,44,721
2016,1,10,45,2153
2016,1,10,46,1525
2016,1,10,47,580
2016,1,10,48,1373
2016,1,10,49,727
2016,1,10,50,1739
2016,2,1,1,450
2016,2,1,2,1270
2016,2,1,3,791
2016,2,1,4,491
2016,2,1,5,417
2016,2,1,6,1302
2016,2,1,7,1228
2016,2,1,8,1673
2016,2,1,9,1146
2016,2,1,10,1572
2016,2,1,11,1464
2016,2,1,12,1435
2016,2,1,13,1823
2016,2,1,14,1284
2016,2,1,15,1916
2016,2,1,16,529
2016,2,1,17,672
2016,2,1,18,1839
2016,2,1,19,831
2016,2,1,20,1008
2016,2,1,21,829
2016,2,1,22,1811
2016,2,1,23,638
2016,2,1,24,1396
2016,2,1,25,1724
2016,2,1,26,1009
2016,2,1,27,493
2016,2,1,28,1819
2016,2,1,29,1497
2016,2,1,30,900
2016,2,1,31,1242
2016,2,1,32,925
2016,2,1,33,1436
2016,2,1,34,547
2016,2,1,35,1381
2016,2,1,36,1624
2016,2,1,37,600
2016,2,1,38,1671
2016,2,1,39,921
2016,2,1,40,618
2016,2,1,41,484
2016,2,1,42,760
2016,2,1,43,1111
2016,2,1,44,608
2016,2,1,45,1721
2016,2,1,46,1221
2016,2,1,47,472
2016,2,1,48,1070
2016,2,1,49,618
2016,2,1,50,1435
2016,2,2,1,685
2016,2,2,2,1808
2016,2,2,3,1093
2016,2,2,4,707
2016,2,2,5,562
2016,2,2,6,1736
2016,2,2,7,1728
2016,2,2,8,2347
2016,2,2,9,1514
2016,2,2,10,2272
2016,2,2,11,2155
2016,2,2,12,2064
2016,2,2,13,2578
2016,2,2,14,1826
2016,2,2,15,2541
2016,2,2,16,770
2016,2,2,17,948
2016,2,2,18,2566
2016,2,2,19,1196
2016,2,2,20,1480
2016,2,2,21,1165
2016,2,2,22,2482
2016,2,2,23,850
2016,2,2,24,2062
2016,2,2,25,2533
2016,2,2,26,1452
2016,2,2,27,663
2016,2,2,28,2643
2016,2,2,29,2106
2016,2,2,30,1119
2016,2,2,31,1824
2016,2,2,32,1322
2016,2,2,33,2138
2016,2,2,34,768
2016,2,2,35,1997
2016,2,2,36,2239
2016,2,2,37,861
2016,2,2,38,2385
2016,2,2,39,1298
2016,2,2,40,891
2016,2,2,41,713
2016,2,2,42,1090
2016,2,2,43,1576
2016,2,2,44,871
2016,2,2,45,2437
2016,2,2,46,1777
2016,2,2,47,681
2016,2,2,48,1556
2016,2,2,49,850
2016,2,2,50,1926
2016,2,3,1,628
2016,2,3,2,1567
2016,2,3,3,959
2016,2,3,4,603
2016,2,3,5,491
2016,2,3,6,1575
2016,2,3,7,1618
2016,2,3,8,2047
2016,2,3,9,1370
2016,2,3,10,1974
2016,2,3,11,1949
2016,2,3,12,1879
2016,2,3,13,2319
2016,2,3,14,1568
2016,2,3,15,2344
2016,2,3,16,683
2016,2,3,17,918
2016,2,3,18,2223
2016,2,3,19,1081
2016,2,3,20,1266
2016,2,3,21,1069
2016,2,3,22,2153
2016,2,3,23,786
2016,2,3,24,1774
2016,2,3,25,2186
2016,2,3,26,1306
2016,2,3,27,581
2016,2,3,28,2355
2016,2,3,29,1878
2016,2,3,30,1035
2016,2,3,31,1569
2016,2,3,32,1162
2016,2,3,33,1861
2016,2,3,34,663
2016,2,3,35,1766
2016,2,3,36,2059
2016,2,3,37,790
2016,2,3,38,2174
2016,2,3,39,1109
2016,2,3,40,793
2016,2,3,41,564
2016,2,3,42,1034
2016,2,3,43,1383
2016,2,3,44,824
2016,2,3,45,2086
2016,2,3,46,1629
2016,2,3,47,559
2016,2,3,48,1341
2016,2,3,49,793
2016,2,3,50,1761
2016,2,4,1,504
2016,2,4,2,1503
2016,2,4,3,912
2016,2,4,4,498
2016,2,4,5,489
2016,2,4,6,1398
2016,2,4,7,1421
2016,2,4,8,1918
2016,2,4,9,1236
2016,2,4,10,1795
2016,2,4,11,1698
2016,2,4,12,1767
2016,2,4,13,2073
2016,2,4,14,1512
2016,2,4,15,2213
2016,2,4,16,583
2016,2,4,17,782
2016,2,4,18,2079
2016,2,4,19,1008
2016,2,4,20,1216
2016,2,4,21,1004
2016,2,4,22,1977
2016,2,4,23,744
2016,2,4,24,1592
2016,2,4,25,2074
2016,2,4,26,1121
2016,2,4,27,563
2016,2,4,28,2286
2016,2,4,29,1766
2016,2,4,30,1039
2016,2,4,31,1451
2016,2,4,32,1138
2016,2,4,33,1673
2016,2,4,34,615
2016,2,4,35,1641
2016,2,4,36,1965
2016,2,4,37,686
2016,2,4,38,2002
2016,2,4,39,1096
2016,2,4,40,686
2016,2,4,41,537
2016,2,4,42,918
2016,2,4,43,1334
2016,2,4,44,690
2016,2,4,45,1962
2016,2,4,46,1461
2016,2,4,47,532
2016,2,4,48,1276
2016,2,4,49,758
2016,2,4,50,1673
2016,2,5,1,400
2016,2,5,2,1056
2016,2,5,3,635
2016,2,5,4,424
2016,2,5,5,340
2016,2,5,6,1075
2016,2,5,7,1063
2016,2,5,8,1372
2016,2,5,9,938
2016,2,5,10,1301
2016,2,5,11,1283
2016,2,5,12,1351
2016,2,5,13,1570
2016,2,5,14,1040
2016,2,5,15,1556
2016,2,5,16,484
2016,2,5,17,570
2016,2,5,18,1516
2016,2,5,19,726
2016,2,5,20,872
2016,2,5,21,739
2016,2,5,22,1444
2016,2,5,23,515
2016,2,5,24,1199
2016,2,5,25,1320
2016,2,5,26,848
2016,2,5,27,387
2016,2,5,28,1531
2016,2,5,29,1253
2016,2,5,30,728
2016,2,5,31,1138
2016,2,5,32,752
2016,2,5,33,1241
2016,2,5,34,470
2016,2,5,35,1218
2016,2,5,36,1422
2016,2,5,37,527
2016,2,5,38,1408
2016,2,5,39,767
2016,2,5,40,536
2016,2,5,41,421
2016,2,5,42,686
2016,2,5,43,911
2016,2,5,44,517
2016,2,5,45,1478
2016,2,5,46,1033
2016,2,5,47,404
2016,2,5,48,994
2016,2,5,49,544
2016,2,5,50,1208
2016,2,6,1,399
2016,2,6,2,1046
2016,2,6,3,642
2016,2,6,4,397
2016,2,6,5,332
2016,2,6,6,1033
2016,2,6,7,1067
2016,2,6,8,1334
2016,2,6,9,879
2016,2,6,10,1272
2016,2,6,11,1243
2016,2,6,12,1273
2016,2,6,13,1521
2016,2,6,14,994
2016,2,6,15,1602
2016,2,6,16,445
2016,2,6,17,602
2016,2,6,18,1500
2016,2,6,19,747
2016,2,6,20,773
2016,2,6,21,758
2016,2,6,22,1414
2016,2,6,23,517
2016,2,6,24,1186
2016,2,6,25,1426
2016,2,6,26,856
2016,2,6,27,402
2016,2,6,28,1525
2016,2,6,29,1301
2016,2,6,30,686
2016,2,6,31,1070
2016,2,6,32,826
2016,2,6,33,1227
2016,2,6,34,465
2016,2,6,35,1187
2016,2,6,36,1346
2016,2,6,37,507
2016,2,6,38,1391
2016,2,6,39,782
2016,2,6,40,461
2016,2,6,41,391
2016,2,6,42,671
2016,2,6,43,929
2016,2,6,44,544
2016,2,6,45,1484
2016,2,6,46,1028
2016,2,6,47,368
2016,2,6,48,920
2016,2,6,49,506
2016,2,6,50,1191
2016,2,7,1,368
2016,2,7,2,898
2016,2,7,3,608
2016,2,7,4,374
2016,2,7,5,253
2016,2,7,6,919
2016,2,7,7,908
2016,2,7,8,1221
2016,2,7,9,864
2016,2,7,10,1214
2016,2,7,11,1186
2016,2,7,12,1126
2016,2,7,13,1432
2016,2,7,14,990
2016,2,7,15,1405
2016,2,7,16,417
2016,2,7,17,565
2016,2,7,18,1363
2016,2,7,19,690
2016,2,7,20,805
2016,2,7,21,666
2016,2,7,22,1337
2016,2,7,23,482
2016,2,7,24,1083
2016,2,7,25,1355
2016,2,7,26,764
2016,2,7,27,349
2016,2,7,28,1385
2016,2,7,29,1130
2016,2,7,30,690
2016,2,7,31,965
2016,2,7,32,688
2016,2,7,33,1100
2016,2,7,34,420
2016,2,7,35,1091
2016,2,7,36,1257
2016,2,7,37,469
2016,2,7,38,1335
2016,2,7,39,732
2016,2,7,40,486
2016,2,7,41,370
2016,2,7,42,593
2016,2,7,43,884
2016,2,7,44,490
2016,2,7,45,1335
2016,2,7,46,960
2016,2,7,47,359
2016,2,7,48,849
2016,2,7,49,484
2016,2,7,50,1082
2016,2,8,1,621
2016,2,8,2,1714
2016,2,8,3,1060
2016,2,8,4,655
2016,2,8,5,505
2016,2,8,6,1612
2016,2,8,7,1798
2016,2,8,8,2197
2016,2,8,9,1474
2016,2,8,10,2114
2016,2,8,11,2017
2016,2,8,12,2070
2016,2,8,13,2359
2016,2,8,14,1688
2016,2,8,15,2553
2016,2,8,16,737
2016,2,8,17,915
2016,2,8,18,2432
2016,2,8,19,1176
2016,2,8,20,1370
2016,2,8,21,1214
2016,2,8,22,2343
2016,2,8,23,889
2016,2,8,24,1878
2016,2,8,25,2376
2016,2,8,26,1440
2016,2,8,27,606
2016,2,8,28,2473
2016,2,8,29,1950
2016,2,8,30,1115
2016,2,8,31,1674
2016,2,8,32,1255
2016,2,8,33,2031
2016,2,8,34,762
2016,2,8,35,1899
2016,2,8,36,2294
2016,2,8,37,864
2016,2,8,38,2205
2016,2,8,39,1265
2016,2,8,40,862
2016,2,8,41,622
2016,2,8,42,1078
2016,2,8,43,1521
2016,2,8,44,903
2016,2,8,45,2317
2016,2,8,46,1682
2016,2,8,47,644
2016,2,8,48,1469
2016,2,8,49,836
2016,2,8,50,1892
2016,2,9,1,525
2016,2,9,2,1479
2016,2,9,3,920
2016,2,9,4,570
2016,2,9,5,444
2016,2,9,6,1484
2016,2,9,7,1407
2016,2,9,8,1906
2016,2,9,9,1330
2016,2,9,10,1817
2016,2,9,11,1740
2016,2,9,12,1670
2016,2,9,13,2070
2016,2,9,14,1431
2016,2,9,15,2092
2016,2,9,16,628
2016,2,9,17,831
2016,2,9,18,2096
2016,2,9,19,980
2016,2,9,20,1224
2016,2,9,21,1031
2016,2,9,22,2029
2016,2,9,23,738
2016,2,9,24,1557
2016,2,9,25,1989
2016,2,9,26,1200
2016,2,9,27,563
2016,2,9,28,2178
2016,2,9,29,1676
2016,2,9,30,986
2016,2,9,31,1471
2016,2,9,32,1093
2016,2,9,33,1768
2016,2,9,34,659
2016,2,9,35,1594
2016,2,9,36,1887
2016,2,9,37,717
2016,2,9,38,1989
2016,2,9,39,1092
2016,2,9,40,762
2016,2,9,41,554
2016,2,9,42,931
2016,2,9,43,1297
2016,2,9,44,741
2016,2,9,45,2039
2016,2,9,46,1466
2016,2,9,47,547
2016,2,9,48,1284
2016,2,9,49,736
2016,2,9,50,1636
2016,2,10,1,580
2016,2,10,2,1540
2016,2,10,3,907
2016,2,10,4,598
2016,2,10,5,500
2016,2,10,6,1534
2016,2,10,7,1558
2016,2,10,8,2042
2016,2,10,9,1326
2016,2,10,10,1943
2016,2,10,11,1845
2016,2,10,12,1794
2016,2,10,13,2228
2016,2,10,14,1603
2016,2,10,15,2253
2016,2,10,16,655
2016,2,10,17,912
2016,2,10,18,2233
2016,2,10,19,1075
2016,2,10,20,1224
2016,2,10,21,1056
2016,2,10,22,2068
2016,2,10,23,761
2016,2,10,24,1704
2016,2,10,25,2053
2016,2,10,26,1230
2016,2,10,27,567
2016,2,10,28,2330
2016,2,10,29,1882
2016,2,10,30,1115
2016,2,10,31,1532
2016,2,10,32,1146
2016,2,10,33,1862
2016,2,10,34,670
2016,2,10,35,1688
2016,2,10,36,1986
2016,2,10,37,780
2016,2,10,38,2165
2016,2,10,39,1191
2016,2,10,40,787
2016,2,10,41,521
2016,2,10,42,993
2016,2,10,43,1380
2016,2,10,44,801
2016,2,10,45,2122
2016,2,10,46,1455
2016,2,10,47,593
2016,2,10,48,1370
2016,2,10,49,781
2016,2,10,50,1722
2016,3,1,1,589
2016,3,1,2,1628
2016,3,1,3,1001
2016,3,1,4,594
2016,3,1,5,515
2016,3,1,6,1706
2016,3,1,7,1662
2016,3,1,8,2172
2016,3,1,9,1379
2016,3,1,10,2025
2016,3,1,11,1927
2016,3,1,12,1924
2016,3,1,13,2300
2016,3,1,14,1594
2016,3,1,15,2395
2016,3,1,16,731
2016,3,1,17,884
2016,3,1,18,2212
2016,3,1,19,1054
2016,3,1,20,1347
2016,3,1,21,1093
2016,3,1,22,2216
2016,3,1,23,823
2016,3,1,24,1771
2016,3,1,25,2207
2016,3,1,26,1325
2016,3,1,27,624
2016,3,1,28,2385
2016,3,1,29,1914
2016,3,1,30,1155
2016,3,1,31,1574
2016,3,1,32,1263
2016,3,1,33,1925
2016,3,1,34,689
2016,3,1,35,1701
2016,3,1,36,2102
2016,3,1,37,786
2016,3,1,38,2232
2016,3,1,39,1287
2016,3,1,40,764
2016,3,1,41,592
2016,3,1,42,1045
2016,3,1,43,1331
2016,3,1,44,817
2016,3,1,45,2159
2016,3,1,46,1567
2016,3,1,47,604
2016,3,1,48,1415
2016,3,1,49,749
2016,3,1,50,1811
2016,3,2,1,868
2016,3,2,2,2294
2016,3,2,3,1436
2016,3,2,4,843
2016,3,2,5,736
2016,3,2,6,2280
2016,3,2,7,2255
2016,3,2,8,2962
2016,3,2,9,1979
2016,3,2,10,2849
2016,3,2,11,2750
2016,3,2,12,2679
2016,3,2,13,3264
2016,3,2,14,2265
2016,3,2,15,3437
2016,3,2,16,969
2016,3,2,17,1382
2016,3,2,18,3268
2016,3,2,19,1632
2016,3,2,20,1835
2016,3,2,21,1635
2016,3,2,22,3163
2016,3,2,23,1107
2016,3,2,24,2569
2016,3,2,25,3176
2016,3,2,26,1856
2016,3,2,27,886
2016,3,2,28,3489
2016,3,2,29,2649
2016,3,2,30,1548
2016,3,2,31,2238
2016,3,2,32,1704
2016,3,2,33,2602
2016,3,2,34,972
2016,3,2,35,2635
2016,3,2,36,3017
2016,3,2,37,1134
2016,3,2,38,3116
2016,3,2,39,1718
2016,3,2,40,1150
2016,3,2,41,887
2016,3,2,42,1474
2016,3,2,43,1960
2016,3,2,44,1081
2016,3,2,45,3118
2016,3,2,46,2326
2016,3,2,47,803
2016,3,2,48,1949
2016,3,2,49,1125
2016,3,2,50,2525
2016,3,3,1,701
2016,3,3,2,2062
2016,3,3,3,1238
2016,3,3,4,765
2016,3,3,5,604
2016,3,3,6,2121
2016,3,3,7,2004
2016,3,3,8,2640
2016,3,3,9,1880
2016,3,3,10,2549
2016,3,3,11,2318
2016,3,3,12,2402
2016,3,3,13,2867
2016,3,3,14,2084
2016,3,3,15,3033
2016,3,3,16,874
2016,3,3,17,1108
2016,3,3,18,2949
2016,3,3,19,1477
2016,3,3,20,1684
2016,3,3,21,1435
2016,3,3,22,2709
2016,3,3,23,1064
2016,3,3,24,2364
2016,3,3,25,2774
2016,3,3,26,1651
2016,3,3,27,746
2016,3,3,28,3069
2016,3,3,29,2408
2016,3,3,30,1398
2016,3,3,31,2054
2016,3,3,32,1529
2016,3,3,33,2438
2016,3,3,34,913
2016,3,3,35,2257
2016,3,3,36,2622
2016,3,3,37,1042
2016,3,3,38,2777
2016,3,3,39,1562
2016,3,3,40,1029
2016,3,3,41,747
2016,3,3,42,1217
2016,3,3,43,1813
2016,3,3,44,993
2016,3,3,45,2783
2016,3,3,46,2031
2016,3,3,47,768
2016,3,3,48,1789
2016,3,3,49,996
2016,3,3,50,2308
2016,3,4,1,693
2016,3,4,2,1801
2016,3,4,3,1188
2016,3,4,4,683
2016,3,4,5,590
2016,3,4,6,1835
2016,3,4,7,1788
2016,3,4,8,2308
2016,3,4,9,1665
2016,3,4,10,2319
2016,3,4,11,2196
2016,3,4,12,2223
2016,3,4,13,2800
2016,3,4,14,1846
2016,3,4,15,2852
2016,3,4,16,839
2016,3,4,17,1000
2016,3,4,18,2642
2016,3,4,19,1219
2016,3,4,20,1482
2016,3,4,21,1240
2016,3,4,22,2443
2016,3,4,23,935
2016,3,4,24,2051
2016,3,4,25,2684
2016,3,4,26,1551
2016,3,4,27,633
2016,3,4,28,2739
2016,3,4,29,2142
2016,3,4,30,1350
2016,3,4,31,1893
2016,3,4,32,1402
2016,3,4,33,2216
2016,3,4,34,854
2016,3,4,35,2120
2016,3,4,36,2478
2016,3,4,37,935
2016,3,4,38,2498
2016,3,4,39,1438
2016,3,4,40,944
2016,3,4,41,736
2016,3,4,42,1171
2016,3,4,43,1584
2016,3,4,44,928
2016,3,4,45,2635
2016,3,4,46,1822
2016,3,4,47,739
2016,3,4,48,1614
2016,3,4,49,865
2016,3,4,50,2084
2016,3,5,1,460
2016,3,5,2,1414
2016,3,5,3,796
2016,3,5,4,518
2016,3,5,5,409
2016,3,5,6,1350
2016,3,5,7,1379
2016,3,5,8,1711
2016,3,5,9,1117
2016,3,5,10,1677
2016,3,5,11,1610
2016,3,5,12,1558
2016,3,5,13,1917
2016,3,5,14,1463
2016,3,5,15,2064
2016,3,5,16,623
2016,3,5,17,772
2016,3,5,18,1944
2016,3,5,19,921
2016,3,5,20,1073
2016,3,5,21,932
2016,3,5,22,1841
2016,3,5,23,674
2016,3,5,24,1546
2016,3,5,25,1751
2016,3,5,26,1049
2016,3,5,27,480
2016,3,5,28,2000
2016,3,5,29,1641
2016,3,5,30,964
2016,3,5,31,1325
2016,3,5,32,963
2016,3,5,33,1613
2016,3,5,34,575
2016,3,5,35,1475
2016,3,5,36,1828
2016,3,5,37,701
2016,3,5,38,1839
2016,3,5,39,996
2016,3,5,40,670
2016,3,5,41,469
2016,3,5,42,882
2016,3,5,43,1189
2016,3,5,44,686
2016,3,5,45,1857
2016,3,5,46,1400
2016,3,5,47,532
2016,3,5,48,1261
2016,3,5,49,661
2016,3,5,50,1523
2016,3,6,1,530
2016,3,6,2,1378
2016,3,6,3,826
2016,3,6,4,469
2016,3,6,5,429
2016,3,6,6,1309
2016,3,6,7,1351
2016,3,6,8,1764
2016,3,6,9,1214
2016,3,6,10,1654
2016,3,6,11,1622
2016,3,6,12,1533
2016,3,6,13,1939
2016,3,6,14,1331
2016,3,6,15,2004
2016,3,6,16,600
2016,3,6,17,759
2016,3,6,18,1901
2016,3,6,19,934
2016,3,6,20,1055
2016,3,6,21,924
2016,3,6,22,1913
2016,3,6,23,706
2016,3,6,24,1530
2016,3,6,25,1894
2016,3,6,26,1105
2016,3,6,27,516
2016,3,6,28,1993
2016,3,6,29,1551
2016,3,6,30,955
2016,3,6,31,1421
2016,3,6,32,1030
2016,3,6,33,1567
2016,3,6,34,605
2016,3,6,35,1521
2016,3,6,36,1858
2016,3,6,37,709
2016,3,6,38,1870
2016,3,6,39,984
2016,3,6,40,624
2016,3,6,41,511
2016,3,6,42,865
2016,3,6,43,1153
2016,3,6,44,679
2016,3,6,45,1862
2016,3,6,46,1332
2016,3,6,47,496
2016,3,6,48,1142
2016,3,6,49,690
2016,3,6,50,1556
2016,3,7,1,413
2016,3,7,2,1262
2016,3,7,3,815
2016,3,7,4,468
2016,3,7,5,405
2016,3,7,6,1227
2016,3,7,7,1193
2016,3,7,8,1661
2016,3,7,9,1101
2016,3,7,10,1553
2016,3,7,11,1510
2016,3,7,12,1493
2016,3,7,13,1793
2016,3,7,14,1195
2016,3,7,15,1876
2016,3,7,16,570
2016,3,7,17,708
2016,3,7,18,1773
2016,3,7,19,887
2016,3,7,20,1020
2016,3,7,21,829
2016,3,7,22,1633
2016,3,7,23,609
2016,3,7,24,1436
2016,3,7,25,1650
2016,3,7,26,1009
2016,3,7,27,440
2016,3,7,28,1914
2016,3,7,29,1441
2016,3,7,30,850
2016,3,7,31,1153
2016,3,7,32,949
2016,3,7,33,1442
2016,3,7,34,595
2016,3,7,35,1407
2016,3,7,36,1575
2016,3,7,37,594
2016,3,7,38,1710
2016,3,7,39,931
2016,3,7,40,640
2016,3,7,41,464
2016,3,7,42,800
2016,3,7,43,1090
2016,3,7,44,611
2016,3,7,45,1653
2016,3,7,46,1262
2016,3,7,47,472
2016,3,7,48,1047
2016,3,7,49,634
2016,3,7,50,1398
2016,3,8,1,886
2016,3,8,2,2199
2016,3,8,3,1344
2016,3,8,4,838
2016,3,8,5,677
2016,3,8,6,2106
2016,3,8,7,2200
2016,3,8,8,2836
2016,3,8,9,1912
2016,3,8,10,2679
2016,3,8,11,2583
2016,3,8,12,2668
2016,3,8,13,3081
2016,3,8,14,2129
2016,3,8,15,3259
2016,3,8,16,986
2016,3,8,17,1239
2016,3,8,18,3167
2016,3,8,19,1470
2016,3,8,20,1768
2016,3,8,21,1531
2016,3,8,22,3065
2016,3,8,23,1141
2016,3,8,24,2405
2016,3,8,25,3090
2016,3,8,26,1787
2016,3,8,27,816
2016,3,8,28,3294
2016,3,8,29,2513
2016,3,8,30,1488
2016,3,8,31,2269
2016,3,8,32,1592
2016,3,8,33,2557
2016,3,8,34,950
2016,3,8,35,2408
2016,3,8,36,2785
2016,3,8,37,1073
2016,3,8,38,2950
2016,3,8,39,1569
2016,3,8,40,1076
2016,3,8,41,878
2016,3,8,42,1342
2016,3,8,43,1930
2016,3,8,44,1100
2016,3,8,45,2985
2016,3,8,46,2194
2016,3,8,47,815
2016,3,8,48,1870
2016,3,8,49,1085
2016,3,8,50,2377
2016,3,9,1,740
2016,3,9,2,1887
2016,3,9,3,1117
2016,3,9,4,672
2016,3,9,5,608
2016,3,9,6,1843
2016,3,9,7,1803
2016,3,9,8,2399
2016,3,9,9,1536
2016,3,9,10,2358
2016,3,9,11,2165
2016,3,9,12,2181
2016,3,9,13,2627
2016,3,9,14,1856
2016,3,9,15,2804
2016,3,9,16,801
2016,3,9,17,1079
2016,3,9,18,2717
2016,3,9,19,1309
2016,3,9,20,1499
2016,3,9,21,1312
2016,3,9,22,2535
2016,3,9,23,940
2016,3,9,24,2065
2016,3,9,25,2663
2016,3,9,26,1523
2016,3,9,27,709
2016,3,9,28,2849
2016,3,9,29,2233
2016,3,9,30,1265
2016,3,9,31,1850
2016,3,9,32,1351
2016,3,9,33,2188
2016,3,9,34,869
2016,3,9,35,2118
2016,3,9,36,2481
2016,3,9,37,916
2016,3,9,38,2637
2016,3,9,39,1435
2016,3,9,40,883
2016,3,9,41,758
2016,3,9,42,1184
2016,3,9,43,1684
2016,3,9,44,965
2016,3,9,45,2575
2016,3,9,46,1897
2016,3,9,47,681
2016,3,9,48,1535
2016,3,9,49,936
2016,3,9,50,2022
2016,3,10,1,744
2016,3,10,2,1965
2016,3,10,3,1271
2016,3,10,4,748
2016,3,10,5,633
2016,3,10,6,1984
2016,3,10,7,1993
2016,3,10,8,2592
2016,3,10,9,1767
2016,3,10,10,2481
2016,3,10,11,2337
2016,3,10,12,2317
2016,3,10,13,2861
2016,3,10,14,2050
2016,3,10,15,3080
2016,3,10,16,863
2016,3,10,17,1126
2016,3,10,18,2832
2016,3,10,19,1332
2016,3,10,20,1570
2016,3,10,21,1398
2016,3,10,22,2856
2016,3,10,23,1059
2016,3,10,24,2213
2016,3,10,25,2757
2016,3,10,26,1666
2016,3,10,27,772
2016,3,10,28,2930
2016,3,10,29,2392
2016,3,10,30,1353
2016,3,10,31,1990
2016,3,10,32,1492
2016,3,10,33,2404
2016,3,10,34,835
2016,3,10,35,2276
2016,3,10,36,2635
2016,3,10,37,1053
2016,3,10,38,2698
2016,3,10,39,1533
2016,3,10,40,949
2016,3,10,41,732
2016,3,10,42,1188
2016,3,10,43,1762
2016,3,10,44,998
2016,3,10,45,2690
2016,3,10,46,2015
2016,3,10,47,769
2016,3,10,48,1720
2016,3,10,49,977
2016,3,10,50,2278
2016,4,1,1,694
2016,4,1,2,1791
2016,4,1,3,1113
2016,4,1,4,706
2016,4,1,5,581
2016,4,1,6,1829
2016,4,1,7,1883
2016,4,1,8,2428
2016,4,1,9,1665
2016,4,1,10,2313
2016,4,1,11,2140
2016,4,1,12,2163
2016,4,1,13,2608
2016,4,1,14,1838
2016,4,1,15,2760
2016,4,1,16,810
2016,4,1,17,1023
2016,4,1,18,2711
2016,4,1,19,1221
2016,4,1,20,1470
2016,4,1,21,1288
2016,4,1,22,2560
2016,4,1,23,855
2016,4,1,24,2055
2016,4,1,25,2460
2016,4,1,26,1512
2016,4,1,27,709
2016,4,1,28,2713
2016,4,1,29,2194
2016,4,1,30,1215
2016,4,1,31,1815
2016,4,1,32,1374
2016,4,1,33,2264
2016,4,1,34,765
2016,4,1,35,2025
2016,4,1,36,2425
2016,4,1,37,944
2016,4,1,38,2452
2016,4,1,39,1455
2016,4,1,40,905
2016,4,1,41,680
2016,4,1,42,1134
2016,4,1,43,1634
2016,4,1,44,932
2016,4,1,45,2494
2016,4,1,46,1813
2016,4,1,47,617
2016,4,1,48,1579
2016,4,1,49,916
2016,4,1,50,2026
2016,4,2,1,996
2016,4,2,2,2592
2016,4,2,3,1616
2016,4,2,4,956
2016,4,2,5,784
2016,4,2,6,2538
2016,4,2,7,2674
2016,4,2,8,3453
2016,4,2,9,2221
2016,4,2,10,3214
2016,4,2,11,3080
2016,4,2,12,3078
2016,4,2,13,3703
2016,4,2,14,2640
2016,4,2,15,3956
2016,4,2,16,1134
2016,4,2,17,1520
2016,4,2,18,3729
2016,4,2,19,1796
2016,4,2,20,2102
2016,4,2,21,1815
2016,4,2,22,3598
2016,4,2,23,1311
2016,4,2,24,2930
2016,4,2,25,3607
2016,4,2,26,2123
2016,4,2,27,971
2016,4,2,28,3803
2016,4,2,29,3040
2016,4,2,30,1810
2016,4,2,31,2562
2016,4,2,32,1864
2016,4,2,33,3067
2016,4,2,34,1130
2016,4,2,35,2942
2016,4,2,36,3406
2016,4,2,37,1270
2016,4,2,38,3565
2016,4,2,39,1956
2016,4,2,40,1325
2016,4,2,41,946
2016,4,2,42,1628
2016,4,2,43,2254
2016,4,2,44,1294
2016,4,2,45,3570
2016,4,2,46,2469
2016,4,2,47,961
2016,4,2,48,2312
2016,4,2,49,1294
2016,4,2,50,2949
2016,4,3,1,902
2016,4,3,2,2334
2016,4,3,3,1395
2016,4,3,4,908
2016,4,3,5,690
2016,4,3,6,2292
2016,4,3,7,2341
2016,4,3,8,3119
2016,4,3,9,2016
2016,4,3,10,3020
2016,4,3,11,2726
2016,4,3,12,2844
2016,4,3,13,3374
2016,4,3,14,2322
2016,4,3,15,3482
2016,4,3,16,965
2016,4,3,17,1349
2016,4,3,18,3413
2016,4,3,19,1613
2016,4,3,20,1789
2016,4,3,21,1626
2016,4,3,22,3248
2016,4,3,23,1138
2016,4,3,24,2714
2016,4,3,25,3131
2016,4,3,26,1861
2016,4,3,27,857
2016,4,3,28,3504
2016,4,3,29,2685
2016,4,3,30,1595
2016,4,3,31,2319
2016,4,3,32,1709
2016,4,3,33,2754
2016,4,3,34,1041
2016,4,3,35,2544
2016,4,3,36,3069
2016,4,3,37,1170
2016,4,3,38,3160
2016,4,3,39,1823
2016,4,3,40,1172
2016,4,3,41,861
2016,4,3,42,1424
2016,4,3,43,2059
2016,4,3,44,1173
2016,4,3,45,3218
2016,4,3,46,2287
2016,4,3,47,875
2016,4,3,48,2057
2016,4,3,49,1109
2016,4,3,50,2566
2016,4,4,1,748
2016,4,4,2,2087
2016,4,4,3,1327
2016,4,4,4,826
2016,4,4,5,718
2016,4,4,6,2106
2016,4,4,7,2112
2016,4,4,8,2720
2016,4,4,9,1836
2016,4,4,10,2611
2016,4,4,11,2438
2016,4,4,12,2527
2016,4,4,13,3061
2016,4,4,14,2120
2016,4,4,15,3148
2016,4,4,16,924
2016,4,4,17,1131
2016,4,4,18,3046
2016,4,4,19,1474
2016,4,4,20,1674
2016,4,4,21,1489
2016,4,4,22,2901
2016,4,4,23,1079
2016,4,4,24,2369
2016,4,4,25,2956
2016,4,4,26,1639
2016,4,4,27,760
2016,4,4,28,3252
2016,4,4,29,2624
2016,4,4,30,1457
2016,4,4,31,2155
2016,4,4,32,1518
2016,4,4,33,2500
2016,4,4,34,996
2016,4,4,35,2352
2016,4,4,36,2857
2016,4,4,37,1053
2016,4,4,38,2901
2016,4,4,39,1620
2016,4,4,40,1070
2016,4,4,41,796
2016,4,4,42,1273
2016,4,4,43,1861
2016,4,4,44,1109
2016,4,4,45,2906
2016,4,4,46,2107
2016,4,4,47,820
2016,4,4,48,1830
2016,4,4,49,1048
2016,4,4,50,2434
2016,4,5,1,582
2016,4,5,2,1490
2016,4,5,3,995
2016,4,5,4,566
2016,4,5,5,515
2016,4,5,6,1519
2016,4,5,7,1479
2016,4,5,8,2023
2016,4,5,9,1306
2016,4,5,10,1894
2016,4,5,11,1854
2016,4,5,12,1916
2016,4,5,13,2219
2016,4,5,14,1624
2016,4,5,15,2299
2016,4,5,16,688
2016,4,5,17,954
2016,4,5,18,2114
2016,4,5,19,1038
2016,4,5,20,1228
2016,4,5,21,1053
2016,4,5,22,2013
2016,4,5,23,766
2016,4,5,24,1792
2016,4,5,25,2062
2016,4,5,26,1263
2016,4,5,27,571
2016,4,5,28,2313
2016,4,5,29,1824
2016,4,5,30,1071
2016,4,5,31,1539
2016,4,5,32,1168
2016,4,5,33,1743
2016,4,5,34,684
2016,4,5,35,1701
2016,4,5,36,2032
2016,4,5,37,758
2016,4,5,38,2120
2016,4,5,39,1172
2016,4,5,40,757
2016,4,5,41,634
2016,4,5,42,924
2016,4,5,43,1332
2016,4,5,44,751
2016,4,5,45,2111
2016,4,5,46,1467
2016,4,5,47,586
2016,4,5,48,1349
2016,4,5,49,804
2016,4,5,50,1746
2016,4,6,1,587
2016,4,6,2,1506
2016,4,6,3,915
2016,4,6,4,540
2016,4,6,5,469
2016,4,6,6,1568
2016,4,6,7,1587
2016,4,6,8,1937
2016,4,6,9,1343
2016,4,6,10,1931
2016,4,6,11,1893
2016,4,6,12,1889
2016,4,6,13,2254
2016,4,6,14,1541
2016,4,6,15,2455
2016,4,6,16,652
2016,4,6,17,801
2016,4,6,18,2151
2016,4,6,19,1056
2016,4,6,20,1274
2016,4,6,21,1054
2016,4,6,22,2114
2016,4,6,23,788
2016,4,6,24,1794
2016,4,6,25,2210
2016,4,6,26,1340
2016,4,6,27,571
2016,4,6,28,2289
2016,4,6,29,1853
2016,4,6,30,1065
2016,4,6,31,1575
2016,4,6,32,1102
2016,4,6,33,1847
2016,4,6,34,692
2016,4,6,35,1707
2016,4,6,36,2027
2016,4,6,37,753
2016,4,6,38,2051
2016,4,6,39,1160
2016,4,6,40,695
2016,4,6,41,607
2016,4,6,42,942
2016,4,6,43,1346
2016,4,6,44,769
2016,4,6,45,2156
2016,4,6,46,1585
2016,4,6,47,551
2016,4,6,48,1426
2016,4,6,49,761
2016,4,6,50,1831
2016,4,7,1,561
2016,4,7,2,1406
2016,4,7,3,894
2016,4,7,4,540
2016,4,7,5,430
2016,4,7,6,1413
2016,4,7,7,1364
2016,4,7,8,1800
2016,4,7,9,1251
2016,4,7,10,1746
2016,4,7,11,1677
2016,4,7,12,1666
2016,4,7,13,1985
2016,4,7,14,1307
2016,4,7,15,2175
2016,4,7,16,618
2016,4,7,17,780
2016,4,7,18,2062
2016,4,7,19,946
2016,4,7,20,1148
2016,4,7,21,933
2016,4,7,22,2007
2016,4,7,23,695
2016,4,7,24,1571
2016,4,7,25,1980
2016,4,7,26,1168
2016,4,7,27,553
2016,4,7,28,2149
2016,4,7,29,1630
2016,4,7,30,959
2016,4,7,31,1410
2016,4,7,32,1036
2016,4,7,33,1691
2016,4,7,34,630
2016,4,7,35,1562
2016,4,7,36,1878
2016,4,7,37,665
2016,4,7,38,1976
2016,4,7,39,1052
2016,4,7,40,735
2016,4,7,41,502
2016,4,7,42,892
2016,4,7,43,1244
2016,4,7,44,676
2016,4,7,45,1877
2016,4,7,46,1369
2016,4,7,47,506
2016,4,7,48,1173
2016,4,7,49,685
2016,4,7,50,1562
2016,4,8,1,941
2016,4,8,2,2429
2016,4,8,3,1566
2016,4,8,4,939
2016,4,8,5,806
2016,4,8,6,2476
2016,4,8,7,2514
2016,4,8,8,3351
2016,4,8,9,2093
2016,4,8,10,3079
2016,4,8,11,2938
2016,4,8,12,2918
2016,4,8,13,3600
2016,4,8,14,2489
2016,4,8,15,3681
2016,4,8,16,1056
2016,4,8,17,1345
2016,4,8,18,3534
2016,4,8,19,1677
2016,4,8,20,1909
2016,4,8,21,1710
2016,4,8,22,3342
2016,4,8,23,1187
2016,4,8,24,2909
2016,4,8,25,3385
2016,4,8,26,2047
2016,4,8,27,994
2016,4,8,28,3614
2016,4,8,29,3028
2016,4,8,30,1689
2016,4,8,31,2548
2016,4,8,32,1903
2016,4,8,33,2822
2016,4,8,34,1126
2016,4,8,35,2706
2016,4,8,36,3180
2016,4,8,37,1237
2016,4,8,38,3412
2016,4,8,39,1851
2016,4,8,40,1233
2016,4,8,41,952
2016,4,8,42,1574
2016,4,8,43,2208
2016,4,8,44,1197
2016,4,8,45,3440
2016,4,8,46,2386
2016,4,8,47,904
2016,4,8,48,2141
2016,4,8,49,1227
2016,4,8,50,2778
2016,4,9,1,827
2016,4,9,2,2052
2016,4,9,3,1344
2016,4,9,4,799
2016,4,9,5,650
2016,4,9,6,2127
2016,4,9,7,2196
2016,4,9,8,2862
2016,4,9,9,1784
2016,4,9,10,2629
2016,4,9,11,2605
2016,4,9,12,2523
2016,4,9,13,2968
2016,4,9,14,2103
2016,4,9,15,3171
2016,4,9,16,937
2016,4,9,17,1233
2016,4,9,18,3029
2016,4,9,19,1512
2016,4,9,20,1700
2016,4,9,21,1546
2016,4,9,22,2932
2016,4,9,23,1038
2016,4,9,24,2377
2016,4,9,25,2944
2016,4,9,26,1777
2016,4,9,27,825
2016,4,9,28,3289
2016,4,9,29,2549
2016,4,9,30,1484
2016,4,9,31,2263
2016,4,9,32,1690
2016,4,9,33,2586
2016,4,9,34,946
2016,4,9,35,2431
2016,4,9,36,2761
2016,4,9,37,1031
2016,4,9,38,2938
2016,4,9,39,1595
2016,4,9,40,1071
2016,4,9,41,789
2016,4,9,42,1424
2016,4,9,43,1863
2016,4,9,44,1011
2016,4,9,45,2939
2016,4,9,46,2149
2016,4,9,47,804
2016,4,9,48,1856
2016,4,9,49,1031
2016,4,9,50,2410
2016,4,10,1,859
2016,4,10,2,2332
2016,4,10,3,1481
2016,4,10,4,836
2016,4,10,5,779
2016,4,10,6,2245
2016,4,10,7,2360
2016,4,10,8,3027
2016,4,10,9,1950
2016,4,10,10,2731
2016,4,10,11,2766
2016,4,10,12,2736
2016,4,10,13,3275
2016,4,10,14,2301
2016,4,10,15,3425
2016,4,10,16,1041
2016,4,10,17,1288
2016,4,10,18,3326
2016,4,10,19,1529
2016,4,10,20,1863
2016,4,10,21,1554
2016,4,10,22,3133
2016,4,10,23,1091
2016,4,10,24,2575
2016,4,10,25,3205
2016,4,10,26,1806
2016,4,10,27,871
2016,4,10,28,3420
2016,4,10,29,2673
2016,4,10,30,1557
2016,4,10,31,2347
2016,4,10,32,1747
2016,4,10,33,2639
2016,4,10,34,989
2016,4,10,35,2577
2016,4,10,36,3009
2016,4,10,37,1124
2016,4,10,38,3086
2016,4,10,39,1672
2016,4,10,40,1142
2016,4,10,41,885
2016,4,10,42,1380
2016,4,10,43,1976
2016,4,10,44,1109
2016,4,10,45,3091
2016,4,10,46,2294
2016,4,10,47,873
2016,4,10,48,1906
2016,4,10,49,1093
2016,4,10,50,2431
2016,5,1,1,782
2016,5,1,2,2003
2016,5,1,3,1297
2016,5,1,4,779
2016,5,1,5,619
2016,5,1,6,2021
2016,5,1,7,1978
2016,5,1,8,2611
2016,5,1,9,1812
2016,5,1,10,2505
2016,5,1,11,2344
2016,5,1,12,2340
2016,5,1,13,2928
2016,5,1,14,1954
2016,5,1,15,3069
2016,5,1,16,904
2016,5,1,17,1172
2016,5,1,18,2905
2016,5,1,19,1387
2016,5,1,20,1569
2016,5,1,21,1338
2016,5,1,22,2731
2016,5,1,23,994
2016,5,1,24,2245
2016,5,1,25,2803
2016,5,1,26,1664
2016,5,1,27,735
2016,5,1,28,3036
2016,5,1,29,2444
2016,5,1,30,1423
2016,5,1,31,2047
2016,5,1,32,1420
2016,5,1,33,2250
2016,5,1,34,894
2016,5,1,35,2344
2016,5,1,36,2672
2016,5,1,37,985
2016,5,1,38,2698
2016,5,1,39,1540
2016,5,1,40,993
2016,5,1,41,740
2016,5,1,42,1301
2016,5,1,43,1683
2016,5,1,44,983
2016,5,1,45,2796
2016,5,1,46,1981
2016,5,1,47,743
2016,5,1,48,1757
2016,5,1,49,1004
2016,5,1,50,2279
2016,5,2,1,1010
2016,5,2,2,2829
2016,5,2,3,1754
2016,5,2,4,1072
2016,5,2,5,910
2016,5,2,6,2906
2016,5,2,7,2805
2016,5,2,8,3728
2016,5,2,9,2447
2016,5,2,10,3589
2016,5,2,11,3343
2016,5,2,12,3384
2016,5,2,13,4064
2016,5,2,14,2873
2016,5,2,15,4267
2016,5,2,16,1299
2016,5,2,17,1572
2016,5,2,18,4108
2016,5,2,19,1922
2016,5,2,20,2287
2016,5,2,21,1959
2016,5,2,22,3816
2016,5,2,23,1388
2016,5,2,24,3197
2016,5,2,25,3971
2016,5,2,26,2284
2016,5,2,27,1093
2016,5,2,28,4288
2016,5,2,29,3335
2016,5,2,30,1987
2016,5,2,31,2875
2016,5,2,32,2190
2016,5,2,33,3392
2016,5,2,34,1324
2016,5,2,35,3245
2016,5,2,36,3737
2016,5,2,37,1394
2016,5,2,38,3904
2016,5,2,39,2082
2016,5,2,40,1446
2016,5,2,41,1048
2016,5,2,42,1779
2016,5,2,43,2480
2016,5,2,44,1456
2016,5,2,45,3756
2016,5,2,46,2837
2016,5,2,47,1050
2016,5,2,48,2559
2016,5,2,49,1393
2016,5,2,50,3169
2016,5,3,1,940
2016,5,3,2,2629
2016,5,3,3,1587
2016,5,3,4,937
2016,5,3,5,775
2016,5,3,6,2530
2016,5,3,7,2539
2016,5,3,8,3333
2016,5,3,9,2139
2016,5,3,10,3158
2016,5,3,11,3001
2016,5,3,12,2930
2016,5,3,13,3782
2016,5,3,14,2458
2016,5,3,15,3791
2016,5,3,16,1104
2016,5,3,17,1462
2016,5,3,18,3667
2016,5,3,19,1729
2016,5,3,20,2088
2016,5,3,21,1690
2016,5,3,22,3580
2016,5,3,23,1266
2016,5,3,24,2873
2016,5,3,25,3520
2016,5,3,26,1990
2016,5,3,27,971
2016,5,3,28,3941
2016,5,3,29,2964
2016,5,3,30,1705
2016,5,3,31,2551
2016,5,3,32,1873
2016,5,3,33,2993
2016,5,3,34,1112
2016,5,3,35,2808
2016,5,3,36,3272
2016,5,3,37,1271
2016,5,3,38,3507
2016,5,3,39,1912
2016,5,3,40,1265
2016,5,3,41,941
2016,5,3,42,1484
2016,5,3,43,2210
2016,5,3,44,1269
2016,5,3,45,3439
2016,5,3,46,2438
2016,5,3,47,924
2016,5,3,48,2273
2016,5,3,49,1297
2016,5,3,50,2817
2016,5,4,1,849
2016,5,4,2,2338
2016,5,4,3,1442
2016,5,4,4,866
2016,5,4,5,723
2016,5,4,6,2325
2016,5,4,7,2351
2016,5,4,8,3049
2016,5,4,9,1988
2016,5,4,10,2929
2016,5,4,11,2821
2016,5,4,12,2758
2016,5,4,13,3340
2016,5,4,14,2315
2016,5,4,15,3553
2016,5,4,16,1061
2016,5,4,17,1325
2016,5,4,18,3310
2016,5,4,19,1591
2016,5,4,20,1940
2016,5,4,21,1626
2016,5,4,22,3138
2016,5,4,23,1235
2016,5,4,24,2584
2016,5,4,25,3239
2016,5,4,26,1873
2016,5,4,27,887
2016,5,4,28,3461
2016,5,4,29,2845
2016,5,4,30,1540
2016,5,4,31,2303
2016,5,4,32,1717
2016,5,4,33,2821
2016,5,4,34,1005
2016,5,4,35,2640
2016,5,4,36,3022
2016,5,4,37,1177
2016,5,4,38,3227
2016,5,4,39,1739
2016,5,4,40,1130
2016,5,4,41,879
2016,5,4,42,1442
2016,5,4,43,2033
2016,5,4,44,1203
2016,5,4,45,3172
2016,5,4,46,2298
2016,5,4,47,924
2016,5,4,48,2019
2016,5,4,49,1232
2016,5,4,50,2680
2016,5,5,1,649
2016,5,5,2,1785
2016,5,5,3,1054
2016,5,5,4,670
2016,5,5,5,553
2016,5,5,6,1677
2016,5,5,7,1700
2016,5,5,8,2266
2016,5,5,9,1455
2016,5,5,10,2065
2016,5,5,11,2020
2016,5,5,12,2009
2016,5,5,13,2499
2016,5,5,14,1662
2016,5,5,15,2571
2016,5,5,16,728
2016,5,5,17,946
2016,5,5,18,2349
2016,5,5,19,1117
2016,5,5,20,1420
2016,5,5,21,1156
2016,5,5,22,2300
2016,5,5,23,824
2016,5,5,24,1816
2016,5,5,25,2380
2016,5,5,26,1331
2016,5,5,27,663
2016,5,5,28,2572
2016,5,5,29,1959
2016,5,5,30,1205
2016,5,5,31,1703
2016,5,5,32,1222
2016,5,5,33,1986
2016,5,5,34,748
2016,5,5,35,1881
2016,5,5,36,2267
2016,5,5,37,747
2016,5,5,38,2349
2016,5,5,39,1248
2016,5,5,40,826
2016,5,5,41,717
2016,5,5,42,1018
2016,5,5,43,1515
2016,5,5,44,842
2016,5,5,45,2312
2016,5,5,46,1750
2016,5,5,47,616
2016,5,5,48,1460
2016,5,5,49,842
2016,5,5,50,1985
2016,5,6,1,563
2016,5,6,2,1673
2016,5,6,3,1042
2016,5,6,4,646
2016,5,6,5,487
2016,5,6,6,1579
2016,5,6,7,1685
2016,5,6,8,2242
2016,5,6,9,1505
2016,5,6,10,2153
2016,5,6,11,2036
2016,5,6,12,1931
2016,5,6,13,2453
2016,5,6,14,1700
2016,5,6,15,2505
2016,5,6,16,717
2016,5,6,17,924
2016,5,6,18,2463
2016,5,6,19,1128
2016,5,6,20,1399
2016,5,6,21,1150
2016,5,6,22,2355
2016,5,6,23,854
2016,5,6,24,1957
2016,5,6,25,2308
2016,5,6,26,1372
2016,5,6,27,639
2016,5,6,28,2512
2016,5,6,29,1982
2016,5,6,30,1170
2016,5,6,31,1699
2016,5,6,32,1287
2016,5,6,33,1990
2016,5,6,34,739
2016,5,6,35,1813
2016,5,6,36,2206
2016,5,6,37,831
2016,5,6,38,2265
2016,5,6,39,1299
2016,5,6,40,858
2016,5,6,41,634
2016,5,6,42,1040
2016,5,6,43,1479
2016,5,6,44,835
2016,5,6,45,2369
2016,5,6,46,1654
2016,5,6,47,652
2016,5,6,48,1484
2016,5,6,49,847
2016,5,6,50,1909
2016,5,7,1,558
2016,5,7,2,1583
2016,5,7,3,936
2016,5,7,4,599
2016,5,7,5,481
2016,5,7,6,1501
2016,5,7,7,1584
2016,5,7,8,2019
2016,5,7,9,1389
2016,5,7,10,1924
2016,5,7,11,1856
2016,5,7,12,1783
2016,5,7,13,2164
2016,5,7,14,1570
2016,5,7,15,2330
2016,5,7,16,668
2016,5,7,17,839
2016,5,7,18,2278
2016,5,7,19,1032
2016,5,7,20,1264
2016,5,7,21,1078
2016,5,7,22,2179
2016,5,7,23,735
2016,5,7,24,1753
2016,5,7,25,2150
2016,5,7,26,1292
2016,5,7,27,632
2016,5,7,28,2297
2016,5,7,29,1796
2016,5,7,30,1037
2016,5,7,31,1505
2016,5,7,32,1174
2016,5,7,33,1831
2016,5,7,34,685
2016,5,7,35,1734
2016,5,7,36,1997
2016,5,7,37,794
2016,5,7,38,2081
2016,5,7,39,1150
2016,5,7,40,789
2016,5,7,41,612
2016,5,7,42,986
2016,5,7,43,1321
2016,5,7,44,760
2016,5,7,45,2149
2016,5,7,46,1568
2016,5,7,47,563
2016,5,7,48,1340
2016,5,7,49,754
2016,5,7,50,1707
2016,5,8,1,1017
2016,5,8,2,2775
2016,5,8,3,1692
2016,5,8,4,1022
2016,5,8,5,846
2016,5,8,6,2735
2016,5,8,7,2655
2016,5,8,8,3583
2016,5,8,9,2403
2016,5,8,10,3390
2016,5,8,11,3309
2016,5,8,12,3273
2016,5,8,13,3940
2016,5,8,14,2767
2016,5,8,15,4093
2016,5,8,16,1176
2016,5,8,17,1500
2016,5,8,18,3964
2016,5,8,19,1835
2016,5,8,20,2248
2016,5,8,21,1901
2016,5,8,22,3720
2016,5,8,23,1387
2016,5,8,24,3061
2016,5,8,25,3737
2016,5,8,26,2207
2016,5,8,27,1015
2016,5,8,28,4052
2016,5,8,29,3248
2016,5,8,30,1907
2016,5,8,31,2767
2016,5,8,32,1933
2016,5,8,33,3216
2016,5,8,34,1207
2016,5,8,35,3028
2016,5,8,36,3633
2016,5,8,37,1359
2016,5,8,38,3832
2016,5,8,39,1912
2016,5,8,40,1398
2016,5,8,41,1032
2016,5,8,42,1661
2016,5,8,43,2470
2016,5,8,44,1396
2016,5,8,45,3604
2016,5,8,46,2673
2016,5,8,47,1019
2016,5,8,48,2361
2016,5,8,49,1365
2016,5,8,50,3131
2016,5,9,1,899
2016,5,9,2,2333
2016,5,9,3,1460
2016,5,9,4,855
2016,5,9,5,742
2016,5,9,6,2380
2016,5,9,7,2347
2016,5,9,8,3142
2016,5,9,9,1978
2016,5,9,10,2916
2016,5,9,11,2727
2016,5,9,12,2713
2016,5,9,13,3399
2016,5,9,14,2361
2016,5,9,15,3460
2016,5,9,16,1067
2016,5,9,17,1327
2016,5,9,18,3322
2016,5,9,19,1634
2016,5,9,20,1883
2016,5,9,21,1602
2016,5,9,22,3226
2016,5,9,23,1203
2016,5,9,24,2656
2016,5,9,25,3190
2016,5,9,26,1873
2016,5,9,27,906
2016,5,9,28,3500
2016,5,9,29,2778
2016,5,9,30,1616
2016,5,9,31,2321
2016,5,9,32,1711
2016,5,9,33,2829
2016,5,9,34,998
2016,5,9,35,2562
2016,5,9,36,3074
2016,5,9,37,1133
2016,5,9,38,3132
2016,5,9,39,1783
2016,5,9,40,1189
2016,5,9,41,838
2016,5,9,42,1437
2016,5,9,43,2076
2016,5,9,44,1139
2016,5,9,45,3327
2016,5,9,46,2383
2016,5,9,47,883
2016,5,9,48,2035
2016,5,9,49,1211
2016,5,9,50,2557
2016,5,10,1,973
2016,5,10,2,2437
2016,5,10,3,1517
2016,5,10,4,901
2016,5,10,5,824
2016,5,10,6,2413
2016,5,10,7,2453
2016,5,10,8,3251
2016,5,10,9,2161
2016,5,10,10,3208
2016,5,10,11,2965
2016,5,10,12,2988
2016,5,10,13,3574
2016,5,10,14,2555
2016,5,10,15,3671
2016,5,10,16,1060
2016,5,10,17,1403
2016,5,10,18,3506
2016,5,10,19,1741
2016,5,10,20,1975
2016,5,10,21,1780
2016,5,10,22,3338
2016,5,10,23,1250
2016,5,10,24,2872
2016,5,10,25,3457
2016,5,10,26,2040
2016,5,10,27,938
2016,5,10,28,3717
2016,5,10,29,2934
2016,5,10,30,1738
2016,5,10,31,2485
2016,5,10,32,1910
2016,5,10,33,2954
2016,5,10,34,1141
2016,5,10,35,2819
2016,5,10,36,3352
2016,5,10,37,1282
2016,5,10,38,3434
2016,5,10,39,1817
2016,5,10,40,1308
2016,5,10,41,934
2016,5,10,42,1576
2016,5,10,43,2122
2016,5,10,44,1166
2016,5,10,45,3402
2016,5,10,46,2536
2016,5,10,47,943
2016,5,10,48,2157
2016,5,10,49,1280
2016,5,10,50,2837
2016,6,1,1,790
2016,6,1,2,2062
2016,6,1,3,1276
2016,6,1,4,810
2016,6,1,5,643
2016,6,1,6,2018
2016,6,1,7,2067
2016,6,1,8,2678
2016,6,1,9,1803
2016,6,1,10,2504
2016,6,1,11,2395
2016,6,1,12,2443
2016,6,1,13,3018
2016,6,1,14,2110
2016,6,1,15,3043
2016,6,1,16,941
2016,6,1,17,1159
2016,6,1,18,3044
2016,6,1,19,1424
2016,6,1,20,1576
2016,6,1,21,1441
2016,6,1,22,2789
2016,6,1,23,1025
2016,6,1,24,2319
2016,6,1,25,2895
2016,6,1,26,1773
2016,6,1,27,764
2016,6,1,28,3076
2016,6,1,29,2432
2016,6,1,30,1433
2016,6,1,31,2021
2016,6,1,32,1581
2016,6,1,33,2437
2016,6,1,34,932
2016,6,1,35,2381
2016,6,1,36,2738
2016,6,1,37,1057
2016,6,1,38,2894
2016,6,1,39,1535
2016,6,1,40,1033
2016,6,1,41,753
2016,6,1,42,1266
2016,6,1,43,1843
2016,6,1,44,1064
2016,6,1,45,2864
2016,6,1,46,2126
2016,6,1,47,768
2016,6,1,48,1793
2016,6,1,49,1026
2016,6,1,50,2368
2016,6,2,1,1177
2016,6,2,2,2909
2016,6,2,3,1857
2016,6,2,4,1135
2016,6,2,5,963
2016,6,2,6,2966
2016,6,2,7,2989
2016,6,2,8,3966
2016,6,2,9,2607
2016,6,2,10,3587
2016,6,2,11,3507
2016,6,2,12,3589
2016,6,2,13,4202
2016,6,2,14,3005
2016,6,2,15,4343
2016,6,2,16,1243
2016,6,2,17,1548
2016,6,2,18,4149
2016,6,2,19,2042
2016,6,2,20,2389
2016,6,2,21,2030
2016,6,2,22,4022
2016,6,2,23,1490
2016,6,2,24,3271
2016,6,2,25,3991
2016,6,2,26,2391
2016,6,2,27,1165
2016,6,2,28,4388
2016,6,2,29,3590
2016,6,2,30,2046
2016,6,2,31,3084
2016,6,2,32,2190
2016,6,2,33,3512
2016,6,2,34,1273
2016,6,2,35,3279
2016,6,2,36,3774
2016,6,2,37,1507
2016,6,2,38,4028
2016,6,2,39,2256
2016,6,2,40,1394
2016,6,2,41,1082
2016,6,2,42,1889
2016,6,2,43,2497
2016,6,2,44,1552
2016,6,2,45,4072
2016,6,2,46,2980
2016,6,2,47,1106
2016,6,2,48,2602
2016,6,2,49,1554
2016,6,2,50,3347
2016,6,3,1,989
2016,6,3,2,2580
2016,6,3,3,1594
2016,6,3,4,981
2016,6,3,5,807
2016,6,3,6,2614
2016,6,3,7,2658
2016,6,3,8,3543
2016,6,3,9,2307
2016,6,3,10,3289
2016,6,3,11,3128
2016,6,3,12,3069
2016,6,3,13,3772
2016,6,3,14,2659
2016,6,3,15,4007
2016,6,3,16,1137
2016,6,3,17,1467
2016,6,3,18,3713
2016,6,3,19,1766
2016,6,3,20,2123
2016,6,3,21,1795
2016,6,3,22,3580
2016,6,3,23,1318
2016,6,3,24,2925
2016,6,3,25,3520
2016,6,3,26,2086
2016,6,3,27,954
2016,6,3,28,3923
2016,6,3,29,3151
2016,6,3,30,1770
2016,6,3,31,2676
2016,6,3,32,1878
2016,6,3,33,3082
2016,6,3,34,1125
2016,6,3,35,2971
2016,6,3,36,3370
2016,6,3,37,1353
2016,6,3,38,3578
2016,6,3,39,1987
2016,6,3,40,1328
2016,6,3,41,970
2016,6,3,42,1700
2016,6,3,43,2286
2016,6,3,44,1322
2016,6,3,45,3616
2016,6,3,46,2603
2016,6,3,47,1003
2016,6,3,48,2266
2016,6,3,49,1310
2016,6,3,50,2887
2016,6,4,1,939
2016,6,4,2,2402
2016,6,4,3,1467
2016,6,4,4,900
2016,6,4,5,757
2016,6,4,6,2442
2016,6,4,7,2412
2016,6,4,8,3184
2016,6,4,9,2166
2016,6,4,10,3067
2016,6,4,11,2889
2016,6,4,12,2870
2016,6,4,13,3550
2016,6,4,14,2532
2016,6,4,15,3626
2016,6,4,16,1009
2016,6,4,17,1376
2016,6,4,18,3359
2016,6,4,19,1642
2016,6,4,20,1893
2016,6,4,21,1667
2016,6,4,22,3312
2016,6,4,23,1220
2016,6,4,24,2734
2016,6,4,25,3272
2016,6,4,26,1967
2016,6,4,27,893
2016,6,4,28,3649
2016,6,4,29,2857
2016,6,4,30,1601
2016,6,4,31,2419
2016,6,4,32,1824
2016,6,4,33,2775
2016,6,4,34,1031
2016,6,4,35,2758
2016,6,4,36,3162
2016,6,4,37,1188
2016,6,4,38,3286
2016,6,4,39,1797
2016,6,4,40,1164
2016,6,4,41,907
2016,6,4,42,1514
2016,6,4,43,2074
2016,6,4,44,1215
2016,6,4,45,3390
2016,6,4,46,2352
2016,6,4,47,903
2016,6,4,48,2147
2016,6,4,49,1163
2016,6,4,50,2706
2016,6,5,1,680
2016,6,5,2,1719
2016,6,5,3,1111
2016,6,5,4,658
2016,6,5,5,558
2016,6,5,6,1668
2016,6,5,7,1837
2016,6,5,8,2203
2016,6,5,9,1496
2016,6,5,10,2098
2016,6,5,11,2058
2016,6,5,12,2011
2016,6,5,13,2564
2016,6,5,14,1784
2016,6,5,15,2624
2016,6,5,16,776
2016,6,5,17,1048
2016,6,5,18,2596
2016,6,5,19,1209
2016,6,5,20,1409
2016,6,5,21,1259
2016,6,5,22,2369
2016,6,5,23,868
2016,6,5,24,1973
2016,6,5,25,2387
2016,6,5,26,1457
2016,6,5,27,666
2016,6,5,28,2613
2016,6,5,29,2092
2016,6,5,30,1201
2016,6,5,31,1714
2016,6,5,32,1344
2016,6,5,33,2086
2016,6,5,34,785
2016,6,5,35,1903
2016,6,5,36,2230
2016,6,5,37,864
2016,6,5,38,2485
2016,6,5,39,1297
2016,6,5,40,940
2016,6,5,41,640
2016,6,5,42,1145
2016,6,5,43,1480
2016,6,5,44,868
2016,6,5,45,2404
2016,6,5,46,1804
2016,6,5,47,639
2016,6,5,48,1559
2016,6,5,49,859
2016,6,5,50,1964
2016,6,6,1,665
2016,6,6,2,1702
2016,6,6,3,1059
2016,6,6,4,660
2016,6,6,5,606
2016,6,6,6,1752
2016,6,6,7,1734
2016,6,6,8,2298
2016,6,6,9,1501
2016,6,6,10,2098
2016,6,6,11,2072
2016,6,6,12,2070
2016,6,6,13,2462
2016,6,6,14,1710
2016,6,6,15,2512
2016,6,6,16,797
2016,6,6,17,956
2016,6,6,18,2512
2016,6,6,19,1207
2016,6,6,20,1447
2016,6,6,21,1169
2016,6,6,22,2406
2016,6,6,23,862
2016,6,6,24,1955
2016,6,6,25,2480
2016,6,6,26,1370
2016,6,6,27,679
2016,6,6,28,2547
2016,6,6,29,2078
2016,6,6,30,1170
2016,6,6,31,1678
2016,6,6,32,1245
2016,6,6,33,2043
2016,6,6,34,832
2016,6,6,35,1999
2016,6,6,36,2300
2016,6,6,37,894
2016,6,6,38,2403
2016,6,6,39,1343
2016,6,6,40,867
2016,6,6,41,665
2016,6,6,42,1117
2016,6,6,43,1587
2016,6,6,44,838
2016,6,6,45,2431
2016,6,6,46,1724
2016,6,6,47,678
2016,6,6,48,1517
2016,6,6,49,901
2016,6,6,50,2009
2016,6,7,1,627
2016,6,7,2,1562
2016,6,7,3,1006
2016,6,7,4,642
2016,6,7,5,519
2016,6,7,6,1604
2016,6,7,7,1652
2016,6,7,8,2105
2016,6,7,9,1434
2016,6,7,10,2018
2016,6,7,11,1908
2016,6,7,12,1931
2016,6,7,13,2271
2016,6,7,14,1680
2016,6,7,15,2401
2016,6,7,16,694
2016,6,7,17,837
2016,6,7,18,2316
2016,6,7,19,1153
2016,6,7,20,1359
2016,6,7,21,1083
2016,6,7,22,2178
2016,6,7,23,806
2016,6,7,24,1800
2016,6,7,25,2166
2016,6,7,26,1350
2016,6,7,27,609
2016,6,7,28,2457
2016,6,7,29,1940
2016,6,7,30,1080
2016,6,7,31,1640
2016,6,7,32,1208
2016,6,7,33,1807
2016,6,7,34,676
2016,6,7,35,1788
2016,6,7,36,2117
2016,6,7,37,755
2016,6,7,38,2210
2016,6,7,39,1165
2016,6,7,40,788
2016,6,7,41,572
2016,6,7,42,898
2016,6,7,43,1313
2016,6,7,44,820
2016,6,7,45,2190
2016,6,7,46,1653
2016,6,7,47,584
2016,6,7,48,1357
2016,6,7,49,739
2016,6,7,50,1847
2016,6,8,1,1107
2016,6,8,2,2786
2016,6,8,3,1810
2016,6,8,4,1075
2016,6,8,5,865
2016,6,8,6,2824
2016,6,8,7,2743
2016,6,8,8,3593
2016,6,8,9,2508
2016,6,8,10,3480
2016,6,8,11,3424
2016,6,8,12,3390
2016,6,8,13,4113
2016,6,8,14,2704
2016,6,8,15,4075
2016,6,8,16,1280
2016,6,8,17,1551
2016,6,8,18,4118
2016,6,8,19,1850
2016,6,8,20,2213
2016,6,8,21,1897
2016,6,8,22,3924
2016,6,8,23,1444
2016,6,8,24,3172
2016,6,8,25,3944
2016,6,8,26,2285
2016,6,8,27,1019
2016,6,8,28,4229
2016,6,8,29,3398
2016,6,8,30,1929
2016,6,8,31,2781
2016,6,8,32,2146
2016,6,8,33,3312
2016,6,8,34,1174
2016,6,8,35,3094
2016,6,8,36,3595
2016,6,8,37,1388
2016,6,8,38,3882
2016,6,8,39,2179
2016,6,8,40,1451
2016,6,8,41,1049
2016,6,8,42,1736
2016,6,8,43,2454
2016,6,8,44,1389
2016,6,8,45,3836
2016,6,8,46,2946
2016,6,8,47,1054
2016,6,8,48,2483
2016,6,8,49,1408
2016,6,8,50,3097
2016,6,9,1,937
2016,6,9,2,2369
2016,6,9,3,1487
2016,6,9,4,880
2016,6,9,5,780
2016,6,9,6,2378
2016,6,9,7,2409
2016,6,9,8,3170
2016,6,9,9,2067
2016,6,9,10,3021
2016,6,9,11,2832
2016,6,9,12,2893
2016,6,9,13,3427
2016,6,9,14,2398
2016,6,9,15,3713
2016,6,9,16,1092
2016,6,9,17,1298
2016,6,9,18,3525
2016,6,9,19,1732
2016,6,9,20,1938
2016,6,9,21,1695
2016,6,9,22,3257
2016,6,9,23,1250
2016,6,9,24,2755
2016,6,9,25,3431
2016,6,9,26,2029
2016,6,9,27,911
2016,6,9,28,3577
2016,6,9,29,2927
2016,6,9,30,1688
2016,6,9,31,2355
2016,6,9,32,1802
2016,6,9,33,2906
2016,6,9,34,1039
2016,6,9,35,2665
2016,6,9,36,3218
2016,6,9,37,1200
2016,6,9,38,3331
2016,6,9,39,1823
2016,6,9,40,1258
2016,6,9,41,876
2016,6,9,42,1517
2016,6,9,43,2126
2016,6,9,44,1254
2016,6,9,45,3383
2016,6,9,46,2511
2016,6,9,47,871
2016,6,9,48,2086
2016,6,9,49,1192
2016,6,9,50,2754
2016,6,10,1,940
2016,6,10,2,2653
2016,6,10,3,1633
2016,6,10,4,952
2016,6,10,5,792
2016,6,10,6,2531
2016,6,10,7,2570
2016,6,10,8,3415
2016,6,10,9,2297
2016,6,10,10,3225
2016,6,10,11,3137
2016,6,10,12,2978
2016,6,10,13,3678
2016,6,10,14,2633
2016,6,10,15,3907
2016,6,10,16,1083
2016,6,10,17,1538
2016,6,10,18,3691
2016,6,10,19,1803
2016,6,10,20,2142
2016,6,10,21,1784
2016,6,10,22,3595
2016,6,10,23,1272
2016,6,10,24,2959
2016,6,10,25,3506
2016,6,10,26,2125
2016,6,10,27,932
2016,6,10,28,3811
2016,6,10,29,2981
2016,6,10,30,1757
2016,6,10,31,2577
2016,6,10,32,1937
2016,6,10,33,3004
2016,6,10,34,1121
2016,6,10,35,2933
2016,6,10,36,3273
2016,6,10,37,1345
2016,6,10,38,3559
2016,6,10,39,1875
2016,6,10,40,1246
2016,6,10,41,942
2016,6,10,42,1576
2016,6,10,43,2257
2016,6,10,44,1332
2016,6,10,45,3497
2016,6,10,46,2556
2016,6,10,47,979
2016,6,10,48,2199
2016,6,10,49,1336
2016,6,10,50,2908
2016,7,1,1,903
2016,7,1,2,2387
2016,7,1,3,1443
2016,7,1,4,856
2016,7,1,5,744
2016,7,1,6,2379
2016,7,1,7,2303
2016,7,1,8,3032
2016,7,1,9,2001
2016,7,1,10,2882
2016,7,1,11,2793
2016,7,1,12,2781
2016,7,1,13,3213
2016,7,1,14,2209
2016,7,1,15,3564
2016,7,1,16,981
2016,7,1,17,1321
2016,7,1,18,3382
2016,7,1,19,1623
2016,7,1,20,1865
2016,7,1,21,1544
2016,7,1,22,3097
2016,7,1,23,1152
2016,7,1,24,2582
2016,7,1,25,3187
2016,7,1,26,1950
2016,7,1,27,870
2016,7,1,28,3329
2016,7,1,29,2754
2016,7,1,30,1556
2016,7,1,31,2311
2016,7,1,32,1739
2016,7,1,33,2689
2016,7,1,34,1029
2016,7,1,35,2678
2016,7,1,36,3084
2016,7,1,37,1150
2016,7,1,38,3235
2016,7,1,39,1728
2016,7,1,40,1113
2016,7,1,41,844
2016,7,1,42,1441
2016,7,1,43,2035
2016,7,1,44,1167
2016,7,1,45,3224
2016,7,1,46,2266
2016,7,1,47,881
2016,7,1,48,2014
2016,7,1,49,1116
2016,7,1,50,2600
2016,7,2,1,1235
2016,7,2,2,3153
2016,7,2,3,2092
2016,7,2,4,1201
2016,7,2,5,1060
2016,7,2,6,3286
2016,7,2,7,3275
2016,7,2,8,4339
2016,7,2,9,2944
2016,7,2,10,4001
2016,7,2,11,4018
2016,7,2,12,3920
2016,7,2,13,4733
2016,7,2,14,3245
2016,7,2,15,4851
2016,7,2,16,1399
2016,7,2,17,1842
2016,7,2,18,4645
2016,7,2,19,2225
2016,7,2,20,2609
2016,7,2,21,2287
2016,7,2,22,4520
2016,7,2,23,1659
2016,7,2,24,3713
2016,7,2,25,4575
2016,7,2,26,2607
2016,7,2,27,1220
2016,7,2,28,4944
2016,7,2,29,3887
2016,7,2,30,2316
2016,7,2,31,3295
2016,7,2,32,2454
2016,7,2,33,4007
2016,7,2,34,1438
2016,7,2,35,3687
2016,7,2,36,4199
2016,7,2,37,1634
2016,7,2,38,4478
2016,7,2,39,2413
2016,7,2,40,1635
2016,7,2,41,1211
2016,7,2,42,2091
2016,7,2,43,2872
2016,7,2,44,1694
2016,7,2,45,4529
2016,7,2,46,3345
2016,7,2,47,1256
2016,7,2,48,2891
2016,7,2,49,1654
2016,7,2,50,3809
2016,7,3,1,1082
2016,7,3,2,2949
2016,7,3,3,1802
2016,7,3,4,1077
2016,7,3,5,900
2016,7,3,6,2958
2016,7,3,7,2883
2016,7,3,8,3830
2016,7,3,9,2556
2016,7,3,10,3611
2016,7,3,11,3497
2016,7,3,12,3441
2016,7,3,13,4310
2016,7,3,14,2950
2016,7,3,15,4454
2016,7,3,16,1287
2016,7,3,17,1601
2016,7,3,18,4223
2016,7,3,19,1991
2016,7,3,20,2385
2016,7,3,21,1946
2016,7,3,22,3917
2016,7,3,23,1448
2016,7,3,24,3217
2016,7,3,25,4088
2016,7,3,26,2353
2016,7,3,27,1093
2016,7,3,28,4240
2016,7,3,29,3445
2016,7,3,30,2030
2016,7,3,31,2839
2016,7,3,32,2287
2016,7,3,33,3527
2016,7,3,34,1266
2016,7,3,35,3247
2016,7,3,36,3869
2016,7,3,37,1403
2016,7,3,38,4064
2016,7,3,39,2187
2016,7,3,40,1465
2016,7,3,41,1122
2016,7,3,42,1777
2016,7,3,43,2555
2016,7,3,44,1438
2016,7,3,45,3944
2016,7,3,46,2935
2016,7,3,47,1129
2016,7,3,48,2518
2016,7,3,49,1505
2016,7,3,50,3182
2016,7,4,1,1036
2016,7,4,2,2682
2016,7,4,3,1701
2016,7,4,4,979
2016,7,4,5,911
2016,7,4,6,2697
2016,7,4,7,2713
2016,7,4,8,3466
2016,7,4,9,2369
2016,7,4,10,3339
2016,7,4,11,3312
2016,7,4,12,3277
2016,7,4,13,3855
2016,7,4,14,2731
2016,7,4,15,4142
2016,7,4,16,1181
2016,7,4,17,1551
2016,7,4,18,3866
2016,7,4,19,1857
2016,7,4,20,2140
2016,7,4,21,1882
2016,7,4,22,3693
2016,7,4,23,1372
2016,7,4,24,3103
2016,7,4,25,3737
2016,7,4,26,2237
2016,7,4,27,983
2016,7,4,28,4040
2016,7,4,29,3170
2016,7,4,30,1856
2016,7,4,31,2599
2016,7,4,32,2003
2016,7,4,33,3091
2016,7,4,34,1148
2016,7,4,35,3008
2016,7,4,36,3554
2016,7,4,37,1372
2016,7,4,38,3723
2016,7,4,39,2069
2016,7,4,40,1323
2016,7,4,41,1027
2016,7,4,42,1717
2016,7,4,43,2235
2016,7,4,44,1286
2016,7,4,45,3676
2016,7,4,46,2591
2016,7,4,47,1034
2016,7,4,48,2324
2016,7,4,49,1315
2016,7,4,50,2991
2016,7,5,1,727
2016,7,5,2,1842
2016,7,5,3,1192
2016,7,5,4,693
2016,7,5,5,612
2016,7,5,6,1971
2016,7,5,7,1921
2016,7,5,8,2533
2016,7,5,9,1657
2016,7,5,10,2466
2016,7,5,11,2338
2016,7,5,12,2368
2016,7,5,13,2715
2016,7,5,14,1972
2016,7,5,15,2838
2016,7,5,16,853
2016,7,5,17,1119
2016,7,5,18,2785
2016,7,5,19,1344
2016,7,5,20,1609
2016,7,5,21,1357
2016,7,5,22,2699
2016,7,5,23,990
2016,7,5,24,2169
2016,7,5,25,2660
2016,7,5,26,1576
2016,7,5,27,719
2016,7,5,28,2892
2016,7,5,29,2330
2016,7,5,30,1365
2016,7,5,31,1933
2016,7,5,32,1499
2016,7,5,33,2353
2016,7,5,34,886
2016,7,5,35,2132
2016,7,5,36,2554
2016,7,5,37,1024
2016,7,5,38,2688
2016,7,5,39,1497
2016,7,5,40,942
2016,7,5,41,768
2016,7,5,42,1141
2016,7,5,43,1683
2016,7,5,44,977
2016,7,5,45,2621
2016,7,5,46,1912
2016,7,5,47,703
2016,7,5,48,1709
2016,7,5,49,954
2016,7,5,50,2178
2016,7,6,1,731
2016,7,6,2,1866
2016,7,6,3,1193
2016,7,6,4,709
2016,7,6,5,629
2016,7,6,6,1961
2016,7,6,7,1968
2016,7,6,8,2530
2016,7,6,9,1770
2016,7,6,10,2341
2016,7,6,11,2314
2016,7,6,12,2273
2016,7,6,13,2829
2016,7,6,14,1944
2016,7,6,15,2954
2016,7,6,16,852
2016,7,6,17,1164
2016,7,6,18,2695
2016,7,6,19,1306
2016,7,6,20,1581
2016,7,6,21,1327
2016,7,6,22,2612
2016,7,6,23,976
2016,7,6,24,2205
2016,7,6,25,2625
2016,7,6,26,1565
2016,7,6,27,759
2016,7,6,28,2923
2016,7,6,29,2328
2016,7,6,30,1337
2016,7,6,31,1961
2016,7,6,32,1360
2016,7,6,33,2251
2016,7,6,34,872
2016,7,6,35,2168
2016,7,6,36,2647
2016,7,6,37,985
2016,7,6,38,2564
2016,7,6,39,1469
2016,7,6,40,994
2016,7,6,41,726
2016,7,6,42,1205
2016,7,6,43,1701
2016,7,6,44,1012
2016,7,6,45,2686
2016,7,6,46,2021
2016,7,6,47,748
2016,7,6,48,1686
2016,7,6,49,931
2016,7,6,50,2197
2016,7,7,1,659
2016,7,7,2,1756
2016,7,7,3,1092
2016,7,7,4,639
2016,7,7,5,541
2016,7,7,6,1808
2016,7,7,7,1737
2016,7,7,8,2331
2016,7,7,9,1503
2016,7,7,10,2192
2016,7,7,11,2099
2016,7,7,12,2152
2016,7,7,13,2479
2016,7,7,14,1769
2016,7,7,15,2653
2016,7,7,16,737
2016,7,7,17,993
2016,7,7,18,2574
2016,7,7,19,1202
2016,7,7,20,1464
2016,7,7,21,1231
2016,7,7,22,2337
2016,7,7,23,872
2016,7,7,24,2000
2016,7,7,25,2512
2016,7,7,26,1433
2016,7,7,27,589
2016,7,7,28,2689
2016,7,7,29,2033
2016,7,7,30,1227
2016,7,7,31,1788
2016,7,7,32,1293
2016,7,7,33,2150
2016,7,7,34,724
2016,7,7,35,2099
2016,7,7,36,2302
2016,7,7,37,896
2016,7,7,38,2401
2016,7,7,39,1365
2016,7,7,40,912
2016,7,7,41,652
2016,7,7,42,1150
2016,7,7,43,1529
2016,7,7,44,867
2016,7,7,45,2531
2016,7,7,46,1809
2016,7,7,47,646
2016,7,7,48,1532
2016,7,7,49,893
2016,7,7,50,1953
2016,7,8,1,1164
2016,7,8,2,3097
2016,7,8,3,1902
2016,7,8,4,1160
2016,7,8,5,1019
2016,7,8,6,3229
2016,7,8,7,3127
2016,7,8,8,4177
2016,7,8,9,2794
2016,7,8,10,3895
2016,7,8,11,3728
2016,7,8,12,3656
2016,7,8,13,4408
2016,7,8,14,3067
2016,7,8,15,4668
2016,7,8,16,1396
2016,7,8,17,1797
2016,7,8,18,4488
2016,7,8,19,2167
2016,7,8,20,2546
2016,7,8,21,2198
2016,7,8,22,4292
2016,7,8,23,1555
2016,7,8,24,3617
2016,7,8,25,4290
2016,7,8,26,2569
2016,7,8,27,1147
2016,7,8,28,4640
2016,7,8,29,3779
2016,7,8,30,2219
2016,7,8,31,3219
2016,7,8,32,2353
2016,7,8,33,3719
2016,7,8,34,1340
2016,7,8,35,3559
2016,7,8,36,4117
2016,7,8,37,1535
2016,7,8,38,4280
2016,7,8,39,2361
2016,7,8,40,1603
2016,7,8,41,1152
2016,7,8,42,1982
2016,7,8,43,2738
2016,7,8,44,1625
2016,7,8,45,4444
2016,7,8,46,3082
2016,7,8,47,1178
2016,7,8,48,2716
2016,7,8,49,1483
2016,7,8,50,3399
2016,7,9,1,1085
2016,7,9,2,2687
2016,7,9,3,1682
2016,7,9,4,1062
2016,7,9,5,821
2016,7,9,6,2658
2016,7,9,7,2737
2016,7,9,8,3616
2016,7,9,9,2431
2016,7,9,10,3345
2016,7,9,11,3095
2016,7,9,12,3194
2016,7,9,13,3818
2016,7,9,14,2635
2016,7,9,15,4063
2016,7,9,16,1193
2016,7,9,17,1447
2016,7,9,18,3879
2016,7,9,19,1871
2016,7,9,20,2208
2016,7,9,21,1807
2016,7,9,22,3793
2016,7,9,23,1326
2016,7,9,24,3033
2016,7,9,25,3688
2016,7,9,26,2143
2016,7,9,27,1027
2016,7,9,28,4229
2016,7,9,29,3135
2016,7,9,30,1822
2016,7,9,31,2755
2016,7,9,32,1979
2016,7,9,33,3132
2016,7,9,34,1174
2016,7,9,35,3007
2016,7,9,36,3475
2016,7,9,37,1296
2016,7,9,38,3671
2016,7,9,39,2029
2016,7,9,40,1372
2016,7,9,41,1043
2016,7,9,42,1698
2016,7,9,43,2417
2016,7,9,44,1388
2016,7,9,45,3751
2016,7,9,46,2730
2016,7,9,47,1005
2016,7,9,48,2345
2016,7,9,49,1408
2016,7,9,50,3029
2016,7,10,1,1136
2016,7,10,2,2775
2016,7,10,3,1828
2016,7,10,4,1082
2016,7,10,5,898
2016,7,10,6,2918
2016,7,10,7,2928
2016,7,10,8,3726
2016,7,10,9,2517
2016,7,10,10,3707
2016,7,10,11,3375
2016,7,10,12,3381
2016,7,10,13,4086
2016,7,10,14,2793
2016,7,10,15,4322
2016,7,10,16,1280
2016,7,10,17,1588
2016,7,10,18,4157
2016,7,10,19,1891
2016,7,10,20,2421
2016,7,10,21,1960
2016,7,10,22,3896
2016,7,10,23,1432
2016,7,10,24,3253
2016,7,10,25,3917
2016,7,10,26,2241
2016,7,10,27,1061
2016,7,10,28,4421
2016,7,10,29,3427
2016,7,10,30,2030
2016,7,10,31,2885
2016,7,10,32,2096
2016,7,10,33,3498
2016,7,10,34,1285
2016,7,10,35,3278
2016,7,10,36,3776
2016,7,10,37,1473
2016,7,10,38,3927
2016,7,10,39,2128
2016,7,10,40,1506
2016,7,10,41,1071
2016,7,10,42,1744
2016,7,10,43,2477
2016,7,10,44,1382
2016,7,10,45,3861
2016,7,10,46,2877
2016,7,10,47,1038
2016,7,10,48,2490
2016,7,10,49,1521
2016,7,10,50,3129
2016,8,1,1,727
2016,8,1,2,2016
2016,8,1,3,1197
2016,8,1,4,739
2016,8,1,5,655
2016,8,1,6,2047
2016,8,1,7,1944
2016,8,1,8,2587
2016,8,1,9,1820
2016,8,1,10,2446
2016,8,1,11,2307
2016,8,1,12,2424
2016,8,1,13,2819
2016,8,1,14,2076
2016,8,1,15,2946
2016,8,1,16,839
2016,8,1,17,1173
2016,8,1,18,2821
2016,8,1,19,1426
2016,8,1,20,1679
2016,8,1,21,1326
2016,8,1,22,2685
2016,8,1,23,1011
2016,8,1,24,2320
2016,8,1,25,2692
2016,8,1,26,1699
2016,8,1,27,731
2016,8,1,28,2987
2016,8,1,29,2343
2016,8,1,30,1381
2016,8,1,31,2054
2016,8,1,32,1490
2016,8,1,33,2325
2016,8,1,34,905
2016,8,1,35,2295
2016,8,1,36,2577
2016,8,1,37,988
2016,8,1,38,2658
2016,8,1,39,1468
2016,8,1,40,999
2016,8,1,41,776
2016,8,1,42,1239
2016,8,1,43,1750
2016,8,1,44,905
2016,8,1,45,2614
2016,8,1,46,1963
2016,8,1,47,771
2016,8,1,48,1747
2016,8,1,49,1065
2016,8,1,50,2174
2016,8,2,1,1008
2016,8,2,2,2921
2016,8,2,3,1810
2016,8,2,4,1024
2016,8,2,5,890
2016,8,2,6,2804
2016,8,2,7,2770
2016,8,2,8,3730
2016,8,2,9,2475
2016,8,2,10,3534
2016,8,2,11,3361
2016,8,2,12,3307
2016,8,2,13,4211
2016,8,2,14,2838
2016,8,2,15,4116
2016,8,2,16,1232
2016,8,2,17,1588
2016,8,2,18,4078
2016,8,2,19,1917
2016,8,2,20,2334
2016,8,2,21,1957
2016,8,2,22,3930
2016,8,2,23,1417
2016,8,2,24,3107
2016,8,2,25,3916
2016,8,2,26,2305
2016,8,2,27,1064
2016,8,2,28,4136
2016,8,2,29,3364
2016,8,2,30,1944
2016,8,2,31,2781
2016,8,2,32,2104
2016,8,2,33,3402
2016,8,2,34,1227
2016,8,2,35,3135
2016,8,2,36,3740
2016,8,2,37,1421
2016,8,2,38,3934
2016,8,2,39,2172
2016,8,2,40,1426
2016,8,2,41,1035
2016,8,2,42,1770
2016,8,2,43,2392
2016,8,2,44,1388
2016,8,2,45,3941
2016,8,2,46,2854
2016,8,2,47,1017
2016,8,2,48,2566
2016,8,2,49,1401
2016,8,2,50,3191
2016,8,3,1,951
2016,8,3,2,2518
2016,8,3,3,1479
2016,8,3,4,968
2016,8,3,5,791
2016,8,3,6,2596
2016,8,3,7,2576
2016,8,3,8,3219
2016,8,3,9,2190
2016,8,3,10,3122
2016,8,3,11,3075
2016,8,3,12,2953
2016,8,3,13,3534
2016,8,3,14,2485
2016,8,3,15,3889
2016,8,3,16,1064
2016,8,3,17,1444
2016,8,3,18,3604
2016,8,3,19,1717
2016,8,3,20,2018
2016,8,3,21,1805
2016,8,3,22,3486
2016,8,3,23,1240
2016,8,3,24,2887
2016,8,3,25,3469
2016,8,3,26,2055
2016,8,3,27,944
2016,8,3,28,3655
2016,8,3,29,3082
2016,8,3,30,1758
2016,8,3,31,2477
2016,8,3,32,1902
2016,8,3,33,2981
2016,8,3,34,1075
2016,8,3,35,2808
2016,8,3,36,3276
2016,8,3,37,1325
2016,8,3,38,3423
2016,8,3,39,1830
2016,8,3,40,1301
2016,8,3,41,906
2016,8,3,42,1542
2016,8,3,43,2106
2016,8,3,44,1295
2016,8,3,45,3464
2016,8,3,46,2516
2016,8,3,47,921
2016,8,3,48,2248
2016,8,3,49,1241
2016,8,3,50,2862
2016,8,4,1,865
2016,8,4,2,2346
2016,8,4,3,1422
2016,8,4,4,890
2016,8,4,5,742
2016,8,4,6,2225
2016,8,4,7,2263
2016,8,4,8,2957
2016,8,4,9,2132
2016,8,4,10,2841
2016,8,4,11,2702
2016,8,4,12,2658
2016,8,4,13,3418
2016,8,4,14,2382
2016,8,4,15,3448
2016,8,4,16,1002
2016,8,4,17,1339
2016,8,4,18,3375
2016,8,4,19,1592
2016,8,4,20,1867
2016,8,4,21,1642
2016,8,4,22,3159
2016,8,4,23,1178
2016,8,4,24,2566
2016,8,4,25,3096
2016,8,4,26,1851
2016,8,4,27,917
2016,8,4,28,3414
2016,8,4,29,2737
2016,8,4,30,1605
2016,8,4,31,2230
2016,8,4,32,1748
2016,8,4,33,2765
2016,8,4,34,981
2016,8,4,35,2695
2016,8,4,36,3086
2016,8,4,37,1152
2016,8,4,38,3202
2016,8,4,39,1719
2016,8,4,40,1194
2016,8,4,41,879
2016,8,4,42,1473
2016,8,4,43,1958
2016,8,4,44,1144
2016,8,4,45,3216
2016,8,4,46,2293
2016,8,4,47,864
2016,8,4,48,2042
2016,8,4,49,1143
2016,8,4,50,2626
2016,8,5,1,594
2016,8,5,2,1633
2016,8,5,3,1072
2016,8,5,4,641
2016,8,5,5,508
2016,8,5,6,1761
2016,8,5,7,1737
2016,8,5,8,2186
2016,8,5,9,1460
2016,8,5,10,2125
2016,8,5,11,1986
2016,8,5,12,1953
2016,8,5,13,2408
2016,8,5,14,1718
2016,8,5,15,2454
2016,8,5,16,684
2016,8,5,17,939
2016,8,5,18,2363
2016,8,5,19,1105
2016,8,5,20,1358
2016,8,5,21,1163
2016,8,5,22,2349
2016,8,5,23,868
2016,8,5,24,1981
2016,8,5,25,2335
2016,8,5,26,1325
2016,8,5,27,639
2016,8,5,28,2361
2016,8,5,29,1939
2016,8,5,30,1060
2016,8,5,31,1636
2016,8,5,32,1231
2016,8,5,33,2002
2016,8,5,34,731
2016,8,5,35,1939
2016,8,5,36,2194
2016,8,5,37,826
2016,8,5,38,2323
2016,8,5,39,1260
2016,8,5,40,831
2016,8,5,41,660
2016,8,5,42,1059
2016,8,5,43,1423
2016,8,5,44,849
2016,8,5,45,2362
2016,8,5,46,1668
2016,8,5,47,666
2016,8,5,48,1535
2016,8,5,49,861
2016,8,5,50,1891
2016,8,6,1,652
2016,8,6,2,1663
2016,8,6,3,1038
2016,8,6,4,620
2016,8,6,5,536
2016,8,6,6,1617
2016,8,6,7,1651
2016,8,6,8,2173
2016,8,6,9,1450
2016,8,6,10,2077
2016,8,6,11,1992
2016,8,6,12,2068
2016,8,6,13,2418
2016,8,6,14,1711
2016,8,6,15,2517
2016,8,6,16,748
2016,8,6,17,988
2016,8,6,18,2401
2016,8,6,19,1150
2016,8,6,20,1324
2016,8,6,21,1187
2016,8,6,22,2286
2016,8,6,23,831
2016,8,6,24,1873
2016,8,6,25,2302
2016,8,6,26,1356
2016,8,6,27,629
2016,8,6,28,2412
2016,8,6,29,1997
2016,8,6,30,1125
2016,8,6,31,1726
2016,8,6,32,1194
2016,8,6,33,1958
2016,8,6,34,740
2016,8,6,35,1881
2016,8,6,36,2162
2016,8,6,37,888
2016,8,6,38,2312
2016,8,6,39,1247
2016,8,6,40,825
2016,8,6,41,622
2016,8,6,42,1055
2016,8,6,43,1445
2016,8,6,44,799
2016,8,6,45,2350
2016,8,6,46,1691
2016,8,6,47,610
2016,8,6,48,1364
2016,8,6,49,868
2016,8,6,50,1891
2016,8,7,1,551
2016,8,7,2,1496
2016,8,7,3,952
2016,8,7,4,569
2016,8,7,5,484
2016,8,7,6,1573
2016,8,7,7,1465
2016,8,7,8,1997
2016,8,7,9,1325
2016,8,7,10,1919
2016,8,7,11,1781
2016,8,7,12,1833
2016,8,7,13,2179
2016,8,7,14,1503
2016,8,7,15,2317
2016,8,7,16,712
2016,8,7,17,892
2016,8,7,18,2196
2016,8,7,19,1042
2016,8,7,20,1201
2016,8,7,21,1043
2016,8,7,22,2108
2016,8,7,23,660
2016,8,7,24,1721
2016,8,7,25,2118
2016,8,7,26,1245
2016,8,7,27,515
2016,8,7,28,2270
2016,8,7,29,1781
2016,8,7,30,1054
2016,8,7,31,1529
2016,8,7,32,1126
2016,8,7,33,1771
2016,8,7,34,690
2016,8,7,35,1723
2016,8,7,36,1988
2016,8,7,37,768
2016,8,7,38,2083
2016,8,7,39,1118
2016,8,7,40,777
2016,8,7,41,520
2016,8,7,42,976
2016,8,7,43,1312
2016,8,7,44,761
2016,8,7,45,2108
2016,8,7,46,1463
2016,8,7,47,605
2016,8,7,48,1334
2016,8,7,49,776
2016,8,7,50,1798
2016,8,8,1,1076
2016,8,8,2,2675
2016,8,8,3,1693
2016,8,8,4,1059
2016,8,8,5,845
2016,8,8,6,2704
2016,8,8,7,2714
2016,8,8,8,3454
2016,8,8,9,2368
2016,8,8,10,3357
2016,8,8,11,3259
2016,8,8,12,3171
2016,8,8,13,3899
2016,8,8,14,2686
2016,8,8,15,4084
2016,8,8,16,1200
2016,8,8,17,1500
2016,8,8,18,3858
2016,8,8,19,1874
2016,8,8,20,2206
2016,8,8,21,1886
2016,8,8,22,3750
2016,8,8,23,1385
2016,8,8,24,3031
2016,8,8,25,3704
2016,8,8,26,2271
2016,8,8,27,1035
2016,8,8,28,4030
2016,8,8,29,3139
2016,8,8,30,1862
2016,8,8,31,2625
2016,8,8,32,1983
2016,8,8,33,3253
2016,8,8,34,1130
2016,8,8,35,3092
2016,8,8,36,3514
2016,8,8,37,1388
2016,8,8,38,3839
2016,8,8,39,2104
2016,8,8,40,1369
2016,8,8,41,1014
2016,8,8,42,1664
2016,8,8,43,2333
2016,8,8,44,1398
2016,8,8,45,3688
2016,8,8,46,2770
2016,8,8,47,1095
2016,8,8,48,2285
2016,8,8,49,1378
2016,8,8,50,3206
2016,8,9,1,860
2016,8,9,2,2238
2016,8,9,3,1426
2016,8,9,4,878
2016,8,9,5,714
2016,8,9,6,2339
2016,8,9,7,2374
2016,8,9,8,3061
2016,8,9,9,2015
2016,8,9,10,2872
2016,8,9,11,2797
2016,8,9,12,2715
2016,8,9,13,3295
2016,8,9,14,2327
2016,8,9,15,3405
2016,8,9,16,962
2016,8,9,17,1333
2016,8,9,18,3321
2016,8,9,19,1558
2016,8,9,20,1839
2016,8,9,21,1527
2016,8,9,22,3208
2016,8,9,23,1216
2016,8,9,24,2605
2016,8,9,25,3152
2016,8,9,26,1915
2016,8,9,27,899
2016,8,9,28,3581
2016,8,9,29,2758
2016,8,9,30,1567
2016,8,9,31,2276
2016,8,9,32,1786
2016,8,9,33,2771
2016,8,9,34,1047
2016,8,9,35,2605
2016,8,9,36,3106
2016,8,9,37,1153
2016,8,9,38,3234
2016,8,9,39,1811
2016,8,9,40,1117
2016,8,9,41,860
2016,8,9,42,1462
2016,8,9,43,2020
2016,8,9,44,1163
2016,8,9,45,3113
2016,8,9,46,2416
2016,8,9,47,839
2016,8,9,48,2100
2016,8,9,49,1145
2016,8,9,50,2675
2016,8,10,1,892
2016,8,10,2,2485
2016,8,10,3,1589
2016,8,10,4,930
2016,8,10,5,761
2016,8,10,6,2498
2016,8,10,7,2558
2016,8,10,8,3205
2016,8,10,9,2212
2016,8,10,10,3157
2016,8,10,11,2990
2016,8,10,12,2987
2016,8,10,13,3590
2016,8,10,14,2366
2016,8,10,15,3662
2016,8,10,16,1049
2016,8,10,17,1375
2016,8,10,18,3643
2016,8,10,19,1761
2016,8,10,20,2005
2016,8,10,21,1698
2016,8,10,22,3449
2016,8,10,23,1255
2016,8,10,24,2776
2016,8,10,25,3455
2016,8,10,26,2013
2016,8,10,27,918
2016,8,10,28,3679
2016,8,10,29,2887
2016,8,10,30,1685
2016,8,10,31,2474
2016,8,10,32,1828
2016,8,10,33,2936
2016,8,10,34,1051
2016,8,10,35,2780
2016,8,10,36,3234
2016,8,10,37,1241
2016,8,10,38,3372
2016,8,10,39,1820
2016,8,10,40,1298
2016,8,10,41,951
2016,8,10,42,1544
2016,8,10,43,2197
2016,8,10,44,1246
2016,8,10,45,3460
2016,8,10,46,2496
2016,8,10,47,892
2016,8,10,48,2117
2016,8,10,49,1301
2016,8,10,50,2842
2016,9,1,1,709
2016,9,1,2,1807
2016,9,1,3,1163
2016,9,1,4,689
2016,9,1,5,584
2016,9,1,6,1836
2016,9,1,7,1778
2016,9,1,8,2317
2016,9,1,9,1627
2016,9,1,10,2232
2016,9,1,11,2125
2016,9,1,12,2222
2016,9,1,13,2680
2016,9,1,14,1862
2016,9,1,15,2737
2016,9,1,16,804
2016,9,1,17,1065
2016,9,1,18,2663
2016,9,1,19,1279
2016,9,1,20,1516
2016,9,1,21,1265
2016,9,1,22,2519
2016,9,1,23,894
2016,9,1,24,2097
2016,9,1,25,2581
2016,9,1,26,1455
2016,9,1,27,683
2016,9,1,28,2777
2016,9,1,29,2170
2016,9,1,30,1322
2016,9,1,31,1828
2016,9,1,32,1339
2016,9,1,33,2096
2016,9,1,34,755
2016,9,1,35,2054
2016,9,1,36,2464
2016,9,1,37,868
2016,9,1,38,2464
2016,9,1,39,1298
2016,9,1,40,950
2016,9,1,41,703
2016,9,1,42,1136
2016,9,1,43,1555
2016,9,1,44,913
2016,9,1,45,2517
2016,9,1,46,1817
2016,9,1,47,692
2016,9,1,48,1662
2016,9,1,49,813
2016,9,1,50,2062
2016,9,2,1,964
2016,9,2,2,2660
2016,9,2,3,1532
2016,9,2,4,961
2016,9,2,5,777
2016,9,2,6,2593
2016,9,2,7,2630
2016,9,2,8,3383
2016,9,2,9,2294
2016,9,2,10,3320
2016,9,2,11,3101
2016,9,2,12,3079
2016,9,2,13,3626
2016,9,2,14,2592
2016,9,2,15,3885
2016,9,2,16,1133
2016,9,2,17,1454
2016,9,2,18,3683
2016,9,2,19,1759
2016,9,2,20,2087
2016,9,2,21,1763
2016,9,2,22,3638
2016,9,2,23,1290
2016,9,2,24,2853
2016,9,2,25,3570
2016,9,2,26,2118
2016,9,2,27,920
2016,9,2,28,3863
2016,9,2,29,2972
2016,9,2,30,1731
2016,9,2,31,2481
2016,9,2,32,1922
2016,9,2,33,3112
2016,9,2,34,1106
2016,9,2,35,2884
2016,9,2,36,3368
2016,9,2,37,1342
2016,9,2,38,3429
2016,9,2,39,1965
2016,9,2,40,1307
2016,9,2,41,985
2016,9,2,42,1672
2016,9,2,43,2305
2016,9,2,44,1318
2016,9,2,45,3622
2016,9,2,46,2688
2016,9,2,47,934
2016,9,2,48,2193
2016,9,2,49,1249
2016,9,2,50,2905
2016,9,3,1,846
2016,9,3,2,2288
2016,9,3,3,1430
2016,9,3,4,864
2016,9,3,5,716
2016,9,3,6,2320
2016,9,3,7,2255
2016,9,3,8,2973
2016,9,3,9,2041
2016,9,3,10,2900
2016,9,3,11,2754
2016,9,3,12,2628
2016,9,3,13,3210
2016,9,3,14,2337
2016,9,3,15,3441
2016,9,3,16,1015
2016,9,3,17,1336
2016,9,3,18,3358
2016,9,3,19,1562
2016,9,3,20,1913
2016,9,3,21,1574
2016,9,3,22,3140
2016,9,3,23,1165
2016,9,3,24,2606
2016,9,3,25,3204
2016,9,3,26,1856
2016,9,3,27,862
2016,9,3,28,3451
2016,9,3,29,2812
2016,9,3,30,1650
2016,9,3,31,2320
2016,9,3,32,1752
2016,9,3,33,2732
2016,9,3,34,952
2016,9,3,35,2595
2016,9,3,36,2990
2016,9,3,37,1101
2016,9,3,38,3184
2016,9,3,39,1709
2016,9,3,40,1190
2016,9,3,41,880
2016,9,3,42,1465
2016,9,3,43,1997
2016,9,3,44,1141
2016,9,3,45,3111
2016,9,3,46,2229
2016,9,3,47,807
2016,9,3,48,2030
2016,9,3,49,1143
2016,9,3,50,2650
2016,9,4,1,795
2016,9,4,2,2098
2016,9,4,3,1335
2016,9,4,4,778
2016,9,4,5,699
2016,9,4,6,2104
2016,9,4,7,2004
2016,9,4,8,2827
2016,9,4,9,1805
2016,9,4,10,2627
2016,9,4,11,2505
2016,9,4,12,2510
2016,9,4,13,3040
2016,9,4,14,2086
2016,9,4,15,3238
2016,9,4,16,943
2016,9,4,17,1250
2016,9,4,18,2945
2016,9,4,19,1508
2016,9,4,20,1754
2016,9,4,21,1429
2016,9,4,22,2914
2016,9,4,23,1059
2016,9,4,24,2371
2016,9,4,25,2944
2016,9,4,26,1691
2016,9,4,27,804
2016,9,4,28,3219
2016,9,4,29,2574
2016,9,4,30,1437
2016,9,4,31,2156
2016,9,4,32,1621
2016,9,4,33,2528
2016,9,4,34,975
2016,9,4,35,2407
2016,9,4,36,2825
2016,9,4,37,1025
2016,9,4,38,2875
2016,9,4,39,1517
2016,9,4,40,1076
2016,9,4,41,763
2016,9,4,42,1383
2016,9,4,43,1819
2016,9,4,44,1045
2016,9,4,45,2977
2016,9,4,46,2037
2016,9,4,47,828
2016,9,4,48,1923
2016,9,4,49,1065
2016,9,4,50,2342
2016,9,5,1,567
2016,9,5,2,1486
2016,9,5,3,977
2016,9,5,4,592
2016,9,5,5,465
2016,9,5,6,1560
2016,9,5,7,1559
2016,9,5,8,2023
2016,9,5,9,1341
2016,9,5,10,1936
2016,9,5,11,1870
2016,9,5,12,1828
2016,9,5,13,2193
2016,9,5,14,1526
2016,9,5,15,2306
2016,9,5,16,634
2016,9,5,17,844
2016,9,5,18,2182
2016,9,5,19,1085
2016,9,5,20,1310
2016,9,5,21,1073
2016,9,5,22,2046
2016,9,5,23,781
2016,9,5,24,1741
2016,9,5,25,2067
2016,9,5,26,1254
2016,9,5,27,575
2016,9,5,28,2351
2016,9,5,29,1769
2016,9,5,30,1008
2016,9,5,31,1514
2016,9,5,32,1145
2016,9,5,33,1744
2016,9,5,34,671
2016,9,5,35,1732
2016,9,5,36,2012
2016,9,5,37,760
2016,9,5,38,2075
2016,9,5,39,1079
2016,9,5,40,727
2016,9,5,41,580
2016,9,5,42,955
2016,9,5,43,1317
2016,9,5,44,804
2016,9,5,45,2152
2016,9,5,46,1565
2016,9,5,47,584
2016,9,5,48,1366
2016,9,5,49,709
2016,9,5,50,1705
2016,9,6,1,575
2016,9,6,2,1577
2016,9,6,3,967
2016,9,6,4,615
2016,9,6,5,486
2016,9,6,6,1453
2016,9,6,7,1555
2016,9,6,8,1993
2016,9,6,9,1301
2016,9,6,10,1971
2016,9,6,11,1855
2016,9,6,12,1800
2016,9,6,13,2168
2016,9,6,14,1483
2016,9,6,15,2245
2016,9,6,16,680
2016,9,6,17,848
2016,9,6,18,2209
2016,9,6,19,1124
2016,9,6,20,1247
2016,9,6,21,1108
2016,9,6,22,2056
2016,9,6,23,779
2016,9,6,24,1636
2016,9,6,25,2116
2016,9,6,26,1165
2016,9,6,27,612
2016,9,6,28,2339
2016,9,6,29,1860
2016,9,6,30,1067
2016,9,6,31,1543
2016,9,6,32,1196
2016,9,6,33,1734
2016,9,6,34,714
2016,9,6,35,1689
2016,9,6,36,2076
2016,9,6,37,769
2016,9,6,38,2161
2016,9,6,39,1124
2016,9,6,40,797
2016,9,6,41,576
2016,9,6,42,956
2016,9,6,43,1306
2016,9,6,44,757
2016,9,6,45,2020
2016,9,6,46,1504
2016,9,6,47,553
2016,9,6,48,1344
2016,9,6,49,732
2016,9,6,50,1705
2016,9,7,1,515
2016,9,7,2,1371
2016,9,7,3,857
2016,9,7,4,537
2016,9,7,5,449
2016,9,7,6,1436
2016,9,7,7,1381
2016,9,7,8,1854
2016,9,7,9,1267
2016,9,7,10,1722
2016,9,7,11,1714
2016,9,7,12,1708
2016,9,7,13,2038
2016,9,7,14,1364
2016,9,7,15,2136
2016,9,7,16,656
2016,9,7,17,792
2016,9,7,18,2058
2016,9,7,19,1025
2016,9,7,20,1161
2016,9,7,21,895
2016,9,7,22,1954
2016,9,7,23,680
2016,9,7,24,1584
2016,9,7,25,1957
2016,9,7,26,1166
2016,9,7,27,528
2016,9,7,28,2099
2016,9,7,29,1686
2016,9,7,30,920
2016,9,7,31,1442
2016,9,7,32,1039
2016,9,7,33,1674
2016,9,7,34,612
2016,9,7,35,1537
2016,9,7,36,1840
2016,9,7,37,716
2016,9,7,38,1921
2016,9,7,39,1060
2016,9,7,40,683
2016,9,7,41,540
2016,9,7,42,819
2016,9,7,43,1240
2016,9,7,44,696
2016,9,7,45,1889
2016,9,7,46,1392
2016,9,7,47,516
2016,9,7,48,1204
2016,9,7,49,755
2016,9,7,50,1576
2016,9,8,1,903
2016,9,8,2,2520
2016,9,8,3,1483
2016,9,8,4,924
2016,9,8,5,764
2016,9,8,6,2422
2016,9,8,7,2376
2016,9,8,8,3227
2016,9,8,9,2110
2016,9,8,10,3137
2016,9,8,11,2917
2016,9,8,12,2915
2016,9,8,13,3606
2016,9,8,14,2467
2016,9,8,15,3699
2016,9,8,16,1087
2016,9,8,17,1425
2016,9,8,18,3526
2016,9,8,19,1703
2016,9,8,20,2003
2016,9,8,21,1675
2016,9,8,22,3389
2016,9,8,23,1251
2016,9,8,24,2726
2016,9,8,25,3341
2016,9,8,26,2034
2016,9,8,27,928
2016,9,8,28,3741
2016,9,8,29,2892
2016,9,8,30,1655
2016,9,8,31,2466
2016,9,8,32,1809
2016,9,8,33,2872
2016,9,8,34,1067
2016,9,8,35,2769
2016,9,8,36,3335
2016,9,8,37,1189
2016,9,8,38,3449
2016,9,8,39,1842
2016,9,8,40,1235
2016,9,8,41,898
2016,9,8,42,1498
2016,9,8,43,2206
2016,9,8,44,1239
2016,9,8,45,3359
2016,9,8,46,2449
2016,9,8,47,938
2016,9,8,48,2151
2016,9,8,49,1254
2016,9,8,50,2817
2016,9,9,1,744
2016,9,9,2,2144
2016,9,9,3,1329
2016,9,9,4,757
2016,9,9,5,640
2016,9,9,6,2170
2016,9,9,7,2107
2016,9,9,8,2797
2016,9,9,9,1890
2016,9,9,10,2670
2016,9,9,11,2371
2016,9,9,12,2540
2016,9,9,13,3049
2016,9,9,14,2208
2016,9,9,15,3175
2016,9,9,16,907
2016,9,9,17,1198
2016,9,9,18,3008
2016,9,9,19,1445
2016,9,9,20,1706
2016,9,9,21,1439
2016,9,9,22,2970
2016,9,9,23,1102
2016,9,9,24,2352
2016,9,9,25,3032
2016,9,9,26,1673
2016,9,9,27,743
2016,9,9,28,3221
2016,9,9,29,2556
2016,9,9,30,1447
2016,9,9,31,2054
2016,9,9,32,1603
2016,9,9,33,2499
2016,9,9,34,899
2016,9,9,35,2362
2016,9,9,36,2849
2016,9,9,37,1045
2016,9,9,38,2990
2016,9,9,39,1583
2016,9,9,40,1007
2016,9,9,41,790
2016,9,9,42,1348
2016,9,9,43,1872
2016,9,9,44,1138
2016,9,9,45,2884
2016,9,9,46,2173
2016,9,9,47,757
2016,9,9,48,1838
2016,9,9,49,1061
2016,9,9,50,2321
2016,9,10,1,849
2016,9,10,2,2282
2016,9,10,3,1415
2016,9,10,4,830
2016,9,10,5,648
2016,9,10,6,2300
2016,9,10,7,2224
2016,9,10,8,2911
2016,9,10,9,1876
2016,9,10,10,2809
2016,9,10,11,2663
2016,9,10,12,2652
2016,9,10,13,3254
2016,9,10,14,2258
2016,9,10,15,3357
2016,9,10,16,1013
2016,9,10,17,1281
2016,9,10,18,3246
2016,9,10,19,1465
2016,9,10,20,1743
2016,9,10,21,1534
2016,9,10,22,3125
2016,9,10,23,1158
2016,9,10,24,2529
2016,9,10,25,3068
2016,9,10,26,1794
2016,9,10,27,840
2016,9,10,28,3351
2016,9,10,29,2679
2016,9,10,30,1558
2016,9,10,31,2241
2016,9,10,32,1758
2016,9,10,33,2690
2016,9,10,34,1009
2016,9,10,35,2536
2016,9,10,36,3001
2016,9,10,37,1125
2016,9,10,38,3006
2016,9,10,39,1760
2016,9,10,40,1085
2016,9,10,41,846
2016,9,10,42,1396
2016,9,10,43,2071
2016,9,10,44,1168
2016,9,10,45,3085
2016,9,10,46,2282
2016,9,10,47,882
2016,9,10,48,1988
2016,9,10,49,1092
2016,9,10,50,2568
2016,10,1,1,699
2016,10,1,2,1806
2016,10,1,3,1076
2016,10,1,4,687
2016,10,1,5,565
2016,10,1,6,1809
2016,10,1,7,1763
2016,10,1,8,2319
2016,10,1,9,1590
2016,10,1,10,2140
2016,10,1,11,2156
2016,10,1,12,2097
2016,10,1,13,2509
2016,10,1,14,1745
2016,10,1,15,2588
2016,10,1,16,721
2016,10,1,17,1006
2016,10,1,18,2464
2016,10,1,19,1263
2016,10,1,20,1385
2016,10,1,21,1171
2016,10,1,22,2451
2016,10,1,23,856
2016,10,1,24,2048
2016,10,1,25,2364
2016,10,1,26,1423
2016,10,1,27,642
2016,10,1,28,2665
2016,10,1,29,2116
2016,10,1,30,1167
2016,10,1,31,1828
2016,10,1,32,1305
2016,10,1,33,2046
2016,10,1,34,770
2016,10,1,35,1969
2016,10,1,36,2353
2016,10,1,37,809
2016,10,1,38,2482
2016,10,1,39,1373
2016,10,1,40,869
2016,10,1,41,682
2016,10,1,42,1086
2016,10,1,43,1526
2016,10,1,44,824
2016,10,1,45,2407
2016,10,1,46,1778
2016,10,1,47,653
2016,10,1,48,1517
2016,10,1,49,902
2016,10,1,50,1966
2016,10,2,1,889
2016,10,2,2,2608
2016,10,2,3,1559
2016,10,2,4,906
2016,10,2,5,763
2016,10,2,6,2442
2016,10,2,7,2551
2016,10,2,8,3260
2016,10,2,9,2131
2016,10,2,10,3124
2016,10,2,11,2962
2016,10,2,12,2968
2016,10,2,13,3466
2016,10,2,14,2489
2016,10,2,15,3746
2016,10,2,16,1128
2016,10,2,17,1396
2016,10,2,18,3601
2016,10,2,19,1802
2016,10,2,20,1995
2016,10,2,21,1714
2016,10,2,22,3523
2016,10,2,23,1233
2016,10,2,24,2780
2016,10,2,25,3336
2016,10,2,26,1981
2016,10,2,27,945
2016,10,2,28,3651
2016,10,2,29,2885
2016,10,2,30,1685
2016,10,2,31,2523
2016,10,2,32,1861
2016,10,2,33,2970
2016,10,2,34,1021
2016,10,2,35,2858
2016,10,2,36,3313
2016,10,2,37,1227
2016,10,2,38,3414
2016,10,2,39,1881
2016,10,2,40,1214
2016,10,2,41,903
2016,10,2,42,1550
2016,10,2,43,2207
2016,10,2,44,1207
2016,10,2,45,3463
2016,10,2,46,2426
2016,10,2,47,1019
2016,10,2,48,2175
2016,10,2,49,1217
2016,10,2,50,2785
2016,10,3,1,827
2016,10,3,2,2198
2016,10,3,3,1393
2016,10,3,4,787
2016,10,3,5,674
2016,10,3,6,2298
2016,10,3,7,2209
2016,10,3,8,2895
2016,10,3,9,1973
2016,10,3,10,2823
2016,10,3,11,2574
2016,10,3,12,2600
2016,10,3,13,3082
2016,10,3,14,2174
2016,10,3,15,3353
2016,10,3,16,943
2016,10,3,17,1221
2016,10,3,18,3183
2016,10,3,19,1469
2016,10,3,20,1828
2016,10,3,21,1451
2016,10,3,22,3106
2016,10,3,23,1148
2016,10,3,24,2543
2016,10,3,25,2958
2016,10,3,26,1785
2016,10,3,27,811
2016,10,3,28,3251
2016,10,3,29,2666
2016,10,3,30,1492
2016,10,3,31,2213
2016,10,3,32,1599
2016,10,3,33,2558
2016,10,3,34,938
2016,10,3,35,2449
2016,10,3,36,2861
2016,10,3,37,1153
2016,10,3,38,3013
2016,10,3,39,1602
2016,10,3,40,1127
2016,10,3,41,879
2016,10,3,42,1392
2016,10,3,43,1927
2016,10,3,44,1080
2016,10,3,45,2976
2016,10,3,46,2171
2016,10,3,47,854
2016,10,3,48,1858
2016,10,3,49,1030
2016,10,3,50,2482
2016,10,4,1,780
2016,10,4,2,2000
2016,10,4,3,1263
2016,10,4,4,733
2016,10,4,5,612
2016,10,4,6,2026
2016,10,4,7,2028
2016,10,4,8,2769
2016,10,4,9,1713
2016,10,4,10,2508
2016,10,4,11,2428
2016,10,4,12,2465
2016,10,4,13,2939
2016,10,4,14,2046
2016,10,4,15,2946
2016,10,4,16,864
2016,10,4,17,1131
2016,10,4,18,2964
2016,10,4,19,1409
2016,10,4,20,1617
2016,10,4,21,1379
2016,10,4,22,2785
2016,10,4,23,985
2016,10,4,24,2276
2016,10,4,25,2705
2016,10,4,26,1599
2016,10,4,27,838
2016,10,4,28,3084
2016,10,4,29,2371
2016,10,4,30,1354
2016,10,4,31,2018
2016,10,4,32,1500
2016,10,4,33,2415
2016,10,4,34,873
2016,10,4,35,2223
2016,10,4,36,2641
2016,10,4,37,941
2016,10,4,38,2841
2016,10,4,39,1534
2016,10,4,40,1080
2016,10,4,41,796
2016,10,4,42,1209
2016,10,4,43,1796
2016,10,4,44,1047
2016,10,4,45,2776
2016,10,4,46,2108
2016,10,4,47,784
2016,10,4,48,1842
2016,10,4,49,1041
2016,10,4,50,2214
2016,10,5,1,540
2016,10,5,2,1477
2016,10,5,3,901
2016,10,5,4,599
2016,10,5,5,471
2016,10,5,6,1435
2016,10,5,7,1467
2016,10,5,8,1999
2016,10,5,9,1361
2016,10,5,10,1803
2016,10,5,11,1721
2016,10,5,12,1821
2016,10,5,13,2143
2016,10,5,14,1479
2016,10,5,15,2226
2016,10,5,16,653
2016,10,5,17,873
2016,10,5,18,2165
2016,10,5,19,1086
2016,10,5,20,1250
2016,10,5,21,1001
2016,10,5,22,1980
2016,10,5,23,754
2016,10,5,24,1569
2016,10,5,25,2059
2016,10,5,26,1155
2016,10,5,27,573
2016,10,5,28,2301
2016,10,5,29,1807
2016,10,5,30,1039
2016,10,5,31,1464
2016,10,5,32,1120
2016,10,5,33,1750
2016,10,5,34,652
2016,10,5,35,1669
2016,10,5,36,1985
2016,10,5,37,735
2016,10,5,38,2040
2016,10,5,39,1102
2016,10,5,40,756
2016,10,5,41,503
2016,10,5,42,934
2016,10,5,43,1240
2016,10,5,44,789
2016,10,5,45,2039
2016,10,5,46,1531
2016,10,5,47,549
2016,10,5,48,1299
2016,10,5,49,775
2016,10,5,50,1651
2016,10,6,1,530
2016,10,6,2,1492
2016,10,6,3,922
2016,10,6,4,524
2016,10,6,5,464
2016,10,6,6,1463
2016,10,6,7,1438
2016,10,6,8,2002
2016,10,6,9,1312
2016,10,6,10,1894
2016,10,6,11,1786
2016,10,6,12,1731
2016,10,6,13,2187
2016,10,6,14,1457
2016,10,6,15,2212
2016,10,6,16,651
2016,10,6,17,853
2016,10,6,18,2089
2016,10,6,19,960
2016,10,6,20,1218
2016,10,6,21,991
2016,10,6,22,1951
2016,10,6,23,710
2016,10,6,24,1663
2016,10,6,25,2041
2016,10,6,26,1184
2016,10,6,27,589
2016,10,6,28,2273
2016,10,6,29,1818
2016,10,6,30,989
2016,10,6,31,1449
2016,10,6,32,1098
2016,10,6,33,1744
2016,10,6,34,624
2016,10,6,35,1606
2016,10,6,36,1894
2016,10,6,37,736
2016,10,6,38,2110
2016,10,6,39,1052
2016,10,6,40,666
2016,10,6,41,564
2016,10,6,42,932
2016,10,6,43,1257
2016,10,6,44,752
2016,10,6,45,2001
2016,10,6,46,1480
2016,10,6,47,606
2016,10,6,48,1319
2016,10,6,49,678
2016,10,6,50,1655
2016,10,7,1,506
2016,10,7,2,1337
2016,10,7,3,862
2016,10,7,4,489
2016,10,7,5,417
2016,10,7,6,1394
2016,10,7,7,1371
2016,10,7,8,1829
2016,10,7,9,1182
2016,10,7,10,1662
2016,10,7,11,1595
2016,10,7,12,1534
2016,10,7,13,2005
2016,10,7,14,1387
2016,10,7,15,2068
2016,10,7,16,616
2016,10,7,17,773
2016,10,7,18,1882
2016,10,7,19,905
2016,10,7,20,1038
2016,10,7,21,865
2016,10,7,22,1838
2016,10,7,23,645
2016,10,7,24,1483
2016,10,7,25,1892
2016,10,7,26,1113
2016,10,7,27,539
2016,10,7,28,1941
2016,10,7,29,1646
2016,10,7,30,928
2016,10,7,31,1342
2016,10,7,32,1051
2016,10,7,33,1626
2016,10,7,34,581
2016,10,7,35,1499
2016,10,7,36,1795
2016,10,7,37,666
2016,10,7,38,1868
2016,10,7,39,1026
2016,10,7,40,727
2016,10,7,41,539
2016,10,7,42,831
2016,10,7,43,1137
2016,10,7,44,662
2016,10,7,45,1849
2016,10,7,46,1295
2016,10,7,47,482
2016,10,7,48,1165
2016,10,7,49,687
2016,10,7,50,1427
2016,10,8,1,878
2016,10,8,2,2390
2016,10,8,3,1522
2016,10,8,4,832
2016,10,8,5,768
2016,10,8,6,2409
2016,10,8,7,2427
2016,10,8,8,3089
2016,10,8,9,2112
2016,10,8,10,3020
2016,10,8,11,2728
2016,10,8,12,2843
2016,10,8,13,3449
2016,10,8,14,2398
2016,10,8,15,3554
2016,10,8,16,1121
2016,10,8,17,1358
2016,10,8,18,3590
2016,10,8,19,1590
2016,10,8,20,1908
2016,10,8,21,1636
2016,10,8,22,3292
2016,10,8,23,1200
2016,10,8,24,2643
2016,10,8,25,3369
2016,10,8,26,1952
2016,10,8,27,897
2016,10,8,28,3501
2016,10,8,29,2885
2016,10,8,30,1712
2016,10,8,31,2340
2016,10,8,32,1754
2016,10,8,33,2856
2016,10,8,34,1050
2016,10,8,35,2662
2016,10,8,36,3101
2016,10,8,37,1210
2016,10,8,38,3264
2016,10,8,39,1697
2016,10,8,40,1191
2016,10,8,41,851
2016,10,8,42,1448
2016,10,8,43,2099
2016,10,8,44,1178
2016,10,8,45,3243
2016,10,8,46,2321
2016,10,8,47,850
2016,10,8,48,2117
2016,10,8,49,1177
2016,10,8,50,2609
2016,10,9,1,733
2016,10,9,2,2057
2016,10,9,3,1166
2016,10,9,4,737
2016,10,9,5,599
2016,10,9,6,2018
2016,10,9,7,1972
2016,10,9,8,2709
2016,10,9,9,1787
2016,10,9,10,2668
2016,10,9,11,2451
2016,10,9,12,2443
2016,10,9,13,2950
2016,10,9,14,2080
2016,10,9,15,3133
2016,10,9,16,892
2016,10,9,17,1136
2016,10,9,18,2840
2016,10,9,19,1409
2016,10,9,20,1631
2016,10,9,21,1361
2016,10,9,22,2759
2016,10,9,23,1059
2016,10,9,24,2267
2016,10,9,25,2809
2016,10,9,26,1620
2016,10,9,27,795
2016,10,9,28,3093
2016,10,9,29,2379
2016,10,9,30,1421
2016,10,9,31,1962
2016,10,9,32,1489
2016,10,9,33,2422
2016,10,9,34,937
2016,10,9,35,2320
2016,10,9,36,2781
2016,10,9,37,988
2016,10,9,38,2866
2016,10,9,39,1596
2016,10,9,40,1005
2016,10,9,41,719
2016,10,9,42,1299
2016,10,9,43,1760
2016,10,9,44,1014
2016,10,9,45,2813
2016,10,9,46,2015
2016,10,9,47,735
2016,10,9,48,1765
2016,10,9,49,1029
2016,10,9,50,2330
2016,10,10,1,849
2016,10,10,2,2170
2016,10,10,3,1413
2016,10,10,4,844
2016,10,10,5,669
2016,10,10,6,2192
2016,10,10,7,2144
2016,10,10,8,2812
2016,10,10,9,1923
2016,10,10,10,2716
2016,10,10,11,2603
2016,10,10,12,2584
2016,10,10,13,3179
2016,10,10,14,2160
2016,10,10,15,3296
2016,10,10,16,989
2016,10,10,17,1238
2016,10,10,18,3124
2016,10,10,19,1547
2016,10,10,20,1756
2016,10,10,21,1499
2016,10,10,22,2911
2016,10,10,23,1088
2016,10,10,24,2505
2016,10,10,25,3005
2016,10,10,26,1702
2016,10,10,27,852
2016,10,10,28,3303
2016,10,10,29,2556
2016,10,10,30,1616
2016,10,10,31,2259
2016,10,10,32,1721
2016,10,10,33,2598
2016,10,10,34,981
2016,10,10,35,2432
2016,10,10,36,2943
2016,10,10,37,1069
2016,10,10,38,3032
2016,10,10,39,1598
2016,10,10,40,1073
2016,10,10,41,829
2016,10,10,42,1325
2016,10,10,43,1894
2016,10,10,44,1070
2016,10,10,45,2952
2016,10,10,46,2180
2016,10,10,47,832
2016,10,10,48,1897
2016,10,10,49,1035
2016,10,10,50,2495
2016,11,1,1,662
2016,11,1,2,1789
2016,11,1,3,1134
2016,11,1,4,643
2016,11,1,5,559
2016,11,1,6,1801
2016,11,1,7,1801
2016,11,1,8,2296
2016,11,1,9,1562
2016,11,1,10,2262
2016,11,1,11,2230
2016,11,1,12,2121
2016,11,1,13,2654
2016,11,1,14,1806
2016,11,1,15,2740
2016,11,1,16,823
2016,11,1,17,1026
2016,11,1,18,2595
2016,11,1,19,1269
2016,11,1,20,1431
2016,11,1,21,1198
2016,11,1,22,2604
2016,11,1,23,910
2016,11,1,24,2025
2016,11,1,25,2507
2016,11,1,26,1529
2016,11,1,27,706
2016,11,1,28,2686
2016,11,1,29,2143
2016,11,1,30,1254
2016,11,1,31,1713
2016,11,1,32,1347
2016,11,1,33,2112
2016,11,1,34,781
2016,11,1,35,2066
2016,11,1,36,2431
2016,11,1,37,932
2016,11,1,38,2482
2016,11,1,39,1351
2016,11,1,40,866
2016,11,1,41,698
2016,11,1,42,1126
2016,11,1,43,1557
2016,11,1,44,858
2016,11,1,45,2502
2016,11,1,46,1819
2016,11,1,47,720
2016,11,1,48,1531
2016,11,1,49,916
2016,11,1,50,2004
2016,11,2,1,938
2016,11,2,2,2558
2016,11,2,3,1666
2016,11,2,4,971
2016,11,2,5,844
2016,11,2,6,2728
2016,11,2,7,2539
2016,11,2,8,3303
2016,11,2,9,2265
2016,11,2,10,3280
2016,11,2,11,3041
2016,11,2,12,2943
2016,11,2,13,3651
2016,11,2,14,2577
2016,11,2,15,3877
2016,11,2,16,1125
2016,11,2,17,1455
2016,11,2,18,3702
2016,11,2,19,1712
2016,11,2,20,2117
2016,11,2,21,1797
2016,11,2,22,3518
2016,11,2,23,1336
2016,11,2,24,2833
2016,11,2,25,3462
2016,11,2,26,2172
2016,11,2,27,968
2016,11,2,28,3818
2016,11,2,29,3069
2016,11,2,30,1729
2016,11,2,31,2562
2016,11,2,32,1933
2016,11,2,33,3062
2016,11,2,34,1171
2016,11,2,35,2905
2016,11,2,36,3291
2016,11,2,37,1271
2016,11,2,38,3444
2016,11,2,39,1945
2016,11,2,40,1309
2016,11,2,41,929
2016,11,2,42,1652
2016,11,2,43,2315
2016,11,2,44,1304
2016,11,2,45,3532
2016,11,2,46,2613
2016,11,2,47,975
2016,11,2,48,2288
2016,11,2,49,1301
2016,11,2,50,2909
2016,11,3,1,842
2016,11,3,2,2185
2016,11,3,3,1378
2016,11,3,4,871
2016,11,3,5,752
2016,11,3,6,2269
2016,11,3,7,2305
2016,11,3,8,2930
2016,11,3,9,1961
2016,11,3,10,2898
2016,11,3,11,2599
2016,11,3,12,2685
2016,11,3,13,3227
2016,11,3,14,2271
2016,11,3,15,3414
2016,11,3,16,963
2016,11,3,17,1337
2016,11,3,18,3288
2016,11,3,19,1549
2016,11,3,20,1785
2016,11,3,21,1575
2016,11,3,22,3052
2016,11,3,23,1141
2016,11,3,24,2518
2016,11,3,25,3073
2016,11,3,26,1871
2016,11,3,27,870
2016,11,3,28,3519
2016,11,3,29,2665
2016,11,3,30,1601
2016,11,3,31,2214
2016,11,3,32,1659
2016,11,3,33,2680
2016,11,3,34,1021
2016,11,3,35,2535
2016,11,3,36,3016
2016,11,3,37,1143
2016,11,3,38,3139
2016,11,3,39,1676
2016,11,3,40,1173
2016,11,3,41,847
2016,11,3,42,1489
2016,11,3,43,1980
2016,11,3,44,1119
2016,11,3,45,3114
2016,11,3,46,2157
2016,11,3,47,856
2016,11,3,48,2020
2016,11,3,49,1137
2016,11,3,50,2559
2016,11,4,1,724
2016,11,4,2,2122
2016,11,4,3,1343
2016,11,4,4,813
2016,11,4,5,679
2016,11,4,6,2012
2016,11,4,7,2072
2016,11,4,8,2834
2016,11,4,9,1868
2016,11,4,10,2619
2016,11,4,11,2509
2016,11,4,12,2526
2016,11,4,13,3030
2016,11,4,14,2140
2016,11,4,15,3102
2016,11,4,16,914
2016,11,4,17,1136
2016,11,4,18,3074
2016,11,4,19,1472
2016,11,4,20,1702
2016,11,4,21,1445
2016,11,4,22,2907
2016,11,4,23,1103
2016,11,4,24,2292
2016,11,4,25,2971
2016,11,4,26,1685
2016,11,4,27,783
2016,11,4,28,3198
2016,11,4,29,2525
2016,11,4,30,1490
2016,11,4,31,2130
2016,11,4,32,1547
2016,11,4,33,2469
2016,11,4,34,882
2016,11,4,35,2330
2016,11,4,36,2702
2016,11,4,37,1107
2016,11,4,38,2899
2016,11,4,39,1628
2016,11,4,40,967
2016,11,4,41,796
2016,11,4,42,1274
2016,11,4,43,1836
2016,11,4,44,1077
2016,11,4,45,2871
2016,11,4,46,2109
2016,11,4,47,797
2016,11,4,48,1864
2016,11,4,49,1072
2016,11,4,50,2369
2016,11,5,1,569
2016,11,5,2,1520
2016,11,5,3,972
2016,11,5,4,593
2016,11,5,5,471
2016,11,5,6,1481
2016,11,5,7,1483
2016,11,5,8,2068
2016,11,5,9,1286
2016,11,5,10,1837
2016,11,5,11,1825
2016,11,5,12,1918
2016,11,5,13,2228
2016,11,5,14,1493
2016,11,5,15,2297
2016,11,5,16,681
2016,11,5,17,862
2016,11,5,18,2189
2016,11,5,19,1054
2016,11,5,20,1146
2016,11,5,21,1062
2016,11,5,22,2107
2016,11,5,23,741
2016,11,5,24,1703
2016,11,5,25,2102
2016,11,5,26,1288
2016,11,5,27,580
2016,11,5,28,2286
2016,11,5,29,1807
2016,11,5,30,1037
2016,11,5,31,1500
2016,11,5,32,1158
2016,11,5,33,1832
2016,11,5,34,702
2016,11,5,35,1713
2016,11,5,36,1966
2016,11,5,37,720
2016,11,5,38,2082
2016,11,5,39,1227
2016,11,5,40,782
2016,11,5,41,572
2016,11,5,42,960
2016,11,5,43,1385
2016,11,5,44,833
2016,11,5,45,2107
2016,11,5,46,1592
2016,11,5,47,600
2016,11,5,48,1311
2016,11,5,49,767
2016,11,5,50,1680
2016,11,6,1,563
2016,11,6,2,1513
2016,11,6,3,923
2016,11,6,4,594
2016,11,6,5,471
2016,11,6,6,1549
2016,11,6,7,1511
2016,11,6,8,1981
2016,11,6,9,1362
2016,11,6,10,1896
2016,11,6,11,1779
2016,11,6,12,1798
2016,11,6,13,2173
2016,11,6,14,1547
2016,11,6,15,2250
2016,11,6,16,651
2016,11,6,17,813
2016,11,6,18,2155
2016,11,6,19,1043
2016,11,6,20,1263
2016,11,6,21,1031
2016,11,6,22,2097
2016,11,6,23,755
2016,11,6,24,1788
2016,11,6,25,2096
2016,11,6,26,1193
2016,11,6,27,590
2016,11,6,28,2110
2016,11,6,29,1799
2016,11,6,30,1019
2016,11,6,31,1539
2016,11,6,32,1146
2016,11,6,33,1808
2016,11,6,34,663
2016,11,6,35,1694
2016,11,6,36,1917
2016,11,6,37,759
2016,11,6,38,2035
2016,11,6,39,1138
2016,11,6,40,746
2016,11,6,41,538
2016,11,6,42,943
2016,11,6,43,1371
2016,11,6,44,749
2016,11,6,45,2151
2016,11,6,46,1549
2016,11,6,47,561
2016,11,6,48,1295
2016,11,6,49,745
2016,11,6,50,1731
2016,11,7,1,489
2016,11,7,2,1388
2016,11,7,3,864
2016,11,7,4,541
2016,11,7,5,434
2016,11,7,6,1403
2016,11,7,7,1406
2016,11,7,8,1870
2016,11,7,9,1275
2016,11,7,10,1758
2016,11,7,11,1620
2016,11,7,12,1677
2016,11,7,13,1993
2016,11,7,14,1429
2016,11,7,15,2144
2016,11,7,16,582
2016,11,7,17,750
2016,11,7,18,1974
2016,11,7,19,1047
2016,11,7,20,1166
2016,11,7,21,1041
2016,11,7,22,1890
2016,11,7,23,715
2016,11,7,24,1608
2016,11,7,25,1946
2016,11,7,26,1085
2016,11,7,27,513
2016,11,7,28,2092
2016,11,7,29,1678
2016,11,7,30,1010
2016,11,7,31,1410
2016,11,7,32,1022
2016,11,7,33,1657
2016,11,7,34,655
2016,11,7,35,1594
2016,11,7,36,1803
2016,11,7,37,706
2016,11,7,38,1848
2016,11,7,39,1071
2016,11,7,40,718
2016,11,7,41,522
2016,11,7,42,853
2016,11,7,43,1248
2016,11,7,44,687
2016,11,7,45,1907
2016,11,7,46,1402
2016,11,7,47,527
2016,11,7,48,1261
2016,11,7,49,705
2016,11,7,50,1533
2016,11,8,1,892
2016,11,8,2,2499
2016,11,8,3,1524
2016,11,8,4,924
2016,11,8,5,788
2016,11,8,6,2496
2016,11,8,7,2441
2016,11,8,8,3171
2016,11,8,9,2221
2016,11,8,10,3066
2016,11,8,11,2870
2016,11,8,12,2860
2016,11,8,13,3510
2016,11,8,14,2399
2016,11,8,15,3697
2016,11,8,16,1069
2016,11,8,17,1375
2016,11,8,18,3525
2016,11,8,19,1671
2016,11,8,20,2089
2016,11,8,21,1716
2016,11,8,22,3373
2016,11,8,23,1158
2016,11,8,24,2782
2016,11,8,25,3277
2016,11,8,26,2108
2016,11,8,27,937
2016,11,8,28,3674
2016,11,8,29,2935
2016,11,8,30,1646
2016,11,8,31,2392
2016,11,8,32,1852
2016,11,8,33,2917
2016,11,8,34,1083
2016,11,8,35,2783
2016,11,8,36,3272
2016,11,8,37,1270
2016,11,8,38,3457
2016,11,8,39,1822
2016,11,8,40,1271
2016,11,8,41,874
2016,11,8,42,1522
2016,11,8,43,2127
2016,11,8,44,1196
2016,11,8,45,3370
2016,11,8,46,2417
2016,11,8,47,911
2016,11,8,48,2100
2016,11,8,49,1225
2016,11,8,50,2687
2016,11,9,1,801
2016,11,9,2,2162
2016,11,9,3,1255
2016,11,9,4,721
2016,11,9,5,658
2016,11,9,6,2063
2016,11,9,7,2113
2016,11,9,8,2707
2016,11,9,9,1888
2016,11,9,10,2648
2016,11,9,11,2558
2016,11,9,12,2450
2016,11,9,13,3016
2016,11,9,14,2032
2016,11,9,15,3174
2016,11,9,16,937
2016,11,9,17,1248
2016,11,9,18,2979
2016,11,9,19,1435
2016,11,9,20,1660
2016,11,9,21,1509
2016,11,9,22,2859
2016,11,9,23,1054
2016,11,9,24,2351
2016,11,9,25,2920
2016,11,9,26,1760
2016,11,9,27,870
2016,11,9,28,3255
2016,11,9,29,2381
2016,11,9,30,1422
2016,11,9,31,2107
2016,11,9,32,1539
2016,11,9,33,2617
2016,11,9,34,870
2016,11,9,35,2360
2016,11,9,36,2721
2016,11,9,37,1054
2016,11,9,38,2746
2016,11,9,39,1606
2016,11,9,40,1028
2016,11,9,41,824
2016,11,9,42,1417
2016,11,9,43,1854
2016,11,9,44,1068
2016,11,9,45,2819
2016,11,9,46,2167
2016,11,9,47,783
2016,11,9,48,1886
2016,11,9,49,1064
2016,11,9,50,2445
2016,11,10,1,854
2016,11,10,2,2252
2016,11,10,3,1473
2016,11,10,4,837
2016,11,10,5,754
2016,11,10,6,2250
2016,11,10,7,2149
2016,11,10,8,2959
2016,11,10,9,1975
2016,11,10,10,2834
2016,11,10,11,2678
2016,11,10,12,2672
2016,11,10,13,3223
2016,11,10,14,2197
2016,11,10,15,3365
2016,11,10,16,966
2016,11,10,17,1225
2016,11,10,18,3214
2016,11,10,19,1555
2016,11,10,20,1841
2016,11,10,21,1494
2016,11,10,22,3167
2016,11,10,23,1107
2016,11,10,24,2531
2016,11,10,25,3058
2016,11,10,26,1804
2016,11,10,27,829
2016,11,10,28,3405
2016,11,10,29,2661
2016,11,10,30,1475
2016,11,10,31,2210
2016,11,10,32,1653
2016,11,10,33,2634
2016,11,10,34,991
2016,11,10,35,2513
2016,11,10,36,2961
2016,11,10,37,1107
2016,11,10,38,3132
2016,11,10,39,1661
2016,11,10,40,1094
2016,11,10,41,825
2016,11,10,42,1467
2016,11,10,43,2025
2016,11,10,44,1117
2016,11,10,45,3155
2016,11,10,46,2343
2016,11,10,47,865
2016,11,10,48,1995
2016,11,10,49,1103
2016,11,10,50,2581
2016,12,1,1,496
2016,12,1,2,1338
2016,12,1,3,831
2016,12,1,4,555
2016,12,1,5,440
2016,12,1,6,1382
2016,12,1,7,1298
2016,12,1,8,1859
2016,12,1,9,1137
2016,12,1,10,1667
2016,12,1,11,1589
2016,12,1,12,1556
2016,12,1,13,1934
2016,12,1,14,1366
2016,12,1,15,1983
2016,12,1,16,580
2016,12,1,17,754
2016,12,1,18,1974
2016,12,1,19,972
2016,12,1,20,1135
2016,12,1,21,911
2016,12,1,22,1918
2016,12,1,23,684
2016,12,1,24,1536
2016,12,1,25,1905
2016,12,1,26,992
2016,12,1,27,494
2016,12,1,28,2103
2016,12,1,29,1537
2016,12,1,30,903
2016,12,1,31,1323
2016,12,1,32,1019
2016,12,1,33,1562
2016,12,1,34,628
2016,12,1,35,1543
2016,12,1,36,1759
2016,12,1,37,651
2016,12,1,38,1879
2016,12,1,39,1016
2016,12,1,40,727
2016,12,1,41,501
2016,12,1,42,885
2016,12,1,43,1208
2016,12,1,44,641
2016,12,1,45,1824
2016,12,1,46,1350
2016,12,1,47,515
2016,12,1,48,1150
2016,12,1,49,703
2016,12,1,50,1533
2016,12,2,1,728
2016,12,2,2,1837
2016,12,2,3,1232
2016,12,2,4,721
2016,12,2,5,583
2016,12,2,6,1922
2016,12,2,7,1895
2016,12,2,8,2547
2016,12,2,9,1596
2016,12,2,10,2316
2016,12,2,11,2250
2016,12,2,12,2310
2016,12,2,13,2722
2016,12,2,14,1931
2016,12,2,15,2811
2016,12,2,16,885
2016,12,2,17,1109
2016,12,2,18,2727
2016,12,2,19,1303
2016,12,2,20,1538
2016,12,2,21,1284
2016,12,2,22,2599
2016,12,2,23,946
2016,12,2,24,2170
2016,12,2,25,2679
2016,12,2,26,1554
2016,12,2,27,717
2016,12,2,28,2768
2016,12,2,29,2228
2016,12,2,30,1313
2016,12,2,31,1936
2016,12,2,32,1493
2016,12,2,33,2230
2016,12,2,34,856
2016,12,2,35,2099
2016,12,2,36,2593
2016,12,2,37,985
2016,12,2,38,2594
2016,12,2,39,1421
2016,12,2,40,961
2016,12,2,41,671
2016,12,2,42,1186
2016,12,2,43,1709
2016,12,2,44,951
2016,12,2,45,2715
2016,12,2,46,1911
2016,12,2,47,747
2016,12,2,48,1730
2016,12,2,49,935
2016,12,2,50,2195
2016,12,3,1,671
2016,12,3,2,1730
2016,12,3,3,1079
2016,12,3,4,637
2016,12,3,5,507
2016,12,3,6,1607
2016,12,3,7,1682
2016,12,3,8,2276
2016,12,3,9,1523
2016,12,3,10,2112
2016,12,3,11,1960
2016,12,3,12,2023
2016,12,3,13,2436
2016,12,3,14,1729
2016,12,3,15,2462
2016,12,3,16,753
2016,12,3,17,943
2016,12,3,18,2380
2016,12,3,19,1156
2016,12,3,20,1368
2016,12,3,21,1157
2016,12,3,22,2310
2016,12,3,23,796
2016,12,3,24,1902
2016,12,3,25,2332
2016,12,3,26,1414
2016,12,3,27,629
2016,12,3,28,2648
2016,12,3,29,1990
2016,12,3,30,1180
2016,12,3,31,1755
2016,12,3,32,1257
2016,12,3,33,2015
2016,12,3,34,704
2016,12,3,35,1882
2016,12,3,36,2202
2016,12,3,37,804
2016,12,3,38,2352
2016,12,3,39,1232
2016,12,3,40,883
2016,12,3,41,649
2016,12,3,42,1054
2016,12,3,43,1440
2016,12,3,44,856
2016,12,3,45,2390
2016,12,3,46,1612
2016,12,3,47,640
2016,12,3,48,1518
2016,12,3,49,858
2016,12,3,50,1936
2016,12,4,1,598
2016,12,4,2,1550
2016,12,4,3,899
2016,12,4,4,555
2016,12,4,5,489
2016,12,4,6,1615
2016,12,4,7,1535
2016,12,4,8,2077
2016,12,4,9,1347
2016,12,4,10,2018
2016,12,4,11,1857
2016,12,4,12,1818
2016,12,4,13,2241
2016,12,4,14,1579
2016,12,4,15,2351
2016,12,4,16,695
2016,12,4,17,866
2016,12,4,18,2332
2016,12,4,19,1106
2016,12,4,20,1262
2016,12,4,21,1072
2016,12,4,22,2192
2016,12,4,23,853
2016,12,4,24,1758
2016,12,4,25,2198
2016,12,4,26,1351
2016,12,4,27,582
2016,12,4,28,2363
2016,12,4,29,1741
2016,12,4,30,1126
2016,12,4,31,1527
2016,12,4,32,1166
2016,12,4,33,1860
2016,12,4,34,673
2016,12,4,35,1695
2016,12,4,36,2145
2016,12,4,37,784
2016,12,4,38,2206
2016,12,4,39,1126
2016,12,4,40,761
2016,12,4,41,619
2016,12,4,42,963
2016,12,4,43,1373
2016,12,4,44,769
2016,12,4,45,2167
2016,12,4,46,1570
2016,12,4,47,557
2016,12,4,48,1393
2016,12,4,49,750
2016,12,4,50,1754
2016,12,5,1,422
2016,12,5,2,1154
2016,12,5,3,698
2016,12,5,4,454
2016,12,5,5,351
2016,12,5,6,1140
2016,12,5,7,1111
2016,12,5,8,1509
2016,12,5,9,1003
2016,12,5,10,1390
2016,12,5,11,1372
2016,12,5,12,1349
2016,12,5,13,1614
2016,12,5,14,1130
2016,12,5,15,1657
2016,12,5,16,492
2016,12,5,17,608
2016,12,5,18,1598
2016,12,5,19,789
2016,12,5,20,950
2016,12,5,21,816
2016,12,5,22,1516
2016,12,5,23,564
2016,12,5,24,1252
2016,12,5,25,1592
2016,12,5,26,968
2016,12,5,27,457
2016,12,5,28,1662
2016,12,5,29,1311
2016,12,5,30,835
2016,12,5,31,1172
2016,12,5,32,827
2016,12,5,33,1336
2016,12,5,34,476
2016,12,5,35,1218
2016,12,5,36,1535
2016,12,5,37,589
2016,12,5,38,1602
2016,12,5,39,856
2016,12,5,40,571
2016,12,5,41,450
2016,12,5,42,648
2016,12,5,43,1000
2016,12,5,44,561
2016,12,5,45,1588
2016,12,5,46,1183
2016,12,5,47,413
2016,12,5,48,949
2016,12,5,49,561
2016,12,5,50,1233
2016,12,6,1,467
2016,12,6,2,1193
2016,12,6,3,731
2016,12,6,4,420
2016,12,6,5,309
2016,12,6,6,1123
2016,12,6,7,1193
2016,12,6,8,1406
2016,12,6,9,1044
2016,12,6,10,1436
2016,12,6,11,1321
2016,12,6,12,1304
2016,12,6,13,1616
2016,12,6,14,1124
2016,12,6,15,1657
2016,12,6,16,501
2016,12,6,17,616
2016,12,6,18,1646
2016,12,6,19,763
2016,12,6,20,904
2016,12,6,21,777
2016,12,6,22,1579
2016,12,6,23,536
2016,12,6,24,1315
2016,12,6,25,1560
2016,12,6,26,969
2016,12,6,27,400
2016,12,6,28,1703
2016,12,6,29,1354
2016,12,6,30,807
2016,12,6,31,1185
2016,12,6,32,833
2016,12,6,33,1387
2016,12,6,34,486
2016,12,6,35,1316
2016,12,6,36,1441
2016,12,6,37,580
2016,12,6,38,1507
2016,12,6,39,847
2016,12,6,40,549
2016,12,6,41,412
2016,12,6,42,695
2016,12,6,43,970
2016,12,6,44,592
2016,12,6,45,1526
2016,12,6,46,1137
2016,12,6,47,451
2016,12,6,48,1022
2016,12,6,49,553
2016,12,6,50,1268
2016,12,7,1,392
2016,12,7,2,1039
2016,12,7,3,650
2016,12,7,4,361
2016,12,7,5,311
2016,12,7,6,1037
2016,12,7,7,1043
2016,12,7,8,1365
2016,12,7,9,906
2016,12,7,10,1289
2016,12,7,11,1163
2016,12,7,12,1154
2016,12,7,13,1533
2016,12,7,14,1027
2016,12,7,15,1548
2016,12,7,16,435
2016,12,7,17,609
2016,12,7,18,1498
2016,12,7,19,727
2016,12,7,20,886
2016,12,7,21,701
2016,12,7,22,1486
2016,12,7,23,526
2016,12,7,24,1117
2016,12,7,25,1430
2016,12,7,26,826
2016,12,7,27,390
2016,12,7,28,1600
2016,12,7,29,1246
2016,12,7,30,721
2016,12,7,31,1057
2016,12,7,32,688
2016,12,7,33,1249
2016,12,7,34,436
2016,12,7,35,1157
2016,12,7,36,1333
2016,12,7,37,512
2016,12,7,38,1428
2016,12,7,39,793
2016,12,7,40,511
2016,12,7,41,341
2016,12,7,42,684
2016,12,7,43,883
2016,12,7,44,513
2016,12,7,45,1452
2016,12,7,46,1052
2016,12,7,47,380
2016,12,7,48,912
2016,12,7,49,523
2016,12,7,50,1170
2016,12,8,1,677
2016,12,8,2,1893
2016,12,8,3,1153
2016,12,8,4,717
2016,12,8,5,588
2016,12,8,6,1754
2016,12,8,7,1903
2016,12,8,8,2427
2016,12,8,9,1598
2016,12,8,10,2372
2016,12,8,11,2224
2016,12,8,12,2210
2016,12,8,13,2647
2016,12,8,14,1766
2016,12,8,15,2834
2016,12,8,16,827
2016,12,8,17,1052
2016,12,8,18,2715
2016,12,8,19,1278
2016,12,8,20,1525
2016,12,8,21,1241
2016,12,8,22,2524
2016,12,8,23,877
2016,12,8,24,2045
2016,12,8,25,2511
2016,12,8,26,1460
2016,12,8,27,758
2016,12,8,28,2671
2016,12,8,29,2130
2016,12,8,30,1223
2016,12,8,31,1852
2016,12,8,32,1366
2016,12,8,33,2108
2016,12,8,34,822
2016,12,8,35,2008
2016,12,8,36,2280
2016,12,8,37,926
2016,12,8,38,2488
2016,12,8,39,1412
2016,12,8,40,900
2016,12,8,41,702
2016,12,8,42,1122
2016,12,8,43,1636
2016,12,8,44,882
2016,12,8,45,2452
2016,12,8,46,1809
2016,12,8,47,698
2016,12,8,48,1670
2016,12,8,49,840
2016,12,8,50,2046
2016,12,9,1,565
2016,12,9,2,1594
2016,12,9,3,961
2016,12,9,4,618
2016,12,9,5,451
2016,12,9,6,1562
2016,12,9,7,1535
2016,12,9,8,1947
2016,12,9,9,1317
2016,12,9,10,1949
2016,12,9,11,1873
2016,12,9,12,1860
2016,12,9,13,2225
2016,12,9,14,1569
2016,12,9,15,2400
2016,12,9,16,663
2016,12,9,17,905
2016,12,9,18,2183
2016,12,9,19,1120
2016,12,9,20,1287
2016,12,9,21,1089
2016,12,9,22,2219
2016,12,9,23,750
2016,12,9,24,1779
2016,12,9,25,2236
2016,12,9,26,1280
2016,12,9,27,597
2016,12,9,28,2351
2016,12,9,29,1887
2016,12,9,30,1086
2016,12,9,31,1539
2016,12,9,32,1108
2016,12,9,33,1799
2016,12,9,34,713
2016,12,9,35,1750
2016,12,9,36,2033
2016,12,9,37,758
2016,12,9,38,2118
2016,12,9,39,1154
2016,12,9,40,811
2016,12,9,41,530
2016,12,9,42,960
2016,12,9,43,1378
2016,12,9,44,779
2016,12,9,45,2132
2016,12,9,46,1623
2016,12,9,47,533
2016,12,9,48,1349
2016,12,9,49,795
2016,12,9,50,1780
2016,12,10,1,662
2016,12,10,2,1672
2016,12,10,3,1042
2016,12,10,4,591
2016,12,10,5,539
2016,12,10,6,1671
2016,12,10,7,1648
2016,12,10,8,2189
2016,12,10,9,1448
2016,12,10,10,2010
2016,12,10,11,1941
2016,12,10,12,1995
2016,12,10,13,2375
2016,12,10,14,1712
2016,12,10,15,2473
2016,12,10,16,713
2016,12,10,17,932
2016,12,10,18,2357
2016,12,10,19,1173
2016,12,10,20,1341
2016,12,10,21,1079
2016,12,10,22,2362
2016,12,10,23,849
2016,12,10,24,1873
2016,12,10,25,2311
2016,12,10,26,1413
2016,12,10,27,615
2016,12,10,28,2523
2016,12,10,29,2025
2016,12,10,30,1167
2016,12,10,31,1736
2016,12,10,32,1203
2016,12,10,33,1989
2016,12,10,34,758
2016,12,10,35,1817
2016,12,10,36,2157
2016,12,10,37,876
2016,12,10,38,2235
2016,12,10,39,1227
2016,12,10,40,851
2016,12,10,41,658
2016,12,10,42,1045
2016,12,10,43,1459
2016,12,10,44,838
2016,12,10,45,2267
2016,12,10,46,1754
2016,12,10,47,615
2016,12,10,48,1503
2016,12,10,49,828
2016,12,10,50,1922
2017,1,1,1,485
2017,1,1,2,1202
2017,1,1,3,788
2017,1,1,4,488
2017,1,1,5,407
2017,1,1,6,1283
2017,1,1,7,1221
2017,1,1,8,1616
2017,1,1,9,1106
2017,1,1,10,1644
2017,1,1,11,1490
2017,1,1,12,1463
2017,1,1,13,1757
2017,1,1,14,1175
2017,1,1,15,2015
2017,1,1,16,527
2017,1,1,17,677
2017,1,1,18,1825
2017,1,1,19,864
2017,1,1,20,1025
2017,1,1,21,838
2017,1,1,22,1714
2017,1,1,23,664
2017,1,1,24,1439
2017,1,1,25,1757
2017,1,1,26,949
2017,1,1,27,468
2017,1,1,28,1805
2017,1,1,29,1560
2017,1,1,30,843
2017,1,1,31,1216
2017,1,1,32,934
2017,1,1,33,1551
2017,1,1,34,568
2017,1,1,35,1420
2017,1,1,36,1619
2017,1,1,37,603
2017,1,1,38,1794
2017,1,1,39,963
2017,1,1,40,631
2017,1,1,41,507
2017,1,1,42,768
2017,1,1,43,1089
2017,1,1,44,667
2017,1,1,45,1725
2017,1,1,46,1277
2017,1,1,47,463
2017,1,1,48,1119
2017,1,1,49,672
2017,1,1,50,1405
2017,1,2,1,665
2017,1,2,2,1733
2017,1,2,3,1159
2017,1,2,4,679
2017,1,2,5,586
2017,1,2,6,1830
2017,1,2,7,1800
2017,1,2,8,2267
2017,1,2,9,1617
2017,1,2,10,2264
2017,1,2,11,2076
2017,1,2,12,2119
2017,1,2,13,2481
2017,1,2,14,1805
2017,1,2,15,2716
2017,1,2,16,772
2017,1,2,17,1019
2017,1,2,18,2477
2017,1,2,19,1261
2017,1,2,20,1430
2017,1,2,21,1212
2017,1,2,22,2369
2017,1,2,23,880
2017,1,2,24,1924
2017,1,2,25,2340
2017,1,2,26,1485
2017,1,2,27,694
2017,1,2,28,2596
2017,1,2,29,2152
2017,1,2,30,1200
2017,1,2,31,1726
2017,1,2,32,1255
2017,1,2,33,2111
2017,1,2,34,777
2017,1,2,35,1997
2017,1,2,36,2327
2017,1,2,37,866
2017,1,2,38,2337
2017,1,2,39,1291
2017,1,2,40,858
2017,1,2,41,653
2017,1,2,42,1132
2017,1,2,43,1560
2017,1,2,44,850
2017,1,2,45,2446
2017,1,2,46,1699
2017,1,2,47,653
2017,1,2,48,1577
2017,1,2,49,894
2017,1,2,50,1927
2017,1,3,1,614
2017,1,3,2,1515
2017,1,3,3,1014
2017,1,3,4,620
2017,1,3,5,515
2017,1,3,6,1630
2017,1,3,7,1592
2017,1,3,8,2067
2017,1,3,9,1432
2017,1,3,10,2041
2017,1,3,11,1925
2017,1,3,12,1887
2017,1,3,13,2303
2017,1,3,14,1617
2017,1,3,15,2414
2017,1,3,16,732
2017,1,3,17,895
2017,1,3,18,2230
2017,1,3,19,1077
2017,1,3,20,1344
2017,1,3,21,1134
2017,1,3,22,2148
2017,1,3,23,781
2017,1,3,24,1851
2017,1,3,25,2157
2017,1,3,26,1258
2017,1,3,27,603
2017,1,3,28,2375
2017,1,3,29,1831
2017,1,3,30,1106
2017,1,3,31,1529
2017,1,3,32,1176
2017,1,3,33,1830
2017,1,3,34,731
2017,1,3,35,1764
2017,1,3,36,2145
2017,1,3,37,839
2017,1,3,38,2177
2017,1,3,39,1243
2017,1,3,40,803
2017,1,3,41,586
2017,1,3,42,985
2017,1,3,43,1316
2017,1,3,44,765
2017,1,3,45,2180
2017,1,3,46,1550
2017,1,3,47,577
2017,1,3,48,1396
2017,1,3,49,813
2017,1,3,50,1769
2017,1,4,1,561
2017,1,4,2,1411
2017,1,4,3,940
2017,1,4,4,555
2017,1,4,5,460
2017,1,4,6,1440
2017,1,4,7,1452
2017,1,4,8,1908
2017,1,4,9,1253
2017,1,4,10,1831
2017,1,4,11,1701
2017,1,4,12,1683
2017,1,4,13,2050
2017,1,4,14,1445
2017,1,4,15,2127
2017,1,4,16,644
2017,1,4,17,831
2017,1,4,18,2125
2017,1,4,19,1045
2017,1,4,20,1184
2017,1,4,21,1014
2017,1,4,22,1963
2017,1,4,23,773
2017,1,4,24,1672
2017,1,4,25,1941
2017,1,4,26,1206
2017,1,4,27,529
2017,1,4,28,2156
2017,1,4,29,1715
2017,1,4,30,998
2017,1,4,31,1499
2017,1,4,32,1090
2017,1,4,33,1671
2017,1,4,34,651
2017,1,4,35,1643
2017,1,4,36,1984
2017,1,4,37,756
2017,1,4,38,2058
2017,1,4,39,1119
2017,1,4,40,698
2017,1,4,41,555
2017,1,4,42,922
2017,1,4,43,1287
2017,1,4,44,720
2017,1,4,45,2007
2017,1,4,46,1448
2017,1,4,47,573
2017,1,4,48,1284
2017,1,4,49,733
2017,1,4,50,1625
2017,1,5,1,375
2017,1,5,2,1016
2017,1,5,3,618
2017,1,5,4,369
2017,1,5,5,357
2017,1,5,6,1063
2017,1,5,7,986
2017,1,5,8,1372
2017,1,5,9,920
2017,1,5,10,1356
2017,1,5,11,1287
2017,1,5,12,1211
2017,1,5,13,1494
2017,1,5,14,1083
2017,1,5,15,1614
2017,1,5,16,448
2017,1,5,17,592
2017,1,5,18,1525
2017,1,5,19,764
2017,1,5,20,818
2017,1,5,21,721
2017,1,5,22,1433
2017,1,5,23,557
2017,1,5,24,1112
2017,1,5,25,1529
2017,1,5,26,873
2017,1,5,27,396
2017,1,5,28,1603
2017,1,5,29,1211
2017,1,5,30,730
2017,1,5,31,1062
2017,1,5,32,813
2017,1,5,33,1236
2017,1,5,34,511
2017,1,5,35,1188
2017,1,5,36,1348
2017,1,5,37,542
2017,1,5,38,1457
2017,1,5,39,751
2017,1,5,40,483
2017,1,5,41,394
2017,1,5,42,659
2017,1,5,43,917
2017,1,5,44,523
2017,1,5,45,1410
2017,1,5,46,1090
2017,1,5,47,402
2017,1,5,48,901
2017,1,5,49,508
2017,1,5,50,1184
2017,1,6,1,427
2017,1,6,2,1005
2017,1,6,3,640
2017,1,6,4,362
2017,1,6,5,350
2017,1,6,6,1046
2017,1,6,7,1020
2017,1,6,8,1353
2017,1,6,9,953
2017,1,6,10,1338
2017,1,6,11,1239
2017,1,6,12,1273
2017,1,6,13,1539
2017,1,6,14,1075
2017,1,6,15,1551
2017,1,6,16,510
2017,1,6,17,626
2017,1,6,18,1500
2017,1,6,19,699
2017,1,6,20,785
2017,1,6,21,704
2017,1,6,22,1395
2017,1,6,23,495
2017,1,6,24,1178
2017,1,6,25,1446
2017,1,6,26,861
2017,1,6,27,428
2017,1,6,28,1594
2017,1,6,29,1191
2017,1,6,30,743
2017,1,6,31,1096
2017,1,6,32,795
2017,1,6,33,1248
2017,1,6,34,477
2017,1,6,35,1215
2017,1,6,36,1365
2017,1,6,37,528
2017,1,6,38,1439
2017,1,6,39,805
2017,1,6,40,521
2017,1,6,41,396
2017,1,6,42,653
2017,1,6,43,940
2017,1,6,44,554
2017,1,6,45,1469
2017,1,6,46,1066
2017,1,6,47,387
2017,1,6,48,882
2017,1,6,49,515
2017,1,6,50,1236
2017,1,7,1,356
2017,1,7,2,937
2017,1,7,3,545
2017,1,7,4,360
2017,1,7,5,304
2017,1,7,6,984
2017,1,7,7,1013
2017,1,7,8,1312
2017,1,7,9,835
2017,1,7,10,1160
2017,1,7,11,1078
2017,1,7,12,1139
2017,1,7,13,1336
2017,1,7,14,997
2017,1,7,15,1421
2017,1,7,16,406
2017,1,7,17,556
2017,1,7,18,1380
2017,1,7,19,674
2017,1,7,20,798
2017,1,7,21,673
2017,1,7,22,1326
2017,1,7,23,486
2017,1,7,24,1081
2017,1,7,25,1293
2017,1,7,26,769
2017,1,7,27,372
2017,1,7,28,1414
2017,1,7,29,1158
2017,1,7,30,670
2017,1,7,31,973
2017,1,7,32,690
2017,1,7,33,1179
2017,1,7,34,439
2017,1,7,35,1079
2017,1,7,36,1255
2017,1,7,37,494
2017,1,7,38,1241
2017,1,7,39,711
2017,1,7,40,454
2017,1,7,41,398
2017,1,7,42,606
2017,1,7,43,858
2017,1,7,44,478
2017,1,7,45,1337
2017,1,7,46,969
2017,1,7,47,388
2017,1,7,48,831
2017,1,7,49,477
2017,1,7,50,1064
2017,1,8,1,630
2017,1,8,2,1632
2017,1,8,3,1024
2017,1,8,4,597
2017,1,8,5,524
2017,1,8,6,1689
2017,1,8,7,1674
2017,1,8,8,2236
2017,1,8,9,1516
2017,1,8,10,2076
2017,1,8,11,1985
2017,1,8,12,1967
2017,1,8,13,2462
2017,1,8,14,1688
2017,1,8,15,2594
2017,1,8,16,717
2017,1,8,17,936
2017,1,8,18,2451
2017,1,8,19,1150
2017,1,8,20,1366
2017,1,8,21,1167
2017,1,8,22,2354
2017,1,8,23,879
2017,1,8,24,1847
2017,1,8,25,2279
2017,1,8,26,1373
2017,1,8,27,677
2017,1,8,28,2527
2017,1,8,29,1961
2017,1,8,30,1094
2017,1,8,31,1685
2017,1,8,32,1277
2017,1,8,33,2078
2017,1,8,34,766
2017,1,8,35,1903
2017,1,8,36,2228
2017,1,8,37,838
2017,1,8,38,2336
2017,1,8,39,1298
2017,1,8,40,823
2017,1,8,41,696
2017,1,8,42,1087
2017,1,8,43,1528
2017,1,8,44,840
2017,1,8,45,2344
2017,1,8,46,1735
2017,1,8,47,638
2017,1,8,48,1495
2017,1,8,49,876
2017,1,8,50,1897
2017,1,9,1,572
2017,1,9,2,1457
2017,1,9,3,933
2017,1,9,4,515
2017,1,9,5,490
2017,1,9,6,1435
2017,1,9,7,1460
2017,1,9,8,1950
2017,1,9,9,1278
2017,1,9,10,1835
2017,1,9,11,1800
2017,1,9,12,1754
2017,1,9,13,2102
2017,1,9,14,1483
2017,1,9,15,2253
2017,1,9,16,657
2017,1,9,17,831
2017,1,9,18,2099
2017,1,9,19,1031
2017,1,9,20,1193
2017,1,9,21,1032
2017,1,9,22,2036
2017,1,9,23,748
2017,1,9,24,1683
2017,1,9,25,2014
2017,1,9,26,1149
2017,1,9,27,519
2017,1,9,28,2210
2017,1,9,29,1798
2017,1,9,30,986
2017,1,9,31,1478
2017,1,9,32,1118
2017,1,9,33,1753
2017,1,9,34,670
2017,1,9,35,1642
2017,1,9,36,1857
2017,1,9,37,732
2017,1,9,38,1957
2017,1,9,39,1080
2017,1,9,40,709
2017,1,9,41,542
2017,1,9,42,898
2017,1,9,43,1290
2017,1,9,44,696
2017,1,9,45,2040
2017,1,9,46,1431
2017,1,9,47,586
2017,1,9,48,1330
2017,1,9,49,771
2017,1,9,50,1629
2017,1,10,1,551
2017,1,10,2,1573
2017,1,10,3,991
2017,1,10,4,570
2017,1,10,5,525
2017,1,10,6,1609
2017,1,10,7,1555
2017,1,10,8,2002
2017,1,10,9,1371
2017,1,10,10,1941
2017,1,10,11,1863
2017,1,10,12,1788
2017,1,10,13,2302
2017,1,10,14,1498
2017,1,10,15,2300
2017,1,10,16,711
2017,1,10,17,852
2017,1,10,18,2206
2017,1,10,19,1042
2017,1,10,20,1295
2017,1,10,21,1060
2017,1,10,22,2158
2017,1,10,23,807
2017,1,10,24,1684
2017,1,10,25,2107
2017,1,10,26,1282
2017,1,10,27,554
2017,1,10,28,2421
2017,1,10,29,1896
2017,1,10,30,1079
2017,1,10,31,1522
2017,1,10,32,1168
2017,1,10,33,1835
2017,1,10,34,667
2017,1,10,35,1774
2017,1,10,36,2062
2017,1,10,37,806
2017,1,10,38,2147
2017,1,10,39,1209
2017,1,10,40,792
2017,1,10,41,582
2017,1,10,42,967
2017,1,10,43,1442
2017,1,10,44,775
2017,1,10,45,2146
2017,1,10,46,1544
2017,1,10,47,543
2017,1,10,48,1355
2017,1,10,49,754
2017,1,10,50,1744
2017,2,1,1,487
2017,2,1,2,1196
2017,2,1,3,777
2017,2,1,4,464
2017,2,1,5,432
2017,2,1,6,1265
2017,2,1,7,1246
2017,2,1,8,1600
2017,2,1,9,1158
2017,2,1,10,1551
2017,2,1,11,1494
2017,2,1,12,1488
2017,2,1,13,1854
2017,2,1,14,1280
2017,2,1,15,1934
2017,2,1,16,593
2017,2,1,17,722
2017,2,1,18,1711
2017,2,1,19,889
2017,2,1,20,1061
2017,2,1,21,819
2017,2,1,22,1698
2017,2,1,23,614
2017,2,1,24,1458
2017,2,1,25,1692
2017,2,1,26,1058
2017,2,1,27,414
2017,2,1,28,1902
2017,2,1,29,1478
2017,2,1,30,866
2017,2,1,31,1267
2017,2,1,32,946
2017,2,1,33,1452
2017,2,1,34,577
2017,2,1,35,1447
2017,2,1,36,1623
2017,2,1,37,622
2017,2,1,38,1792
2017,2,1,39,889
2017,2,1,40,654
2017,2,1,41,465
2017,2,1,42,808
2017,2,1,43,1059
2017,2,1,44,632
2017,2,1,45,1780
2017,2,1,46,1238
2017,2,1,47,451
2017,2,1,48,1141
2017,2,1,49,621
2017,2,1,50,1433
2017,2,2,1,687
2017,2,2,2,1801
2017,2,2,3,1154
2017,2,2,4,688
2017,2,2,5,527
2017,2,2,6,1769
2017,2,2,7,1735
2017,2,2,8,2328
2017,2,2,9,1590
2017,2,2,10,2212
2017,2,2,11,2153
2017,2,2,12,2146
2017,2,2,13,2530
2017,2,2,14,1798
2017,2,2,15,2674
2017,2,2,16,818
2017,2,2,17,1015
2017,2,2,18,2657
2017,2,2,19,1287
2017,2,2,20,1475
2017,2,2,21,1203
2017,2,2,22,2501
2017,2,2,23,908
2017,2,2,24,2037
2017,2,2,25,2364
2017,2,2,26,1543
2017,2,2,27,650
2017,2,2,28,2605
2017,2,2,29,2104
2017,2,2,30,1290
2017,2,2,31,1682
2017,2,2,32,1281
2017,2,2,33,2122
2017,2,2,34,774
2017,2,2,35,2035
2017,2,2,36,2353
2017,2,2,37,873
2017,2,2,38,2454
2017,2,2,39,1331
2017,2,2,40,899
2017,2,2,41,667
2017,2,2,42,1130
2017,2,2,43,1587
2017,2,2,44,885
2017,2,2,45,2497
2017,2,2,46,1787
2017,2,2,47,670
2017,2,2,48,1577
2017,2,2,49,918
2017,2,2,50,1931
2017,2,3,1,619
2017,2,3,2,1644
2017,2,3,3,986
2017,2,3,4,560
2017,2,3,5,490
2017,2,3,6,1569
2017,2,3,7,1556
2017,2,3,8,2075
2017,2,3,9,1361
2017,2,3,10,2007
2017,2,3,11,1928
2017,2,3,12,1911
2017,2,3,13,2379
2017,2,3,14,1566
2017,2,3,15,2409
2017,2,3,16,695
2017,2,3,17,909
2017,2,3,18,2224
2017,2,3,19,1105
2017,2,3,20,1320
2017,2,3,21,1074
2017,2,3,22,2200
2017,2,3,23,795
2017,2,3,24,1774
2017,2,3,25,2170
2017,2,3,26,1245
2017,2,3,27,591
2017,2,3,28,2401
2017,2,3,29,1937
2017,2,3,30,1079
2017,2,3,31,1579
2017,2,3,32,1183
2017,2,3,33,1872
2017,2,3,34,681
2017,2,3,35,1814
2017,2,3,36,2055
2017,2,3,37,817
2017,2,3,38,2185
2017,2,3,39,1235
2017,2,3,40,776
2017,2,3,41,606
2017,2,3,42,1009
2017,2,3,43,1415
2017,2,3,44,786
2017,2,3,45,2123
2017,2,3,46,1577
2017,2,3,47,608
2017,2,3,48,1400
2017,2,3,49,800
2017,2,3,50,1771
2017,2,4,1,518
2017,2,4,2,1449
2017,2,4,3,928
2017,2,4,4,545
2017,2,4,5,472
2017,2,4,6,1485
2017,2,4,7,1472
2017,2,4,8,1908
2017,2,4,9,1329
2017,2,4,10,1832
2017,2,4,11,1675
2017,2,4,12,1761
2017,2,4,13,2041
2017,2,4,14,1426
2017,2,4,15,2192
2017,2,4,16,647
2017,2,4,17,822
2017,2,4,18,2073
2017,2,4,19,973
2017,2,4,20,1215
2017,2,4,21,1018
2017,2,4,22,2048
2017,2,4,23,785
2017,2,4,24,1668
2017,2,4,25,2005
2017,2,4,26,1170
2017,2,4,27,560
2017,2,4,28,2116
2017,2,4,29,1733
2017,2,4,30,1013
2017,2,4,31,1497
2017,2,4,32,1065
2017,2,4,33,1763
2017,2,4,34,612
2017,2,4,35,1732
2017,2,4,36,1927
2017,2,4,37,715
2017,2,4,38,1910
2017,2,4,39,1147
2017,2,4,40,666
2017,2,4,41,529
2017,2,4,42,937
2017,2,4,43,1286
2017,2,4,44,788
2017,2,4,45,1993
2017,2,4,46,1436
2017,2,4,47,582
2017,2,4,48,1267
2017,2,4,49,747
2017,2,4,50,1595
2017,2,5,1,431
2017,2,5,2,1090
2017,2,5,3,646
2017,2,5,4,408
2017,2,5,5,342
2017,2,5,6,1081
2017,2,5,7,1082
2017,2,5,8,1362
2017,2,5,9,959
2017,2,5,10,1347
2017,2,5,11,1236
2017,2,5,12,1228
2017,2,5,13,1492
2017,2,5,14,1103
2017,2,5,15,1521
2017,2,5,16,446
2017,2,5,17,544
2017,2,5,18,1548
2017,2,5,19,726
2017,2,5,20,887
2017,2,5,21,749
2017,2,5,22,1441
2017,2,5,23,526
2017,2,5,24,1221
2017,2,5,25,1475
2017,2,5,26,882
2017,2,5,27,396
2017,2,5,28,1574
2017,2,5,29,1273
2017,2,5,30,734
2017,2,5,31,1079
2017,2,5,32,805
2017,2,5,33,1279
2017,2,5,34,465
2017,2,5,35,1239
2017,2,5,36,1377
2017,2,5,37,517
2017,2,5,38,1524
2017,2,5,39,777
2017,2,5,40,542
2017,2,5,41,406
2017,2,5,42,659
2017,2,5,43,904
2017,2,5,44,521
2017,2,5,45,1449
2017,2,5,46,1059
2017,2,5,47,381
2017,2,5,48,935
2017,2,5,49,514
2017,2,5,50,1173
2017,2,6,1,384
2017,2,6,2,1100
2017,2,6,3,674
2017,2,6,4,390
2017,2,6,5,321
2017,2,6,6,1068
2017,2,6,7,1052
2017,2,6,8,1363
2017,2,6,9,967
2017,2,6,10,1295
2017,2,6,11,1248
2017,2,6,12,1216
2017,2,6,13,1472
2017,2,6,14,1081
2017,2,6,15,1517
2017,2,6,16,493
2017,2,6,17,569
2017,2,6,18,1559
2017,2,6,19,700
2017,2,6,20,864
2017,2,6,21,726
2017,2,6,22,1419
2017,2,6,23,543
2017,2,6,24,1170
2017,2,6,25,1417
2017,2,6,26,873
2017,2,6,27,387
2017,2,6,28,1680
2017,2,6,29,1327
2017,2,6,30,654
2017,2,6,31,1113
2017,2,6,32,803
2017,2,6,33,1239
2017,2,6,34,490
2017,2,6,35,1214
2017,2,6,36,1385
2017,2,6,37,511
2017,2,6,38,1463
2017,2,6,39,799
2017,2,6,40,514
2017,2,6,41,384
2017,2,6,42,642
2017,2,6,43,937
2017,2,6,44,509
2017,2,6,45,1475
2017,2,6,46,1036
2017,2,6,47,408
2017,2,6,48,953
2017,2,6,49,508
2017,2,6,50,1210
2017,2,7,1,378
2017,2,7,2,979
2017,2,7,3,596
2017,2,7,4,346
2017,2,7,5,321
2017,2,7,6,946
2017,2,7,7,1008
2017,2,7,8,1336
2017,2,7,9,889
2017,2,7,10,1228
2017,2,7,11,1122
2017,2,7,12,1146
2017,2,7,13,1415
2017,2,7,14,993
2017,2,7,15,1471
2017,2,7,16,433
2017,2,7,17,517
2017,2,7,18,1375
2017,2,7,19,637
2017,2,7,20,809
2017,2,7,21,652
2017,2,7,22,1329
2017,2,7,23,480
2017,2,7,24,1104
2017,2,7,25,1387
2017,2,7,26,770
2017,2,7,27,359
2017,2,7,28,1420
2017,2,7,29,1173
2017,2,7,30,681
2017,2,7,31,1002
2017,2,7,32,708
2017,2,7,33,1114
2017,2,7,34,428
2017,2,7,35,1105
2017,2,7,36,1292
2017,2,7,37,484
2017,2,7,38,1311
2017,2,7,39,728
2017,2,7,40,486
2017,2,7,41,362
2017,2,7,42,584
2017,2,7,43,802
2017,2,7,44,486
2017,2,7,45,1308
2017,2,7,46,963
2017,2,7,47,344
2017,2,7,48,902
2017,2,7,49,510
2017,2,7,50,1107
2017,2,8,1,642
2017,2,8,2,1777
2017,2,8,3,1070
2017,2,8,4,640
2017,2,8,5,506
2017,2,8,6,1647
2017,2,8,7,1750
2017,2,8,8,2270
2017,2,8,9,1574
2017,2,8,10,2210
2017,2,8,11,2073
2017,2,8,12,2048
2017,2,8,13,2482
2017,2,8,14,1696
2017,2,8,15,2627
2017,2,8,16,762
2017,2,8,17,957
2017,2,8,18,2514
2017,2,8,19,1170
2017,2,8,20,1380
2017,2,8,21,1243
2017,2,8,22,2342
2017,2,8,23,839
2017,2,8,24,1910
2017,2,8,25,2367
2017,2,8,26,1356
2017,2,8,27,635
2017,2,8,28,2668
2017,2,8,29,2061
2017,2,8,30,1134
2017,2,8,31,1743
2017,2,8,32,1314
2017,2,8,33,2040
2017,2,8,34,729
2017,2,8,35,1924
2017,2,8,36,2197
2017,2,8,37,927
2017,2,8,38,2377
2017,2,8,39,1262
2017,2,8,40,876
2017,2,8,41,643
2017,2,8,42,1101
2017,2,8,43,1480
2017,2,8,44,880
2017,2,8,45,2403
2017,2,8,46,1681
2017,2,8,47,646
2017,2,8,48,1454
2017,2,8,49,866
2017,2,8,50,1904
2017,2,9,1,560
2017,2,9,2,1453
2017,2,9,3,958
2017,2,9,4,487
2017,2,9,5,484
2017,2,9,6,1483
2017,2,9,7,1492
2017,2,9,8,1914
2017,2,9,9,1288
2017,2,9,10,1901
2017,2,9,11,1726
2017,2,9,12,1728
2017,2,9,13,2123
2017,2,9,14,1489
2017,2,9,15,2181
2017,2,9,16,670
2017,2,9,17,826
2017,2,9,18,2092
2017,2,9,19,1024
2017,2,9,20,1190
2017,2,9,21,1021
2017,2,9,22,2034
2017,2,9,23,737
2017,2,9,24,1691
2017,2,9,25,1960
2017,2,9,26,1210
2017,2,9,27,558
2017,2,9,28,2212
2017,2,9,29,1744
2017,2,9,30,1033
2017,2,9,31,1461
2017,2,9,32,1074
2017,2,9,33,1745
2017,2,9,34,628
2017,2,9,35,1637
2017,2,9,36,1981
2017,2,9,37,736
2017,2,9,38,2029
2017,2,9,39,1150
2017,2,9,40,735
2017,2,9,41,569
2017,2,9,42,897
2017,2,9,43,1266
2017,2,9,44,758
2017,2,9,45,2035
2017,2,9,46,1446
2017,2,9,47,539
2017,2,9,48,1281
2017,2,9,49,739
2017,2,9,50,1663
2017,2,10,1,593
2017,2,10,2,1567
2017,2,10,3,924
2017,2,10,4,584
2017,2,10,5,490
2017,2,10,6,1495
2017,2,10,7,1499
2017,2,10,8,2012
2017,2,10,9,1340
2017,2,10,10,1937
2017,2,10,11,1838
2017,2,10,12,1870
2017,2,10,13,2207
2017,2,10,14,1575
2017,2,10,15,2380
2017,2,10,16,712
2017,2,10,17,887
2017,2,10,18,2246
2017,2,10,19,1103
2017,2,10,20,1254
2017,2,10,21,1109
2017,2,10,22,2125
2017,2,10,23,748
2017,2,10,24,1688
2017,2,10,25,2083
2017,2,10,26,1289
2017,2,10,27,536
2017,2,10,28,2270
2017,2,10,29,1837
2017,2,10,30,1151
2017,2,10,31,1629
2017,2,10,32,1194
2017,2,10,33,1907
2017,2,10,34,640
2017,2,10,35,1824
2017,2,10,36,2050
2017,2,10,37,785
2017,2,10,38,2166
2017,2,10,39,1206
2017,2,10,40,781
2017,2,10,41,581
2017,2,10,42,974
2017,2,10,43,1343
2017,2,10,44,761
2017,2,10,45,2153
2017,2,10,46,1582
2017,2,10,47,626
2017,2,10,48,1353
2017,2,10,49,750
2017,2,10,50,1733
2017,3,1,1,561
2017,3,1,2,1592
2017,3,1,3,1023
2017,3,1,4,622
2017,3,1,5,512
2017,3,1,6,1732
2017,3,1,7,1630
2017,3,1,8,2199
2017,3,1,9,1452
2017,3,1,10,2074
2017,3,1,11,1956
2017,3,1,12,1955
2017,3,1,13,2406
2017,3,1,14,1615
2017,3,1,15,2466
2017,3,1,16,745
2017,3,1,17,935
2017,3,1,18,2344
2017,3,1,19,1107
2017,3,1,20,1420
2017,3,1,21,1107
2017,3,1,22,2307
2017,3,1,23,873
2017,3,1,24,1882
2017,3,1,25,2249
2017,3,1,26,1391
2017,3,1,27,648
2017,3,1,28,2429
2017,3,1,29,1958
2017,3,1,30,1153
2017,3,1,31,1707
2017,3,1,32,1228
2017,3,1,33,2002
2017,3,1,34,724
2017,3,1,35,1827
2017,3,1,36,2246
2017,3,1,37,786
2017,3,1,38,2283
2017,3,1,39,1281
2017,3,1,40,869
2017,3,1,41,594
2017,3,1,42,1079
2017,3,1,43,1434
2017,3,1,44,852
2017,3,1,45,2269
2017,3,1,46,1657
2017,3,1,47,594
2017,3,1,48,1499
2017,3,1,49,834
2017,3,1,50,1929
2017,3,2,1,842
2017,3,2,2,2379
2017,3,2,3,1500
2017,3,2,4,889
2017,3,2,5,723
2017,3,2,6,2379
2017,3,2,7,2407
2017,3,2,8,3096
2017,3,2,9,2062
2017,3,2,10,2895
2017,3,2,11,2829
2017,3,2,12,2723
2017,3,2,13,3488
2017,3,2,14,2436
2017,3,2,15,3469
2017,3,2,16,1071
2017,3,2,17,1375
2017,3,2,18,3463
2017,3,2,19,1646
2017,3,2,20,1975
2017,3,2,21,1616
2017,3,2,22,3286
2017,3,2,23,1230
2017,3,2,24,2653
2017,3,2,25,3323
2017,3,2,26,1940
2017,3,2,27,881
2017,3,2,28,3519
2017,3,2,29,2847
2017,3,2,30,1626
2017,3,2,31,2350
2017,3,2,32,1793
2017,3,2,33,2756
2017,3,2,34,1035
2017,3,2,35,2692
2017,3,2,36,3128
2017,3,2,37,1178
2017,3,2,38,3337
2017,3,2,39,1776
2017,3,2,40,1158
2017,3,2,41,900
2017,3,2,42,1522
2017,3,2,43,2055
2017,3,2,44,1221
2017,3,2,45,3294
2017,3,2,46,2377
2017,3,2,47,884
2017,3,2,48,2123
2017,3,2,49,1198
2017,3,2,50,2738
2017,3,3,1,778
2017,3,3,2,2074
2017,3,3,3,1383
2017,3,3,4,776
2017,3,3,5,652
2017,3,3,6,2021
2017,3,3,7,2191
2017,3,3,8,2709
2017,3,3,9,1844
2017,3,3,10,2624
2017,3,3,11,2505
2017,3,3,12,2462
2017,3,3,13,3036
2017,3,3,14,2046
2017,3,3,15,3204
2017,3,3,16,942
2017,3,3,17,1199
2017,3,3,18,3046
2017,3,3,19,1466
2017,3,3,20,1717
2017,3,3,21,1437
2017,3,3,22,2866
2017,3,3,23,1038
2017,3,3,24,2389
2017,3,3,25,2997
2017,3,3,26,1695
2017,3,3,27,763
2017,3,3,28,3174
2017,3,3,29,2600
2017,3,3,30,1427
2017,3,3,31,2190
2017,3,3,32,1538
2017,3,3,33,2567
2017,3,3,34,940
2017,3,3,35,2350
2017,3,3,36,2800
2017,3,3,37,1051
2017,3,3,38,2859
2017,3,3,39,1555
2017,3,3,40,1040
2017,3,3,41,815
2017,3,3,42,1328
2017,3,3,43,1871
2017,3,3,44,1003
2017,3,3,45,2884
2017,3,3,46,2077
2017,3,3,47,747
2017,3,3,48,1776
2017,3,3,49,1064
2017,3,3,50,2341
2017,3,4,1,683
2017,3,4,2,1936
2017,3,4,3,1215
2017,3,4,4,674
2017,3,4,5,600
2017,3,4,6,1880
2017,3,4,7,1927
2017,3,4,8,2584
2017,3,4,9,1726
2017,3,4,10,2464
2017,3,4,11,2326
2017,3,4,12,2381
2017,3,4,13,2731
2017,3,4,14,1837
2017,3,4,15,2996
2017,3,4,16,938
2017,3,4,17,1099
2017,3,4,18,2741
2017,3,4,19,1321
2017,3,4,20,1498
2017,3,4,21,1324
2017,3,4,22,2687
2017,3,4,23,944
2017,3,4,24,2234
2017,3,4,25,2602
2017,3,4,26,1595
2017,3,4,27,734
2017,3,4,28,2925
2017,3,4,29,2428
2017,3,4,30,1282
2017,3,4,31,1893
2017,3,4,32,1430
2017,3,4,33,2295
2017,3,4,34,902
2017,3,4,35,2172
2017,3,4,36,2567
2017,3,4,37,948
2017,3,4,38,2709
2017,3,4,39,1449
2017,3,4,40,978
2017,3,4,41,712
2017,3,4,42,1215
2017,3,4,43,1761
2017,3,4,44,976
2017,3,4,45,2646
2017,3,4,46,1954
2017,3,4,47,744
2017,3,4,48,1683
2017,3,4,49,950
2017,3,4,50,2162
2017,3,5,1,524
2017,3,5,2,1457
2017,3,5,3,884
2017,3,5,4,543
2017,3,5,5,457
2017,3,5,6,1420
2017,3,5,7,1350
2017,3,5,8,1912
2017,3,5,9,1277
2017,3,5,10,1765
2017,3,5,11,1673
2017,3,5,12,1654
2017,3,5,13,2098
2017,3,5,14,1400
2017,3,5,15,2036
2017,3,5,16,587
2017,3,5,17,777
2017,3,5,18,2013
2017,3,5,19,978
2017,3,5,20,1118
2017,3,5,21,948
2017,3,5,22,1950
2017,3,5,23,659
2017,3,5,24,1524
2017,3,5,25,1918
2017,3,5,26,1157
2017,3,5,27,510
2017,3,5,28,2091
2017,3,5,29,1680
2017,3,5,30,973
2017,3,5,31,1483
2017,3,5,32,996
2017,3,5,33,1677
2017,3,5,34,609
2017,3,5,35,1593
2017,3,5,36,1817
2017,3,5,37,771
2017,3,5,38,1907
2017,3,5,39,1082
2017,3,5,40,718
2017,3,5,41,487
2017,3,5,42,843
2017,3,5,43,1258
2017,3,5,44,679
2017,3,5,45,1995
2017,3,5,46,1405
2017,3,5,47,498
2017,3,5,48,1259
2017,3,5,49,761
2017,3,5,50,1640
2017,3,6,1,521
2017,3,6,2,1417
2017,3,6,3,867
2017,3,6,4,534
2017,3,6,5,423
2017,3,6,6,1407
2017,3,6,7,1410
2017,3,6,8,1800
2017,3,6,9,1274
2017,3,6,10,1735
2017,3,6,11,1668
2017,3,6,12,1699
2017,3,6,13,2020
2017,3,6,14,1380
2017,3,6,15,2064
2017,3,6,16,602
2017,3,6,17,818
2017,3,6,18,2093
2017,3,6,19,1004
2017,3,6,20,1160
2017,3,6,21,966
2017,3,6,22,1903
2017,3,6,23,683
2017,3,6,24,1647
2017,3,6,25,1851
2017,3,6,26,1161
2017,3,6,27,543
2017,3,6,28,2092
2017,3,6,29,1681
2017,3,6,30,920
2017,3,6,31,1422
2017,3,6,32,1038
2017,3,6,33,1677
2017,3,6,34,596
2017,3,6,35,1603
2017,3,6,36,1847
2017,3,6,37,727
2017,3,6,38,1924
2017,3,6,39,1012
2017,3,6,40,699
2017,3,6,41,487
2017,3,6,42,830
2017,3,6,43,1278
2017,3,6,44,679
2017,3,6,45,1958
2017,3,6,46,1352
2017,3,6,47,540
2017,3,6,48,1193
2017,3,6,49,739
2017,3,6,50,1552
2017,3,7,1,475
2017,3,7,2,1217
2017,3,7,3,768
2017,3,7,4,468
2017,3,7,5,422
2017,3,7,6,1284
2017,3,7,7,1197
2017,3,7,8,1725
2017,3,7,9,1182
2017,3,7,10,1672
2017,3,7,11,1515
2017,3,7,12,1594
2017,3,7,13,1863
2017,3,7,14,1263
2017,3,7,15,1875
2017,3,7,16,593
2017,3,7,17,725
2017,3,7,18,1881
2017,3,7,19,909
2017,3,7,20,1053
2017,3,7,21,905
2017,3,7,22,1692
2017,3,7,23,645
2017,3,7,24,1446
2017,3,7,25,1730
2017,3,7,26,1043
2017,3,7,27,492
2017,3,7,28,1860
2017,3,7,29,1489
2017,3,7,30,918
2017,3,7,31,1282
2017,3,7,32,975
2017,3,7,33,1543
2017,3,7,34,561
2017,3,7,35,1498
2017,3,7,36,1572
2017,3,7,37,637
2017,3,7,38,1701
2017,3,7,39,984
2017,3,7,40,665
2017,3,7,41,483
2017,3,7,42,781
2017,3,7,43,1147
2017,3,7,44,627
2017,3,7,45,1731
2017,3,7,46,1313
2017,3,7,47,498
2017,3,7,48,1157
2017,3,7,49,644
2017,3,7,50,1450
2017,3,8,1,858
2017,3,8,2,2207
2017,3,8,3,1406
2017,3,8,4,788
2017,3,8,5,690
2017,3,8,6,2228
2017,3,8,7,2228
2017,3,8,8,3111
2017,3,8,9,1989
2017,3,8,10,2800
2017,3,8,11,2700
2017,3,8,12,2686
2017,3,8,13,3276
2017,3,8,14,2265
2017,3,8,15,3437
2017,3,8,16,1028
2017,3,8,17,1275
2017,3,8,18,3310
2017,3,8,19,1530
2017,3,8,20,1815
2017,3,8,21,1544
2017,3,8,22,3101
2017,3,8,23,1146
2017,3,8,24,2521
2017,3,8,25,3169
2017,3,8,26,1873
2017,3,8,27,821
2017,3,8,28,3433
2017,3,8,29,2575
2017,3,8,30,1548
2017,3,8,31,2276
2017,3,8,32,1725
2017,3,8,33,2746
2017,3,8,34,981
2017,3,8,35,2534
2017,3,8,36,2913
2017,3,8,37,1085
2017,3,8,38,3023
2017,3,8,39,1671
2017,3,8,40,1175
2017,3,8,41,827
2017,3,8,42,1401
2017,3,8,43,2009
2017,3,8,44,1122
2017,3,8,45,3077
2017,3,8,46,2211
2017,3,8,47,879
2017,3,8,48,1999
2017,3,8,49,1129
2017,3,8,50,2706
2017,3,9,1,718
2017,3,9,2,1905
2017,3,9,3,1215
2017,3,9,4,744
2017,3,9,5,638
2017,3,9,6,1929
2017,3,9,7,1936
2017,3,9,8,2509
2017,3,9,9,1740
2017,3,9,10,2462
2017,3,9,11,2286
2017,3,9,12,2240
2017,3,9,13,2840
2017,3,9,14,1993
2017,3,9,15,2819
2017,3,9,16,842
2017,3,9,17,1084
2017,3,9,18,2735
2017,3,9,19,1381
2017,3,9,20,1551
2017,3,9,21,1384
2017,3,9,22,2644
2017,3,9,23,958
2017,3,9,24,2085
2017,3,9,25,2587
2017,3,9,26,1531
2017,3,9,27,720
2017,3,9,28,2924
2017,3,9,29,2347
2017,3,9,30,1390
2017,3,9,31,1911
2017,3,9,32,1464
2017,3,9,33,2341
2017,3,9,34,885
2017,3,9,35,2162
2017,3,9,36,2552
2017,3,9,37,951
2017,3,9,38,2688
2017,3,9,39,1501
2017,3,9,40,927
2017,3,9,41,711
2017,3,9,42,1186
2017,3,9,43,1681
2017,3,9,44,935
2017,3,9,45,2599
2017,3,9,46,1972
2017,3,9,47,752
2017,3,9,48,1756
2017,3,9,49,990
2017,3,9,50,2167
2017,3,10,1,784
2017,3,10,2,2105
2017,3,10,3,1278
2017,3,10,4,777
2017,3,10,5,662
2017,3,10,6,2053
2017,3,10,7,2024
2017,3,10,8,2714
2017,3,10,9,1882
2017,3,10,10,2612
2017,3,10,11,2373
2017,3,10,12,2406
2017,3,10,13,3028
2017,3,10,14,2050
2017,3,10,15,3178
2017,3,10,16,869
2017,3,10,17,1188
2017,3,10,18,3003
2017,3,10,19,1433
2017,3,10,20,1665
2017,3,10,21,1479
2017,3,10,22,2859
2017,3,10,23,1027
2017,3,10,24,2340
2017,3,10,25,2833
2017,3,10,26,1801
2017,3,10,27,781
2017,3,10,28,3133
2017,3,10,29,2497
2017,3,10,30,1425
2017,3,10,31,2087
2017,3,10,32,1538
2017,3,10,33,2491
2017,3,10,34,932
2017,3,10,35,2299
2017,3,10,36,2682
2017,3,10,37,1077
2017,3,10,38,2811
2017,3,10,39,1511
2017,3,10,40,1031
2017,3,10,41,778
2017,3,10,42,1356
2017,3,10,43,1872
2017,3,10,44,1019
2017,3,10,45,2956
2017,3,10,46,2032
2017,3,10,47,764
2017,3,10,48,1819
2017,3,10,49,1065
2017,3,10,50,2281
2017,4,1,1,677
2017,4,1,2,1951
2017,4,1,3,1207
2017,4,1,4,724
2017,4,1,5,633
2017,4,1,6,1927
2017,4,1,7,1852
2017,4,1,8,2496
2017,4,1,9,1673
2017,4,1,10,2466
2017,4,1,11,2317
2017,4,1,12,2373
2017,4,1,13,2786
2017,4,1,14,1896
2017,4,1,15,2880
2017,4,1,16,839
2017,4,1,17,1107
2017,4,1,18,2765
2017,4,1,19,1308
2017,4,1,20,1543
2017,4,1,21,1289
2017,4,1,22,2596
2017,4,1,23,936
2017,4,1,24,2174
2017,4,1,25,2602
2017,4,1,26,1549
2017,4,1,27,706
2017,4,1,28,2866
2017,4,1,29,2294
2017,4,1,30,1371
2017,4,1,31,1861
2017,4,1,32,1494
2017,4,1,33,2247
2017,4,1,34,828
2017,4,1,35,2181
2017,4,1,36,2480
2017,4,1,37,959
2017,4,1,38,2602
2017,4,1,39,1473
2017,4,1,40,924
2017,4,1,41,753
2017,4,1,42,1223
2017,4,1,43,1673
2017,4,1,44,928
2017,4,1,45,2585
2017,4,1,46,1893
2017,4,1,47,744
2017,4,1,48,1666
2017,4,1,49,961
2017,4,1,50,2060
2017,4,2,1,1021
2017,4,2,2,2692
2017,4,2,3,1698
2017,4,2,4,1021
2017,4,2,5,847
2017,4,2,6,2748
2017,4,2,7,2598
2017,4,2,8,3519
2017,4,2,9,2367
2017,4,2,10,3377
2017,4,2,11,3288
2017,4,2,12,3279
2017,4,2,13,3883
2017,4,2,14,2698
2017,4,2,15,4009
2017,4,2,16,1170
2017,4,2,17,1487
2017,4,2,18,3754
2017,4,2,19,1860
2017,4,2,20,2238
2017,4,2,21,1776
2017,4,2,22,3578
2017,4,2,23,1300
2017,4,2,24,3126
2017,4,2,25,3718
2017,4,2,26,2271
2017,4,2,27,1043
2017,4,2,28,4063
2017,4,2,29,3241
2017,4,2,30,1909
2017,4,2,31,2716
2017,4,2,32,2036
2017,4,2,33,3108
2017,4,2,34,1205
2017,4,2,35,3062
2017,4,2,36,3512
2017,4,2,37,1327
2017,4,2,38,3698
2017,4,2,39,1997
2017,4,2,40,1306
2017,4,2,41,1023
2017,4,2,42,1738
2017,4,2,43,2305
2017,4,2,44,1332
2017,4,2,45,3723
2017,4,2,46,2582
2017,4,2,47,1024
2017,4,2,48,2390
2017,4,2,49,1307
2017,4,2,50,3061
2017,4,3,1,931
2017,4,3,2,2422
2017,4,3,3,1548
2017,4,3,4,929
2017,4,3,5,731
2017,4,3,6,2401
2017,4,3,7,2419
2017,4,3,8,3186
2017,4,3,9,2059
2017,4,3,10,2966
2017,4,3,11,2827
2017,4,3,12,2822
2017,4,3,13,3457
2017,4,3,14,2427
2017,4,3,15,3636
2017,4,3,16,1033
2017,4,3,17,1386
2017,4,3,18,3363
2017,4,3,19,1732
2017,4,3,20,1944
2017,4,3,21,1642
2017,4,3,22,3247
2017,4,3,23,1165
2017,4,3,24,2698
2017,4,3,25,3322
2017,4,3,26,1931
2017,4,3,27,926
2017,4,3,28,3621
2017,4,3,29,2818
2017,4,3,30,1700
2017,4,3,31,2361
2017,4,3,32,1828
2017,4,3,33,2876
2017,4,3,34,993
2017,4,3,35,2615
2017,4,3,36,3130
2017,4,3,37,1189
2017,4,3,38,3264
2017,4,3,39,1812
2017,4,3,40,1216
2017,4,3,41,892
2017,4,3,42,1502
2017,4,3,43,2093
2017,4,3,44,1167
2017,4,3,45,3359
2017,4,3,46,2388
2017,4,3,47,958
2017,4,3,48,2074
2017,4,3,49,1253
2017,4,3,50,2616
2017,4,4,1,814
2017,4,4,2,2248
2017,4,4,3,1377
2017,4,4,4,820
2017,4,4,5,683
2017,4,4,6,2181
2017,4,4,7,2155
2017,4,4,8,2870
2017,4,4,9,1922
2017,4,4,10,2777
2017,4,4,11,2545
2017,4,4,12,2518
2017,4,4,13,3233
2017,4,4,14,2230
2017,4,4,15,3280
2017,4,4,16,957
2017,4,4,17,1213
2017,4,4,18,3223
2017,4,4,19,1498
2017,4,4,20,1840
2017,4,4,21,1510
2017,4,4,22,3097
2017,4,4,23,1097
2017,4,4,24,2637
2017,4,4,25,3082
2017,4,4,26,1843
2017,4,4,27,803
2017,4,4,28,3463
2017,4,4,29,2653
2017,4,4,30,1560
2017,4,4,31,2167
2017,4,4,32,1585
2017,4,4,33,2600
2017,4,4,34,985
2017,4,4,35,2508
2017,4,4,36,2821
2017,4,4,37,1122
2017,4,4,38,3054
2017,4,4,39,1667
2017,4,4,40,1080
2017,4,4,41,822
2017,4,4,42,1361
2017,4,4,43,1948
2017,4,4,44,1101
2017,4,4,45,3043
2017,4,4,46,2269
2017,4,4,47,805
2017,4,4,48,1986
2017,4,4,49,1111
2017,4,4,50,2457
2017,4,5,1,594
2017,4,5,2,1568
2017,4,5,3,1024
2017,4,5,4,609
2017,4,5,5,511
2017,4,5,6,1642
2017,4,5,7,1616
2017,4,5,8,2162
2017,4,5,9,1327
2017,4,5,10,1986
2017,4,5,11,1900
2017,4,5,12,1970
2017,4,5,13,2295
2017,4,5,14,1659
2017,4,5,15,2482
2017,4,5,16,660
2017,4,5,17,900
2017,4,5,18,2261
2017,4,5,19,1097
2017,4,5,20,1289
2017,4,5,21,1148
2017,4,5,22,2213
2017,4,5,23,795
2017,4,5,24,1836
2017,4,5,25,2238
2017,4,5,26,1299
2017,4,5,27,570
2017,4,5,28,2351
2017,4,5,29,1899
2017,4,5,30,1109
2017,4,5,31,1541
2017,4,5,32,1198
2017,4,5,33,1889
2017,4,5,34,678
2017,4,5,35,1807
2017,4,5,36,2072
2017,4,5,37,772
2017,4,5,38,2193
2017,4,5,39,1232
2017,4,5,40,799
2017,4,5,41,659
2017,4,5,42,1032
2017,4,5,43,1377
2017,4,5,44,786
2017,4,5,45,2187
2017,4,5,46,1604
2017,4,5,47,589
2017,4,5,48,1443
2017,4,5,49,791
2017,4,5,50,1791
2017,4,6,1,562
2017,4,6,2,1677
2017,4,6,3,1012
2017,4,6,4,603
2017,4,6,5,504
2017,4,6,6,1665
2017,4,6,7,1629
2017,4,6,8,2049
2017,4,6,9,1418
2017,4,6,10,2052
2017,4,6,11,1845
2017,4,6,12,1893
2017,4,6,13,2346
2017,4,6,14,1625
2017,4,6,15,2429
2017,4,6,16,712
2017,4,6,17,938
2017,4,6,18,2259
2017,4,6,19,1074
2017,4,6,20,1269
2017,4,6,21,1136
2017,4,6,22,2160
2017,4,6,23,792
2017,4,6,24,1840
2017,4,6,25,2280
2017,4,6,26,1299
2017,4,6,27,572
2017,4,6,28,2438
2017,4,6,29,1873
2017,4,6,30,1056
2017,4,6,31,1626
2017,4,6,32,1174
2017,4,6,33,1792
2017,4,6,34,683
2017,4,6,35,1768
2017,4,6,36,2085
2017,4,6,37,814
2017,4,6,38,2220
2017,4,6,39,1177
2017,4,6,40,812
2017,4,6,41,579
2017,4,6,42,997
2017,4,6,43,1371
2017,4,6,44,796
2017,4,6,45,2255
2017,4,6,46,1531
2017,4,6,47,606
2017,4,6,48,1427
2017,4,6,49,828
2017,4,6,50,1777
2017,4,7,1,577
2017,4,7,2,1469
2017,4,7,3,937
2017,4,7,4,525
2017,4,7,5,421
2017,4,7,6,1495
2017,4,7,7,1468
2017,4,7,8,1941
2017,4,7,9,1318
2017,4,7,10,1887
2017,4,7,11,1709
2017,4,7,12,1737
2017,4,7,13,2117
2017,4,7,14,1532
2017,4,7,15,2225
2017,4,7,16,603
2017,4,7,17,715
2017,4,7,18,2064
2017,4,7,19,1019
2017,4,7,20,1168
2017,4,7,21,986
2017,4,7,22,2031
2017,4,7,23,733
2017,4,7,24,1567
2017,4,7,25,2117
2017,4,7,26,1147
2017,4,7,27,574
2017,4,7,28,2194
2017,4,7,29,1797
2017,4,7,30,994
2017,4,7,31,1527
2017,4,7,32,1051
2017,4,7,33,1712
2017,4,7,34,642
2017,4,7,35,1643
2017,4,7,36,1948
2017,4,7,37,738
2017,4,7,38,1975
2017,4,7,39,1072
2017,4,7,40,704
2017,4,7,41,524
2017,4,7,42,896
2017,4,7,43,1299
2017,4,7,44,762
2017,4,7,45,1964
2017,4,7,46,1499
2017,4,7,47,540
2017,4,7,48,1352
2017,4,7,49,744
2017,4,7,50,1680
2017,4,8,1,989
2017,4,8,2,2583
2017,4,8,3,1549
2017,4,8,4,934
2017,4,8,5,825
2017,4,8,6,2589
2017,4,8,7,2567
2017,4,8,8,3566
2017,4,8,9,2275
2017,4,8,10,3254
2017,4,8,11,2993
2017,4,8,12,3121
2017,4,8,13,3724
2017,4,8,14,2544
2017,4,8,15,3824
2017,4,8,16,1117
2017,4,8,17,1469
2017,4,8,18,3686
2017,4,8,19,1849
2017,4,8,20,2040
2017,4,8,21,1696
2017,4,8,22,3600
2017,4,8,23,1298
2017,4,8,24,2930
2017,4,8,25,3575
2017,4,8,26,2157
2017,4,8,27,965
2017,4,8,28,3752
2017,4,8,29,3234
2017,4,8,30,1750
2017,4,8,31,2579
2017,4,8,32,2004
2017,4,8,33,3184
2017,4,8,34,1118
2017,4,8,35,2915
2017,4,8,36,3429
2017,4,8,37,1258
2017,4,8,38,3397
2017,4,8,39,1927
2017,4,8,40,1287
2017,4,8,41,983
2017,4,8,42,1534
2017,4,8,43,2247
2017,4,8,44,1294
2017,4,8,45,3602
2017,4,8,46,2574
2017,4,8,47,996
2017,4,8,48,2283
2017,4,8,49,1263
2017,4,8,50,2915
2017,4,9,1,884
2017,4,9,2,2158
2017,4,9,3,1338
2017,4,9,4,826
2017,4,9,5,703
2017,4,9,6,2203
2017,4,9,7,2248
2017,4,9,8,2901
2017,4,9,9,1946
2017,4,9,10,2796
2017,4,9,11,2648
2017,4,9,12,2598
2017,4,9,13,3214
2017,4,9,14,2162
2017,4,9,15,3416
2017,4,9,16,1008
2017,4,9,17,1200
2017,4,9,18,3138
2017,4,9,19,1481
2017,4,9,20,1750
2017,4,9,21,1496
2017,4,9,22,3043
2017,4,9,23,1084
2017,4,9,24,2457
2017,4,9,25,3082
2017,4,9,26,1752
2017,4,9,27,851
2017,4,9,28,3421
2017,4,9,29,2663
2017,4,9,30,1602
2017,4,9,31,2192
2017,4,9,32,1658
2017,4,9,33,2654
2017,4,9,34,952
2017,4,9,35,2486
2017,4,9,36,2899
2017,4,9,37,1170
2017,4,9,38,2987
2017,4,9,39,1634
2017,4,9,40,1100
2017,4,9,41,851
2017,4,9,42,1357
2017,4,9,43,1995
2017,4,9,44,1092
2017,4,9,45,3077
2017,4,9,46,2212
2017,4,9,47,811
2017,4,9,48,1916
2017,4,9,49,1075
2017,4,9,50,2442
2017,4,10,1,878
2017,4,10,2,2378
2017,4,10,3,1420
2017,4,10,4,935
2017,4,10,5,806
2017,4,10,6,2409
2017,4,10,7,2395
2017,4,10,8,3044
2017,4,10,9,2099
2017,4,10,10,3054
2017,4,10,11,2837
2017,4,10,12,2832
2017,4,10,13,3315
2017,4,10,14,2346
2017,4,10,15,3528
2017,4,10,16,1018
2017,4,10,17,1325
2017,4,10,18,3430
2017,4,10,19,1665
2017,4,10,20,1930
2017,4,10,21,1675
2017,4,10,22,3301
2017,4,10,23,1243
2017,4,10,24,2667
2017,4,10,25,3260
2017,4,10,26,1994
2017,4,10,27,884
2017,4,10,28,3535
2017,4,10,29,2828
2017,4,10,30,1577
2017,4,10,31,2312
2017,4,10,32,1723
2017,4,10,33,2775
2017,4,10,34,1107
2017,4,10,35,2722
2017,4,10,36,3139
2017,4,10,37,1103
2017,4,10,38,3197
2017,4,10,39,1715
2017,4,10,40,1219
2017,4,10,41,875
2017,4,10,42,1466
2017,4,10,43,2099
2017,4,10,44,1209
2017,4,10,45,3358
2017,4,10,46,2379
2017,4,10,47,923
2017,4,10,48,2120
2017,4,10,49,1240
2017,4,10,50,2721
2017,5,1,1,773
2017,5,1,2,2101
2017,5,1,3,1387
2017,5,1,4,742
2017,5,1,5,653
2017,5,1,6,2053
2017,5,1,7,2056
2017,5,1,8,2708
2017,5,1,9,1731
2017,5,1,10,2594
2017,5,1,11,2471
2017,5,1,12,2467
2017,5,1,13,2934
2017,5,1,14,2078
2017,5,1,15,3084
2017,5,1,16,881
2017,5,1,17,1144
2017,5,1,18,2973
2017,5,1,19,1463
2017,5,1,20,1659
2017,5,1,21,1437
2017,5,1,22,2812
2017,5,1,23,1038
2017,5,1,24,2310
2017,5,1,25,2848
2017,5,1,26,1741
2017,5,1,27,802
2017,5,1,28,3173
2017,5,1,29,2399
2017,5,1,30,1468
2017,5,1,31,2066
2017,5,1,32,1570
2017,5,1,33,2474
2017,5,1,34,894
2017,5,1,35,2315
2017,5,1,36,2733
2017,5,1,37,968
2017,5,1,38,2901
2017,5,1,39,1489
2017,5,1,40,1043
2017,5,1,41,795
2017,5,1,42,1259
2017,5,1,43,1804
2017,5,1,44,1094
2017,5,1,45,2761
2017,5,1,46,2092
2017,5,1,47,825
2017,5,1,48,1862
2017,5,1,49,1015
2017,5,1,50,2308
2017,5,2,1,1094
2017,5,2,2,2872
2017,5,2,3,1798
2017,5,2,4,1104
2017,5,2,5,936
2017,5,2,6,2950
2017,5,2,7,2986
2017,5,2,8,3889
2017,5,2,9,2601
2017,5,2,10,3701
2017,5,2,11,3559
2017,5,2,12,3403
2017,5,2,13,4226
2017,5,2,14,2852
2017,5,2,15,4331
2017,5,2,16,1250
2017,5,2,17,1602
2017,5,2,18,4240
2017,5,2,19,1944
2017,5,2,20,2328
2017,5,2,21,2062
2017,5,2,22,3977
2017,5,2,23,1456
2017,5,2,24,3354
2017,5,2,25,4054
2017,5,2,26,2365
2017,5,2,27,1105
2017,5,2,28,4403
2017,5,2,29,3417
2017,5,2,30,2057
2017,5,2,31,2918
2017,5,2,32,2268
2017,5,2,33,3429
2017,5,2,34,1225
2017,5,2,35,3378
2017,5,2,36,3939
2017,5,2,37,1505
2017,5,2,38,4062
2017,5,2,39,2105
2017,5,2,40,1545
2017,5,2,41,1120
2017,5,2,42,1802
2017,5,2,43,2595
2017,5,2,44,1469
2017,5,2,45,3987
2017,5,2,46,2896
2017,5,2,47,1104
2017,5,2,48,2469
2017,5,2,49,1431
2017,5,2,50,3311
2017,5,3,1,1000
2017,5,3,2,2568
2017,5,3,3,1657
2017,5,3,4,1016
2017,5,3,5,821
2017,5,3,6,2569
2017,5,3,7,2598
2017,5,3,8,3372
2017,5,3,9,2215
2017,5,3,10,3313
2017,5,3,11,3051
2017,5,3,12,3082
2017,5,3,13,3768
2017,5,3,14,2628
2017,5,3,15,3950
2017,5,3,16,1180
2017,5,3,17,1457
2017,5,3,18,3697
2017,5,3,19,1830
2017,5,3,20,2102
2017,5,3,21,1834
2017,5,3,22,3658
2017,5,3,23,1359
2017,5,3,24,2946
2017,5,3,25,3661
2017,5,3,26,2141
2017,5,3,27,1020
2017,5,3,28,3905
2017,5,3,29,3130
2017,5,3,30,1846
2017,5,3,31,2620
2017,5,3,32,1920
2017,5,3,33,3030
2017,5,3,34,1181
2017,5,3,35,2939
2017,5,3,36,3495
2017,5,3,37,1331
2017,5,3,38,3708
2017,5,3,39,1964
2017,5,3,40,1377
2017,5,3,41,988
2017,5,3,42,1612
2017,5,3,43,2233
2017,5,3,44,1261
2017,5,3,45,3709
2017,5,3,46,2630
2017,5,3,47,982
2017,5,3,48,2341
2017,5,3,49,1324
2017,5,3,50,2907
2017,5,4,1,870
2017,5,4,2,2434
2017,5,4,3,1550
2017,5,4,4,920
2017,5,4,5,729
2017,5,4,6,2411
2017,5,4,7,2462
2017,5,4,8,3257
2017,5,4,9,2109
2017,5,4,10,3086
2017,5,4,11,2923
2017,5,4,12,2751
2017,5,4,13,3420
2017,5,4,14,2474
2017,5,4,15,3506
2017,5,4,16,1109
2017,5,4,17,1375
2017,5,4,18,3471
2017,5,4,19,1700
2017,5,4,20,2002
2017,5,4,21,1634
2017,5,4,22,3245
2017,5,4,23,1173
2017,5,4,24,2673
2017,5,4,25,3285
2017,5,4,26,1976
2017,5,4,27,924
2017,5,4,28,3513
2017,5,4,29,2891
2017,5,4,30,1688
2017,5,4,31,2455
2017,5,4,32,1838
2017,5,4,33,2937
2017,5,4,34,1032
2017,5,4,35,2737
2017,5,4,36,3244
2017,5,4,37,1217
2017,5,4,38,3284
2017,5,4,39,1768
2017,5,4,40,1170
2017,5,4,41,922
2017,5,4,42,1503
2017,5,4,43,2094
2017,5,4,44,1159
2017,5,4,45,3199
2017,5,4,46,2326
2017,5,4,47,893
2017,5,4,48,2108
2017,5,4,49,1255
2017,5,4,50,2762
2017,5,5,1,646
2017,5,5,2,1779
2017,5,5,3,1086
2017,5,5,4,612
2017,5,5,5,544
2017,5,5,6,1711
2017,5,5,7,1714
2017,5,5,8,2221
2017,5,5,9,1486
2017,5,5,10,2096
2017,5,5,11,2069
2017,5,5,12,2110
2017,5,5,13,2579
2017,5,5,14,1715
2017,5,5,15,2659
2017,5,5,16,800
2017,5,5,17,1005
2017,5,5,18,2489
2017,5,5,19,1206
2017,5,5,20,1383
2017,5,5,21,1207
2017,5,5,22,2355
2017,5,5,23,897
2017,5,5,24,2000
2017,5,5,25,2385
2017,5,5,26,1376
2017,5,5,27,676
2017,5,5,28,2648
2017,5,5,29,2047
2017,5,5,30,1205
2017,5,5,31,1697
2017,5,5,32,1308
2017,5,5,33,2128
2017,5,5,34,748
2017,5,5,35,1932
2017,5,5,36,2302
2017,5,5,37,908
2017,5,5,38,2442
2017,5,5,39,1260
2017,5,5,40,888
2017,5,5,41,709
2017,5,5,42,1049
2017,5,5,43,1517
2017,5,5,44,907
2017,5,5,45,2388
2017,5,5,46,1789
2017,5,5,47,690
2017,5,5,48,1506
2017,5,5,49,910
2017,5,5,50,2000
2017,5,6,1,657
2017,5,6,2,1739
2017,5,6,3,1060
2017,5,6,4,652
2017,5,6,5,576
2017,5,6,6,1732
2017,5,6,7,1709
2017,5,6,8,2295
2017,5,6,9,1518
2017,5,6,10,2186
2017,5,6,11,2021
2017,5,6,12,2036
2017,5,6,13,2614
2017,5,6,14,1778
2017,5,6,15,2558
2017,5,6,16,759
2017,5,6,17,924
2017,5,6,18,2483
2017,5,6,19,1188
2017,5,6,20,1427
2017,5,6,21,1187
2017,5,6,22,2408
2017,5,6,23,875
2017,5,6,24,1965
2017,5,6,25,2329
2017,5,6,26,1363
2017,5,6,27,674
2017,5,6,28,2569
2017,5,6,29,2048
2017,5,6,30,1157
2017,5,6,31,1753
2017,5,6,32,1350
2017,5,6,33,2029
2017,5,6,34,758
2017,5,6,35,1907
2017,5,6,36,2320
2017,5,6,37,825
2017,5,6,38,2466
2017,5,6,39,1307
2017,5,6,40,901
2017,5,6,41,639
2017,5,6,42,1118
2017,5,6,43,1470
2017,5,6,44,874
2017,5,6,45,2429
2017,5,6,46,1713
2017,5,6,47,659
2017,5,6,48,1523
2017,5,6,49,897
2017,5,6,50,2012
2017,5,7,1,613
2017,5,7,2,1637
2017,5,7,3,982
2017,5,7,4,653
2017,5,7,5,508
2017,5,7,6,1563
2017,5,7,7,1572
2017,5,7,8,2117
2017,5,7,9,1370
2017,5,7,10,2030
2017,5,7,11,1922
2017,5,7,12,1951
2017,5,7,13,2368
2017,5,7,14,1508
2017,5,7,15,2391
2017,5,7,16,696
2017,5,7,17,892
2017,5,7,18,2250
2017,5,7,19,1093
2017,5,7,20,1243
2017,5,7,21,1103
2017,5,7,22,2153
2017,5,7,23,826
2017,5,7,24,1786
2017,5,7,25,2216
2017,5,7,26,1292
2017,5,7,27,592
2017,5,7,28,2445
2017,5,7,29,1897
2017,5,7,30,1047
2017,5,7,31,1623
2017,5,7,32,1236
2017,5,7,33,1860
2017,5,7,34,734
2017,5,7,35,1770
2017,5,7,36,2084
2017,5,7,37,806
2017,5,7,38,2164
2017,5,7,39,1200
2017,5,7,40,804
2017,5,7,41,602
2017,5,7,42,990
2017,5,7,43,1402
2017,5,7,44,781
2017,5,7,45,2178
2017,5,7,46,1583
2017,5,7,47,620
2017,5,7,48,1357
2017,5,7,49,792
2017,5,7,50,1753
2017,5,8,1,955
2017,5,8,2,2809
2017,5,8,3,1782
2017,5,8,4,975
2017,5,8,5,893
2017,5,8,6,2878
2017,5,8,7,2797
2017,5,8,8,3670
2017,5,8,9,2479
2017,5,8,10,3651
2017,5,8,11,3422
2017,5,8,12,3424
2017,5,8,13,4123
2017,5,8,14,2786
2017,5,8,15,4241
2017,5,8,16,1266
2017,5,8,17,1456
2017,5,8,18,4110
2017,5,8,19,1886
2017,5,8,20,2208
2017,5,8,21,1874
2017,5,8,22,3899
2017,5,8,23,1425
2017,5,8,24,3142
2017,5,8,25,3872
2017,5,8,26,2287
2017,5,8,27,1045
2017,5,8,28,4177
2017,5,8,29,3345
2017,5,8,30,2020
2017,5,8,31,2733
2017,5,8,32,2103
2017,5,8,33,3319
2017,5,8,34,1237
2017,5,8,35,3111
2017,5,8,36,3715
2017,5,8,37,1442
2017,5,8,38,3840
2017,5,8,39,2105
2017,5,8,40,1414
2017,5,8,41,1076
2017,5,8,42,1786
2017,5,8,43,2454
2017,5,8,44,1412
2017,5,8,45,3715
2017,5,8,46,2770
2017,5,8,47,1055
2017,5,8,48,2492
2017,5,8,49,1366
2017,5,8,50,3140
2017,5,9,1,938
2017,5,9,2,2405
2017,5,9,3,1522
2017,5,9,4,904
2017,5,9,5,714
2017,5,9,6,2351
2017,5,9,7,2437
2017,5,9,8,3134
2017,5,9,9,2176
2017,5,9,10,3022
2017,5,9,11,2820
2017,5,9,12,2960
2017,5,9,13,3449
2017,5,9,14,2399
2017,5,9,15,3616
2017,5,9,16,1022
2017,5,9,17,1454
2017,5,9,18,3512
2017,5,9,19,1672
2017,5,9,20,1958
2017,5,9,21,1717
2017,5,9,22,3252
2017,5,9,23,1178
2017,5,9,24,2695
2017,5,9,25,3293
2017,5,9,26,1971
2017,5,9,27,928
2017,5,9,28,3579
2017,5,9,29,2867
2017,5,9,30,1674
2017,5,9,31,2367
2017,5,9,32,1902
2017,5,9,33,2866
2017,5,9,34,1061
2017,5,9,35,2626
2017,5,9,36,3210
2017,5,9,37,1187
2017,5,9,38,3396
2017,5,9,39,1896
2017,5,9,40,1202
2017,5,9,41,944
2017,5,9,42,1523
2017,5,9,43,2143
2017,5,9,44,1203
2017,5,9,45,3294
2017,5,9,46,2414
2017,5,9,47,873
2017,5,9,48,2134
2017,5,9,49,1252
2017,5,9,50,2653
2017,5,10,1,1015
2017,5,10,2,2482
2017,5,10,3,1621
2017,5,10,4,953
2017,5,10,5,791
2017,5,10,6,2547
2017,5,10,7,2575
2017,5,10,8,3335
2017,5,10,9,2257
2017,5,10,10,3126
2017,5,10,11,3102
2017,5,10,12,3065
2017,5,10,13,3616
2017,5,10,14,2641
2017,5,10,15,3760
2017,5,10,16,1082
2017,5,10,17,1425
2017,5,10,18,3622
2017,5,10,19,1801
2017,5,10,20,2084
2017,5,10,21,1807
2017,5,10,22,3412
2017,5,10,23,1272
2017,5,10,24,2816
2017,5,10,25,3473
2017,5,10,26,2144
2017,5,10,27,983
2017,5,10,28,3907
2017,5,10,29,3009
2017,5,10,30,1753
2017,5,10,31,2635
2017,5,10,32,1972
2017,5,10,33,3178
2017,5,10,34,1097
2017,5,10,35,2786
2017,5,10,36,3303
2017,5,10,37,1233
2017,5,10,38,3554
2017,5,10,39,1966
2017,5,10,40,1271
2017,5,10,41,946
2017,5,10,42,1623
2017,5,10,43,2301
2017,5,10,44,1335
2017,5,10,45,3621
2017,5,10,46,2618
2017,5,10,47,984
2017,5,10,48,2251
2017,5,10,49,1301
2017,5,10,50,2900
2017,6,1,1,850
2017,6,1,2,2214
2017,6,1,3,1356
2017,6,1,4,814
2017,6,1,5,686
2017,6,1,6,2047
2017,6,1,7,2222
2017,6,1,8,2937
2017,6,1,9,1831
2017,6,1,10,2644
2017,6,1,11,2460
2017,6,1,12,2638
2017,6,1,13,3036
2017,6,1,14,2150
2017,6,1,15,3231
2017,6,1,16,935
2017,6,1,17,1172
2017,6,1,18,3120
2017,6,1,19,1501
2017,6,1,20,1828
2017,6,1,21,1488
2017,6,1,22,2910
2017,6,1,23,1038
2017,6,1,24,2422
2017,6,1,25,2943
2017,6,1,26,1786
2017,6,1,27,831
2017,6,1,28,3286
2017,6,1,29,2623
2017,6,1,30,1476
2017,6,1,31,2119
2017,6,1,32,1605
2017,6,1,33,2581
2017,6,1,34,930
2017,6,1,35,2434
2017,6,1,36,2757
2017,6,1,37,1072
2017,6,1,38,3111
2017,6,1,39,1596
2017,6,1,40,1088
2017,6,1,41,827
2017,6,1,42,1367
2017,6,1,43,1930
2017,6,1,44,1081
2017,6,1,45,2953
2017,6,1,46,2125
2017,6,1,47,821
2017,6,1,48,1904
2017,6,1,49,1051
2017,6,1,50,2361
2017,6,2,1,1134
2017,6,2,2,3101
2017,6,2,3,1932
2017,6,2,4,1183
2017,6,2,5,961
2017,6,2,6,3069
2017,6,2,7,3033
2017,6,2,8,4053
2017,6,2,9,2600
2017,6,2,10,3910
2017,6,2,11,3708
2017,6,2,12,3744
2017,6,2,13,4392
2017,6,2,14,3037
2017,6,2,15,4610
2017,6,2,16,1279
2017,6,2,17,1714
2017,6,2,18,4362
2017,6,2,19,2200
2017,6,2,20,2454
2017,6,2,21,2054
2017,6,2,22,4070
2017,6,2,23,1466
2017,6,2,24,3459
2017,6,2,25,4191
2017,6,2,26,2598
2017,6,2,27,1135
2017,6,2,28,4529
2017,6,2,29,3560
2017,6,2,30,2095
2017,6,2,31,3032
2017,6,2,32,2302
2017,6,2,33,3568
2017,6,2,34,1309
2017,6,2,35,3537
2017,6,2,36,4041
2017,6,2,37,1572
2017,6,2,38,4176
2017,6,2,39,2292
2017,6,2,40,1534
2017,6,2,41,1139
2017,6,2,42,1937
2017,6,2,43,2631
2017,6,2,44,1515
2017,6,2,45,4296
2017,6,2,46,3096
2017,6,2,47,1107
2017,6,2,48,2661
2017,6,2,49,1558
2017,6,2,50,3419
2017,6,3,1,1057
2017,6,3,2,2851
2017,6,3,3,1693
2017,6,3,4,1089
2017,6,3,5,866
2017,6,3,6,2748
2017,6,3,7,2710
2017,6,3,8,3540
2017,6,3,9,2306
2017,6,3,10,3414
2017,6,3,11,3288
2017,6,3,12,3226
2017,6,3,13,3936
2017,6,3,14,2790
2017,6,3,15,4186
2017,6,3,16,1219
2017,6,3,17,1491
2017,6,3,18,3925
2017,6,3,19,1903
2017,6,3,20,2197
2017,6,3,21,1902
2017,6,3,22,3746
2017,6,3,23,1397
2017,6,3,24,2977
2017,6,3,25,3738
2017,6,3,26,2217
2017,6,3,27,1021
2017,6,3,28,3923
2017,6,3,29,3247
2017,6,3,30,1921
2017,6,3,31,2700
2017,6,3,32,2055
2017,6,3,33,3201
2017,6,3,34,1283
2017,6,3,35,3079
2017,6,3,36,3526
2017,6,3,37,1445
2017,6,3,38,3662
2017,6,3,39,2013
2017,6,3,40,1425
2017,6,3,41,1012
2017,6,3,42,1735
2017,6,3,43,2354
2017,6,3,44,1391
2017,6,3,45,3703
2017,6,3,46,2789
2017,6,3,47,1082
2017,6,3,48,2294
2017,6,3,49,1318
2017,6,3,50,3082
2017,6,4,1,942
2017,6,4,2,2467
2017,6,4,3,1545
2017,6,4,4,901
2017,6,4,5,811
2017,6,4,6,2467
2017,6,4,7,2529
2017,6,4,8,3286
2017,6,4,9,2099
2017,6,4,10,3102
2017,6,4,11,3118
2017,6,4,12,2939
2017,6,4,13,3583
2017,6,4,14,2518
2017,6,4,15,3730
2017,6,4,16,1073
2017,6,4,17,1337
2017,6,4,18,3711
2017,6,4,19,1653
2017,6,4,20,1997
2017,6,4,21,1667
2017,6,4,22,3288
2017,6,4,23,1260
2017,6,4,24,2819
2017,6,4,25,3449
2017,6,4,26,2096
2017,6,4,27,918
2017,6,4,28,3700
2017,6,4,29,2963
2017,6,4,30,1763
2017,6,4,31,2464
2017,6,4,32,1933
2017,6,4,33,2924
2017,6,4,34,1094
2017,6,4,35,2830
2017,6,4,36,3281
2017,6,4,37,1275
2017,6,4,38,3416
2017,6,4,39,1900
2017,6,4,40,1280
2017,6,4,41,949
2017,6,4,42,1560
2017,6,4,43,2180
2017,6,4,44,1308
2017,6,4,45,3469
2017,6,4,46,2509
2017,6,4,47,897
2017,6,4,48,2135
2017,6,4,49,1277
2017,6,4,50,2822
2017,6,5,1,691
2017,6,5,2,1829
2017,6,5,3,1092
2017,6,5,4,679
2017,6,5,5,565
2017,6,5,6,1793
2017,6,5,7,1813
2017,6,5,8,2436
2017,6,5,9,1590
2017,6,5,10,2191
2017,6,5,11,2233
2017,6,5,12,2077
2017,6,5,13,2614
2017,6,5,14,1835
2017,6,5,15,2726
2017,6,5,16,744
2017,6,5,17,1047
2017,6,5,18,2689
2017,6,5,19,1303
2017,6,5,20,1487
2017,6,5,21,1208
2017,6,5,22,2455
2017,6,5,23,934
2017,6,5,24,2023
2017,6,5,25,2460
2017,6,5,26,1467
2017,6,5,27,717
2017,6,5,28,2782
2017,6,5,29,2215
2017,6,5,30,1275
2017,6,5,31,1897
2017,6,5,32,1354
2017,6,5,33,2237
2017,6,5,34,756
2017,6,5,35,2000
2017,6,5,36,2391
2017,6,5,37,893
2017,6,5,38,2525
2017,6,5,39,1405
2017,6,5,40,892
2017,6,5,41,658
2017,6,5,42,1090
2017,6,5,43,1628
2017,6,5,44,935
2017,6,5,45,2462
2017,6,5,46,1828
2017,6,5,47,690
2017,6,5,48,1557
2017,6,5,49,882
2017,6,5,50,2146
2017,6,6,1,692
2017,6,6,2,1851
2017,6,6,3,1113
2017,6,6,4,686
2017,6,6,5,571
2017,6,6,6,1840
2017,6,6,7,1801
2017,6,6,8,2471
2017,6,6,9,1635
2017,6,6,10,2216
2017,6,6,11,2160
2017,6,6,12,2137
2017,6,6,13,2597
2017,6,6,14,1804
2017,6,6,15,2701
2017,6,6,16,775
2017,6,6,17,1006
2017,6,6,18,2722
2017,6,6,19,1248
2017,6,6,20,1410
2017,6,6,21,1295
2017,6,6,22,2449
2017,6,6,23,925
2017,6,6,24,2046
2017,6,6,25,2446
2017,6,6,26,1506
2017,6,6,27,687
2017,6,6,28,2648
2017,6,6,29,2140
2017,6,6,30,1280
2017,6,6,31,1844
2017,6,6,32,1368
2017,6,6,33,2206
2017,6,6,34,795
2017,6,6,35,2050
2017,6,6,36,2428
2017,6,6,37,897
2017,6,6,38,2458
2017,6,6,39,1325
2017,6,6,40,893
2017,6,6,41,710
2017,6,6,42,1145
2017,6,6,43,1640
2017,6,6,44,851
2017,6,6,45,2451
2017,6,6,46,1842
2017,6,6,47,694
2017,6,6,48,1578
2017,6,6,49,908
2017,6,6,50,2052
2017,6,7,1,617
2017,6,7,2,1670
2017,6,7,3,1097
2017,6,7,4,620
2017,6,7,5,514
2017,6,7,6,1760
2017,6,7,7,1645
2017,6,7,8,2108
2017,6,7,9,1433
2017,6,7,10,2141
2017,6,7,11,2013
2017,6,7,12,1983
2017,6,7,13,2350
2017,6,7,14,1625
2017,6,7,15,2463
2017,6,7,16,712
2017,6,7,17,950
2017,6,7,18,2395
2017,6,7,19,1149
2017,6,7,20,1429
2017,6,7,21,1133
2017,6,7,22,2307
2017,6,7,23,801
2017,6,7,24,1880
2017,6,7,25,2360
2017,6,7,26,1302
2017,6,7,27,643
2017,6,7,28,2374
2017,6,7,29,2047
2017,6,7,30,1112
2017,6,7,31,1754
2017,6,7,32,1290
2017,6,7,33,2008
2017,6,7,34,726
2017,6,7,35,1926
2017,6,7,36,2183
2017,6,7,37,828
2017,6,7,38,2223
2017,6,7,39,1229
2017,6,7,40,856
2017,6,7,41,607
2017,6,7,42,1072
2017,6,7,43,1456
2017,6,7,44,859
2017,6,7,45,2337
2017,6,7,46,1684
2017,6,7,47,664
2017,6,7,48,1437
2017,6,7,49,826
2017,6,7,50,1885
2017,6,8,1,1061
2017,6,8,2,2938
2017,6,8,3,1810
2017,6,8,4,1081
2017,6,8,5,950
2017,6,8,6,2995
2017,6,8,7,2889
2017,6,8,8,3881
2017,6,8,9,2696
2017,6,8,10,3521
2017,6,8,11,3377
2017,6,8,12,3472
2017,6,8,13,4204
2017,6,8,14,2885
2017,6,8,15,4489
2017,6,8,16,1297
2017,6,8,17,1668
2017,6,8,18,4221
2017,6,8,19,2036
2017,6,8,20,2415
2017,6,8,21,2003
2017,6,8,22,3984
2017,6,8,23,1505
2017,6,8,24,3428
2017,6,8,25,4078
2017,6,8,26,2433
2017,6,8,27,1117
2017,6,8,28,4432
2017,6,8,29,3391
2017,6,8,30,2027
2017,6,8,31,2861
2017,6,8,32,2240
2017,6,8,33,3587
2017,6,8,34,1304
2017,6,8,35,3320
2017,6,8,36,3931
2017,6,8,37,1458
2017,6,8,38,3960
2017,6,8,39,2217
2017,6,8,40,1432
2017,6,8,41,1068
2017,6,8,42,1858
2017,6,8,43,2591
2017,6,8,44,1521
2017,6,8,45,4101
2017,6,8,46,2939
2017,6,8,47,1079
2017,6,8,48,2571
2017,6,8,49,1464
2017,6,8,50,3321
2017,6,9,1,913
2017,6,9,2,2588
2017,6,9,3,1525
2017,6,9,4,879
2017,6,9,5,799
2017,6,9,6,2487
2017,6,9,7,2537
2017,6,9,8,3396
2017,6,9,9,2229
2017,6,9,10,3158
2017,6,9,11,2997
2017,6,9,12,2976
2017,6,9,13,3641
2017,6,9,14,2521
2017,6,9,15,3852
2017,6,9,16,1136
2017,6,9,17,1433
2017,6,9,18,3738
2017,6,9,19,1765
2017,6,9,20,2091
2017,6,9,21,1757
2017,6,9,22,3508
2017,6,9,23,1206
2017,6,9,24,2814
2017,6,9,25,3411
2017,6,9,26,1957
2017,6,9,27,932
2017,6,9,28,3733
2017,6,9,29,2977
2017,6,9,30,1716
2017,6,9,31,2531
2017,6,9,32,1925
2017,6,9,33,2916
2017,6,9,34,1048
2017,6,9,35,2809
2017,6,9,36,3201
2017,6,9,37,1288
2017,6,9,38,3511
2017,6,9,39,1836
2017,6,9,40,1209
2017,6,9,41,962
2017,6,9,42,1538
2017,6,9,43,2258
2017,6,9,44,1246
2017,6,9,45,3589
2017,6,9,46,2506
2017,6,9,47,948
2017,6,9,48,2248
2017,6,9,49,1283
2017,6,9,50,2746
2017,6,10,1,973
2017,6,10,2,2664
2017,6,10,3,1626
2017,6,10,4,1039
2017,6,10,5,865
2017,6,10,6,2691
2017,6,10,7,2630
2017,6,10,8,3504
2017,6,10,9,2371
2017,6,10,10,3442
2017,6,10,11,3129
2017,6,10,12,3171
2017,6,10,13,3813
2017,6,10,14,2749
2017,6,10,15,4044
2017,6,10,16,1160
2017,6,10,17,1511
2017,6,10,18,3918
2017,6,10,19,1823
2017,6,10,20,2193
2017,6,10,21,1836
2017,6,10,22,3659
2017,6,10,23,1379
2017,6,10,24,3004
2017,6,10,25,3560
2017,6,10,26,2197
2017,6,10,27,998
2017,6,10,28,3978
2017,6,10,29,3207
2017,6,10,30,1835
2017,6,10,31,2640
2017,6,10,32,1936
2017,6,10,33,3164
2017,6,10,34,1229
2017,6,10,35,3021
2017,6,10,36,3397
2017,6,10,37,1347
2017,6,10,38,3533
2017,6,10,39,1972
2017,6,10,40,1358
2017,6,10,41,993
2017,6,10,42,1750
2017,6,10,43,2362
2017,6,10,44,1370
2017,6,10,45,3722
2017,6,10,46,2665
2017,6,10,47,1006
2017,6,10,48,2315
2017,6,10,49,1327
2017,6,10,50,3049
2017,7,1,1,873
2017,7,1,2,2370
2017,7,1,3,1501
2017,7,1,4,917
2017,7,1,5,699
2017,7,1,6,2369
2017,7,1,7,2354
2017,7,1,8,3045
2017,7,1,9,2101
2017,7,1,10,2975
2017,7,1,11,2884
2017,7,1,12,2948
2017,7,1,13,3376
2017,7,1,14,2437
2017,7,1,15,3553
2017,7,1,16,1028
2017,7,1,17,1304
2017,7,1,18,3472
2017,7,1,19,1700
2017,7,1,20,1863
2017,7,1,21,1641
2017,7,1,22,3280
2017,7,1,23,1239
2017,7,1,24,2636
2017,7,1,25,3262
2017,7,1,26,1916
2017,7,1,27,898
2017,7,1,28,3560
2017,7,1,29,2855
2017,7,1,30,1675
2017,7,1,31,2355
2017,7,1,32,1764
2017,7,1,33,2814
2017,7,1,34,1066
2017,7,1,35,2589
2017,7,1,36,3211
2017,7,1,37,1187
2017,7,1,38,3233
2017,7,1,39,1838
2017,7,1,40,1198
2017,7,1,41,881
2017,7,1,42,1413
2017,7,1,43,2123
2017,7,1,44,1250
2017,7,1,45,3286
2017,7,1,46,2348
2017,7,1,47,911
2017,7,1,48,2126
2017,7,1,49,1174
2017,7,1,50,2689
2017,7,2,1,1326
2017,7,2,2,3362
2017,7,2,3,2043
2017,7,2,4,1229
2017,7,2,5,1118
2017,7,2,6,3289
2017,7,2,7,3377
2017,7,2,8,4361
2017,7,2,9,2959
2017,7,2,10,4161
2017,7,2,11,4006
2017,7,2,12,4043
2017,7,2,13,4903
2017,7,2,14,3349
2017,7,2,15,5109
2017,7,2,16,1447
2017,7,2,17,1837
2017,7,2,18,5014
2017,7,2,19,2327
2017,7,2,20,2692
2017,7,2,21,2374
2017,7,2,22,4626
2017,7,2,23,1768
2017,7,2,24,3703
2017,7,2,25,4595
2017,7,2,26,2726
2017,7,2,27,1310
2017,7,2,28,4999
2017,7,2,29,4006
2017,7,2,30,2325
2017,7,2,31,3395
2017,7,2,32,2510
2017,7,2,33,4041
2017,7,2,34,1519
2017,7,2,35,3825
2017,7,2,36,4326
2017,7,2,37,1621
2017,7,2,38,4556
2017,7,2,39,2485
2017,7,2,40,1690
2017,7,2,41,1291
2017,7,2,42,2055
2017,7,2,43,2892
2017,7,2,44,1755
2017,7,2,45,4644
2017,7,2,46,3463
2017,7,2,47,1220
2017,7,2,48,2940
2017,7,2,49,1694
2017,7,2,50,3799
2017,7,3,1,1141
2017,7,3,2,2962
2017,7,3,3,1850
2017,7,3,4,1119
2017,7,3,5,937
2017,7,3,6,3022
2017,7,3,7,2993
2017,7,3,8,3997
2017,7,3,9,2639
2017,7,3,10,3654
2017,7,3,11,3519
2017,7,3,12,3587
2017,7,3,13,4343
2017,7,3,14,2965
2017,7,3,15,4446
2017,7,3,16,1261
2017,7,3,17,1671
2017,7,3,18,4298
2017,7,3,19,2031
2017,7,3,20,2383
2017,7,3,21,2057
2017,7,3,22,4073
2017,7,3,23,1485
2017,7,3,24,3426
2017,7,3,25,4137
2017,7,3,26,2503
2017,7,3,27,1137
2017,7,3,28,4483
2017,7,3,29,3543
2017,7,3,30,1975
2017,7,3,31,3054
2017,7,3,32,2250
2017,7,3,33,3523
2017,7,3,34,1231
2017,7,3,35,3262
2017,7,3,36,3931
2017,7,3,37,1465
2017,7,3,38,4191
2017,7,3,39,2255
2017,7,3,40,1538
2017,7,3,41,1111
2017,7,3,42,1906
2017,7,3,43,2624
2017,7,3,44,1472
2017,7,3,45,4147
2017,7,3,46,3048
2017,7,3,47,1179
2017,7,3,48,2576
2017,7,3,49,1517
2017,7,3,50,3452
2017,7,4,1,1087
2017,7,4,2,2788
2017,7,4,3,1728
2017,7,4,4,1089
2017,7,4,5,883
2017,7,4,6,2749
2017,7,4,7,2835
2017,7,4,8,3688
2017,7,4,9,2392
2017,7,4,10,3386
2017,7,4,11,3292
2017,7,4,12,3358
2017,7,4,13,3919
2017,7,4,14,2763
2017,7,4,15,4152
2017,7,4,16,1243
2017,7,4,17,1513
2017,7,4,18,3931
2017,7,4,19,1938
2017,7,4,20,2226
2017,7,4,21,1916
2017,7,4,22,3718
2017,7,4,23,1388
2017,7,4,24,3109
2017,7,4,25,3825
2017,7,4,26,2264
2017,7,4,27,1038
2017,7,4,28,4260
2017,7,4,29,3267
2017,7,4,30,1978
2017,7,4,31,2692
2017,7,4,32,2155
2017,7,4,33,3215
2017,7,4,34,1197
2017,7,4,35,3047
2017,7,4,36,3626
2017,7,4,37,1343
2017,7,4,38,3867
2017,7,4,39,2036
2017,7,4,40,1420
2017,7,4,41,1027
2017,7,4,42,1671
2017,7,4,43,2412
2017,7,4,44,1363
2017,7,4,45,3822
2017,7,4,46,2794
2017,7,4,47,1055
2017,7,4,48,2416
2017,7,4,49,1364
2017,7,4,50,3101
2017,7,5,1,731
2017,7,5,2,1988
2017,7,5,3,1273
2017,7,5,4,727
2017,7,5,5,692
2017,7,5,6,1987
2017,7,5,7,2015
2017,7,5,8,2646
2017,7,5,9,1711
2017,7,5,10,2555
2017,7,5,11,2424
2017,7,5,12,2414
2017,7,5,13,2849
2017,7,5,14,1931
2017,7,5,15,2962
2017,7,5,16,878
2017,7,5,17,1126
2017,7,5,18,2867
2017,7,5,19,1400
2017,7,5,20,1607
2017,7,5,21,1346
2017,7,5,22,2702
2017,7,5,23,1036
2017,7,5,24,2316
2017,7,5,25,2868
2017,7,5,26,1599
2017,7,5,27,768
2017,7,5,28,2984
2017,7,5,29,2391
2017,7,5,30,1326
2017,7,5,31,1938
2017,7,5,32,1523
2017,7,5,33,2411
2017,7,5,34,888
2017,7,5,35,2329
2017,7,5,36,2539
2017,7,5,37,1048
2017,7,5,38,2790
2017,7,5,39,1516
2017,7,5,40,980
2017,7,5,41,740
2017,7,5,42,1208
2017,7,5,43,1688
2017,7,5,44,1005
2017,7,5,45,2613
2017,7,5,46,1996
2017,7,5,47,752
2017,7,5,48,1812
2017,7,5,49,1050
2017,7,5,50,2272
2017,7,6,1,702
2017,7,6,2,1971
2017,7,6,3,1253
2017,7,6,4,715
2017,7,6,5,629
2017,7,6,6,1927
2017,7,6,7,2031
2017,7,6,8,2640
2017,7,6,9,1743
2017,7,6,10,2480
2017,7,6,11,2388
2017,7,6,12,2290
2017,7,6,13,2861
2017,7,6,14,2039
2017,7,6,15,3055
2017,7,6,16,915
2017,7,6,17,1064
2017,7,6,18,2910
2017,7,6,19,1353
2017,7,6,20,1601
2017,7,6,21,1448
2017,7,6,22,2737
2017,7,6,23,1034
2017,7,6,24,2318
2017,7,6,25,2831
2017,7,6,26,1549
2017,7,6,27,768
2017,7,6,28,3057
2017,7,6,29,2361
2017,7,6,30,1360
2017,7,6,31,2006
2017,7,6,32,1571
2017,7,6,33,2479
2017,7,6,34,900
2017,7,6,35,2303
2017,7,6,36,2686
2017,7,6,37,954
2017,7,6,38,2739
2017,7,6,39,1554
2017,7,6,40,1042
2017,7,6,41,747
2017,7,6,42,1240
2017,7,6,43,1804
2017,7,6,44,1014
2017,7,6,45,2736
2017,7,6,46,1985
2017,7,6,47,727
2017,7,6,48,1816
2017,7,6,49,975
2017,7,6,50,2334
2017,7,7,1,698
2017,7,7,2,1828
2017,7,7,3,1184
2017,7,7,4,658
2017,7,7,5,595
2017,7,7,6,1804
2017,7,7,7,1869
2017,7,7,8,2410
2017,7,7,9,1566
2017,7,7,10,2300
2017,7,7,11,2279
2017,7,7,12,2199
2017,7,7,13,2696
2017,7,7,14,1830
2017,7,7,15,2773
2017,7,7,16,811
2017,7,7,17,1066
2017,7,7,18,2601
2017,7,7,19,1275
2017,7,7,20,1508
2017,7,7,21,1271
2017,7,7,22,2455
2017,7,7,23,923
2017,7,7,24,2008
2017,7,7,25,2502
2017,7,7,26,1446
2017,7,7,27,685
2017,7,7,28,2752
2017,7,7,29,2099
2017,7,7,30,1331
2017,7,7,31,1798
2017,7,7,32,1375
2017,7,7,33,2151
2017,7,7,34,816
2017,7,7,35,2104
2017,7,7,36,2400
2017,7,7,37,920
2017,7,7,38,2489
2017,7,7,39,1391
2017,7,7,40,908
2017,7,7,41,710
2017,7,7,42,1060
2017,7,7,43,1607
2017,7,7,44,914
2017,7,7,45,2533
2017,7,7,46,1754
2017,7,7,47,731
2017,7,7,48,1512
2017,7,7,49,898
2017,7,7,50,2064
2017,7,8,1,1224
2017,7,8,2,3385
2017,7,8,3,2091
2017,7,8,4,1236
2017,7,8,5,955
2017,7,8,6,3173
2017,7,8,7,3154
2017,7,8,8,4057
2017,7,8,9,2792
2017,7,8,10,3953
2017,7,8,11,3833
2017,7,8,12,3720
2017,7,8,13,4551
2017,7,8,14,3199
2017,7,8,15,4814
2017,7,8,16,1402
2017,7,8,17,1793
2017,7,8,18,4650
2017,7,8,19,2170
2017,7,8,20,2623
2017,7,8,21,2256
2017,7,8,22,4428
2017,7,8,23,1597
2017,7,8,24,3535
2017,7,8,25,4345
2017,7,8,26,2556
2017,7,8,27,1196
2017,7,8,28,4895
2017,7,8,29,3823
2017,7,8,30,2246
2017,7,8,31,3295
2017,7,8,32,2428
2017,7,8,33,3854
2017,7,8,34,1459
2017,7,8,35,3591
2017,7,8,36,4288
2017,7,8,37,1625
2017,7,8,38,4481
2017,7,8,39,2443
2017,7,8,40,1571
2017,7,8,41,1183
2017,7,8,42,1984
2017,7,8,43,2817
2017,7,8,44,1591
2017,7,8,45,4410
2017,7,8,46,3203
2017,7,8,47,1261
2017,7,8,48,2925
2017,7,8,49,1697
2017,7,8,50,3550
2017,7,9,1,1067
2017,7,9,2,2653
2017,7,9,3,1733
2017,7,9,4,1074
2017,7,9,5,859
2017,7,9,6,2732
2017,7,9,7,2730
2017,7,9,8,3668
2017,7,9,9,2365
2017,7,9,10,3504
2017,7,9,11,3243
2017,7,9,12,3299
2017,7,9,13,3921
2017,7,9,14,2775
2017,7,9,15,4151
2017,7,9,16,1255
2017,7,9,17,1622
2017,7,9,18,4110
2017,7,9,19,1944
2017,7,9,20,2129
2017,7,9,21,1851
2017,7,9,22,3800
2017,7,9,23,1323
2017,7,9,24,3035
2017,7,9,25,3815
2017,7,9,26,2222
2017,7,9,27,1045
2017,7,9,28,4137
2017,7,9,29,3274
2017,7,9,30,1840
2017,7,9,31,2666
2017,7,9,32,2054
2017,7,9,33,3298
2017,7,9,34,1222
2017,7,9,35,3130
2017,7,9,36,3658
2017,7,9,37,1366
2017,7,9,38,3782
2017,7,9,39,2041
2017,7,9,40,1342
2017,7,9,41,1100
2017,7,9,42,1767
2017,7,9,43,2422
2017,7,9,44,1319
2017,7,9,45,3849
2017,7,9,46,2798
2017,7,9,47,1053
2017,7,9,48,2377
2017,7,9,49,1464
2017,7,9,50,3140
2017,7,10,1,1111
2017,7,10,2,2886
2017,7,10,3,1895
2017,7,10,4,1081
2017,7,10,5,875
2017,7,10,6,3018
2017,7,10,7,3036
2017,7,10,8,3961
2017,7,10,9,2581
2017,7,10,10,3622
2017,7,10,11,3532
2017,7,10,12,3511
2017,7,10,13,4275
2017,7,10,14,3003
2017,7,10,15,4382
2017,7,10,16,1336
2017,7,10,17,1694
2017,7,10,18,4317
2017,7,10,19,1951
2017,7,10,20,2407
2017,7,10,21,2051
2017,7,10,22,3994
2017,7,10,23,1483
2017,7,10,24,3362
2017,7,10,25,4105
2017,7,10,26,2402
2017,7,10,27,1078
2017,7,10,28,4397
2017,7,10,29,3536
2017,7,10,30,1991
2017,7,10,31,2949
2017,7,10,32,2234
2017,7,10,33,3567
2017,7,10,34,1255
2017,7,10,35,3216
2017,7,10,36,3879
2017,7,10,37,1419
2017,7,10,38,3921
2017,7,10,39,2151
2017,7,10,40,1463
2017,7,10,41,1107
2017,7,10,42,1874
2017,7,10,43,2595
2017,7,10,44,1400
2017,7,10,45,4154
2017,7,10,46,2961
2017,7,10,47,1169
2017,7,10,48,2661
2017,7,10,49,1479
2017,7,10,50,3311
2017,8,1,1,794
2017,8,1,2,2089
2017,8,1,3,1278
2017,8,1,4,780
2017,8,1,5,637
2017,8,1,6,2092
2017,8,1,7,2017
2017,8,1,8,2735
2017,8,1,9,1841
2017,8,1,10,2724
2017,8,1,11,2569
2017,8,1,12,2464
2017,8,1,13,3057
2017,8,1,14,2095
2017,8,1,15,3201
2017,8,1,16,933
2017,8,1,17,1184
2017,8,1,18,2973
2017,8,1,19,1402
2017,8,1,20,1646
2017,8,1,21,1455
2017,8,1,22,2822
2017,8,1,23,1009
2017,8,1,24,2324
2017,8,1,25,2830
2017,8,1,26,1689
2017,8,1,27,776
2017,8,1,28,3104
2017,8,1,29,2479
2017,8,1,30,1459
2017,8,1,31,2122
2017,8,1,32,1548
2017,8,1,33,2523
2017,8,1,34,893
2017,8,1,35,2355
2017,8,1,36,2637
2017,8,1,37,1069
2017,8,1,38,2895
2017,8,1,39,1525
2017,8,1,40,1007
2017,8,1,41,781
2017,8,1,42,1247
2017,8,1,43,1808
2017,8,1,44,1059
2017,8,1,45,2804
2017,8,1,46,2122
2017,8,1,47,829
2017,8,1,48,1814
2017,8,1,49,1011
2017,8,1,50,2349
2017,8,2,1,1120
2017,8,2,2,2894
2017,8,2,3,1860
2017,8,2,4,1110
2017,8,2,5,871
2017,8,2,6,2927
2017,8,2,7,3008
2017,8,2,8,3884
2017,8,2,9,2580
2017,8,2,10,3753
2017,8,2,11,3546
2017,8,2,12,3490
2017,8,2,13,4238
2017,8,2,14,2997
2017,8,2,15,4452
2017,8,2,16,1319
2017,8,2,17,1738
2017,8,2,18,4398
2017,8,2,19,1979
2017,8,2,20,2434
2017,8,2,21,1973
2017,8,2,22,4059
2017,8,2,23,1518
2017,8,2,24,3307
2017,8,2,25,4000
2017,8,2,26,2369
2017,8,2,27,1112
2017,8,2,28,4410
2017,8,2,29,3537
2017,8,2,30,2096
2017,8,2,31,2969
2017,8,2,32,2280
2017,8,2,33,3570
2017,8,2,34,1281
2017,8,2,35,3382
2017,8,2,36,3817
2017,8,2,37,1504
2017,8,2,38,3915
2017,8,2,39,2210
2017,8,2,40,1467
2017,8,2,41,1175
2017,8,2,42,1925
2017,8,2,43,2542
2017,8,2,44,1452
2017,8,2,45,4024
2017,8,2,46,2921
2017,8,2,47,1097
2017,8,2,48,2617
2017,8,2,49,1447
2017,8,2,50,3289
2017,8,3,1,942
2017,8,3,2,2555
2017,8,3,3,1624
2017,8,3,4,998
2017,8,3,5,807
2017,8,3,6,2606
2017,8,3,7,2601
2017,8,3,8,3397
2017,8,3,9,2335
2017,8,3,10,3292
2017,8,3,11,3083
2017,8,3,12,3027
2017,8,3,13,3762
2017,8,3,14,2596
2017,8,3,15,3908
2017,8,3,16,1130
2017,8,3,17,1461
2017,8,3,18,3792
2017,8,3,19,1848
2017,8,3,20,2080
2017,8,3,21,1786
2017,8,3,22,3554
2017,8,3,23,1318
2017,8,3,24,2903
2017,8,3,25,3584
2017,8,3,26,2166
2017,8,3,27,974
2017,8,3,28,3958
2017,8,3,29,3083
2017,8,3,30,1723
2017,8,3,31,2647
2017,8,3,32,2002
2017,8,3,33,3224
2017,8,3,34,1143
2017,8,3,35,2859
2017,8,3,36,3591
2017,8,3,37,1254
2017,8,3,38,3515
2017,8,3,39,2016
2017,8,3,40,1383
2017,8,3,41,1041
2017,8,3,42,1644
2017,8,3,43,2289
2017,8,3,44,1336
2017,8,3,45,3611
2017,8,3,46,2582
2017,8,3,47,959
2017,8,3,48,2315
2017,8,3,49,1315
2017,8,3,50,2944
2017,8,4,1,855
2017,8,4,2,2391
2017,8,4,3,1530
2017,8,4,4,899
2017,8,4,5,764
2017,8,4,6,2447
2017,8,4,7,2407
2017,8,4,8,3130
2017,8,4,9,2067
2017,8,4,10,3003
2017,8,4,11,2833
2017,8,4,12,2838
2017,8,4,13,3477
2017,8,4,14,2455
2017,8,4,15,3710
2017,8,4,16,1060
2017,8,4,17,1390
2017,8,4,18,3544
2017,8,4,19,1636
2017,8,4,20,2007
2017,8,4,21,1672
2017,8,4,22,3340
2017,8,4,23,1171
2017,8,4,24,2731
2017,8,4,25,3331
2017,8,4,26,1920
2017,8,4,27,908
2017,8,4,28,3584
2017,8,4,29,2956
2017,8,4,30,1650
2017,8,4,31,2365
2017,8,4,32,1763
2017,8,4,33,2975
2017,8,4,34,1111
2017,8,4,35,2714
2017,8,4,36,3133
2017,8,4,37,1186
2017,8,4,38,3336
2017,8,4,39,1873
2017,8,4,40,1240
2017,8,4,41,947
2017,8,4,42,1527
2017,8,4,43,2148
2017,8,4,44,1204
2017,8,4,45,3342
2017,8,4,46,2404
2017,8,4,47,929
2017,8,4,48,2112
2017,8,4,49,1241
2017,8,4,50,2733
2017,8,5,1,653
2017,8,5,2,1762
2017,8,5,3,1087
2017,8,5,4,598
2017,8,5,5,533
2017,8,5,6,1747
2017,8,5,7,1762
2017,8,5,8,2284
2017,8,5,9,1528
2017,8,5,10,2253
2017,8,5,11,2113
2017,8,5,12,2101
2017,8,5,13,2506
2017,8,5,14,1656
2017,8,5,15,2624
2017,8,5,16,774
2017,8,5,17,1024
2017,8,5,18,2525
2017,8,5,19,1210
2017,8,5,20,1404
2017,8,5,21,1159
2017,8,5,22,2473
2017,8,5,23,852
2017,8,5,24,1989
2017,8,5,25,2417
2017,8,5,26,1450
2017,8,5,27,638
2017,8,5,28,2627
2017,8,5,29,2029
2017,8,5,30,1173
2017,8,5,31,1774
2017,8,5,32,1299
2017,8,5,33,2067
2017,8,5,34,752
2017,8,5,35,1993
2017,8,5,36,2324
2017,8,5,37,905
2017,8,5,38,2346
2017,8,5,39,1274
2017,8,5,40,884
2017,8,5,41,673
2017,8,5,42,1099
2017,8,5,43,1523
2017,8,5,44,839
2017,8,5,45,2443
2017,8,5,46,1757
2017,8,5,47,651
2017,8,5,48,1531
2017,8,5,49,891
2017,8,5,50,2015
2017,8,6,1,642
2017,8,6,2,1745
2017,8,6,3,1158
2017,8,6,4,675
2017,8,6,5,495
2017,8,6,6,1799
2017,8,6,7,1755
2017,8,6,8,2308
2017,8,6,9,1550
2017,8,6,10,2182
2017,8,6,11,2130
2017,8,6,12,2104
2017,8,6,13,2578
2017,8,6,14,1753
2017,8,6,15,2663
2017,8,6,16,760
2017,8,6,17,984
2017,8,6,18,2475
2017,8,6,19,1234
2017,8,6,20,1382
2017,8,6,21,1190
2017,8,6,22,2450
2017,8,6,23,874
2017,8,6,24,1940
2017,8,6,25,2541
2017,8,6,26,1410
2017,8,6,27,665
2017,8,6,28,2603
2017,8,6,29,2126
2017,8,6,30,1199
2017,8,6,31,1729
2017,8,6,32,1261
2017,8,6,33,2077
2017,8,6,34,731
2017,8,6,35,1927
2017,8,6,36,2277
2017,8,6,37,873
2017,8,6,38,2412
2017,8,6,39,1289
2017,8,6,40,874
2017,8,6,41,627
2017,8,6,42,1069
2017,8,6,43,1478
2017,8,6,44,906
2017,8,6,45,2439
2017,8,6,46,1711
2017,8,6,47,647
2017,8,6,48,1534
2017,8,6,49,805
2017,8,6,50,2025
2017,8,7,1,574
2017,8,7,2,1624
2017,8,7,3,1033
2017,8,7,4,574
2017,8,7,5,498
2017,8,7,6,1607
2017,8,7,7,1601
2017,8,7,8,2051
2017,8,7,9,1452
2017,8,7,10,2020
2017,8,7,11,1906
2017,8,7,12,1840
2017,8,7,13,2346
2017,8,7,14,1532
2017,8,7,15,2448
2017,8,7,16,714
2017,8,7,17,915
2017,8,7,18,2282
2017,8,7,19,1089
2017,8,7,20,1282
2017,8,7,21,1158
2017,8,7,22,2220
2017,8,7,23,797
2017,8,7,24,1841
2017,8,7,25,2231
2017,8,7,26,1324
2017,8,7,27,643
2017,8,7,28,2443
2017,8,7,29,1915
2017,8,7,30,1017
2017,8,7,31,1580
2017,8,7,32,1121
2017,8,7,33,1936
2017,8,7,34,696
2017,8,7,35,1816
2017,8,7,36,2043
2017,8,7,37,787
2017,8,7,38,2172
2017,8,7,39,1185
2017,8,7,40,785
2017,8,7,41,637
2017,8,7,42,979
2017,8,7,43,1445
2017,8,7,44,793
2017,8,7,45,2261
2017,8,7,46,1594
2017,8,7,47,625
2017,8,7,48,1417
2017,8,7,49,816
2017,8,7,50,1777
2017,8,8,1,1060
2017,8,8,2,2721
2017,8,8,3,1813
2017,8,8,4,1060
2017,8,8,5,880
2017,8,8,6,2850
2017,8,8,7,2708
2017,8,8,8,3795
2017,8,8,9,2554
2017,8,8,10,3568
2017,8,8,11,3348
2017,8,8,12,3326
2017,8,8,13,4143
2017,8,8,14,2845
2017,8,8,15,4165
2017,8,8,16,1240
2017,8,8,17,1541
2017,8,8,18,4030
2017,8,8,19,2024
2017,8,8,20,2257
2017,8,8,21,1949
2017,8,8,22,3939
2017,8,8,23,1412
2017,8,8,24,3115
2017,8,8,25,3848
2017,8,8,26,2254
2017,8,8,27,1149
2017,8,8,28,4274
2017,8,8,29,3314
2017,8,8,30,1980
2017,8,8,31,2863
2017,8,8,32,2150
2017,8,8,33,3371
2017,8,8,34,1261
2017,8,8,35,3123
2017,8,8,36,3692
2017,8,8,37,1397
2017,8,8,38,3837
2017,8,8,39,2163
2017,8,8,40,1399
2017,8,8,41,1103
2017,8,8,42,1767
2017,8,8,43,2476
2017,8,8,44,1359
2017,8,8,45,3927
2017,8,8,46,2857
2017,8,8,47,1066
2017,8,8,48,2429
2017,8,8,49,1403
2017,8,8,50,3167
2017,8,9,1,963
2017,8,9,2,2336
2017,8,9,3,1465
2017,8,9,4,913
2017,8,9,5,796
2017,8,9,6,2429
2017,8,9,7,2387
2017,8,9,8,3231
2017,8,9,9,2152
2017,8,9,10,3028
2017,8,9,11,2898
2017,8,9,12,2939
2017,8,9,13,3529
2017,8,9,14,2351
2017,8,9,15,3564
2017,8,9,16,1048
2017,8,9,17,1385
2017,8,9,18,3441
2017,8,9,19,1665
2017,8,9,20,1915
2017,8,9,21,1704
2017,8,9,22,3379
2017,8,9,23,1230
2017,8,9,24,2722
2017,8,9,25,3405
2017,8,9,26,1933
2017,8,9,27,894
2017,8,9,28,3614
2017,8,9,29,3012
2017,8,9,30,1680
2017,8,9,31,2405
2017,8,9,32,1853
2017,8,9,33,2879
2017,8,9,34,1078
2017,8,9,35,2772
2017,8,9,36,3141
2017,8,9,37,1227
2017,8,9,38,3353
2017,8,9,39,1846
2017,8,9,40,1265
2017,8,9,41,925
2017,8,9,42,1444
2017,8,9,43,2153
2017,8,9,44,1236
2017,8,9,45,3321
2017,8,9,46,2306
2017,8,9,47,916
2017,8,9,48,2004
2017,8,9,49,1293
2017,8,9,50,2713
2017,8,10,1,945
2017,8,10,2,2654
2017,8,10,3,1680
2017,8,10,4,934
2017,8,10,5,850
2017,8,10,6,2523
2017,8,10,7,2585
2017,8,10,8,3430
2017,8,10,9,2244
2017,8,10,10,3259
2017,8,10,11,3005
2017,8,10,12,3148
2017,8,10,13,3773
2017,8,10,14,2597
2017,8,10,15,3877
2017,8,10,16,1126
2017,8,10,17,1482
2017,8,10,18,3687
2017,8,10,19,1823
2017,8,10,20,2150
2017,8,10,21,1784
2017,8,10,22,3540
2017,8,10,23,1300
2017,8,10,24,2927
2017,8,10,25,3583
2017,8,10,26,2123
2017,8,10,27,940
2017,8,10,28,3847
2017,8,10,29,3011
2017,8,10,30,1846
2017,8,10,31,2606
2017,8,10,32,1973
2017,8,10,33,3105
2017,8,10,34,1153
2017,8,10,35,2896
2017,8,10,36,3441
2017,8,10,37,1292
2017,8,10,38,3581
2017,8,10,39,1877
2017,8,10,40,1285
2017,8,10,41,954
2017,8,10,42,1566
2017,8,10,43,2284
2017,8,10,44,1301
2017,8,10,45,3570
2017,8,10,46,2534
2017,8,10,47,1043
2017,8,10,48,2231
2017,8,10,49,1296
2017,8,10,50,2867
2017,9,1,1,736
2017,9,1,2,1923
2017,9,1,3,1200
2017,9,1,4,649
2017,9,1,5,589
2017,9,1,6,1838
2017,9,1,7,1903
2017,9,1,8,2547
2017,9,1,9,1707
2017,9,1,10,2369
2017,9,1,11,2286
2017,9,1,12,2268
2017,9,1,13,2715
2017,9,1,14,1934
2017,9,1,15,2813
2017,9,1,16,833
2017,9,1,17,1073
2017,9,1,18,2685
2017,9,1,19,1370
2017,9,1,20,1468
2017,9,1,21,1292
2017,9,1,22,2696
2017,9,1,23,945
2017,9,1,24,2154
2017,9,1,25,2624
2017,9,1,26,1542
2017,9,1,27,729
2017,9,1,28,2791
2017,9,1,29,2251
2017,9,1,30,1325
2017,9,1,31,1888
2017,9,1,32,1482
2017,9,1,33,2244
2017,9,1,34,819
2017,9,1,35,2113
2017,9,1,36,2459
2017,9,1,37,948
2017,9,1,38,2646
2017,9,1,39,1447
2017,9,1,40,942
2017,9,1,41,701
2017,9,1,42,1240
2017,9,1,43,1672
2017,9,1,44,942
2017,9,1,45,2569
2017,9,1,46,1894
2017,9,1,47,692
2017,9,1,48,1690
2017,9,1,49,964
2017,9,1,50,2152
2017,9,2,1,1000
2017,9,2,2,2713
2017,9,2,3,1649
2017,9,2,4,1025
2017,9,2,5,813
2017,9,2,6,2668
2017,9,2,7,2658
2017,9,2,8,3501
2017,9,2,9,2299
2017,9,2,10,3440
2017,9,2,11,3224
2017,9,2,12,3163
2017,9,2,13,3922
2017,9,2,14,2715
2017,9,2,15,4010
2017,9,2,16,1269
2017,9,2,17,1462
2017,9,2,18,3902
2017,9,2,19,1849
2017,9,2,20,2262
2017,9,2,21,1823
2017,9,2,22,3665
2017,9,2,23,1282
2017,9,2,24,3119
2017,9,2,25,3649
2017,9,2,26,2162
2017,9,2,27,1029
2017,9,2,28,4198
2017,9,2,29,3182
2017,9,2,30,1846
2017,9,2,31,2680
2017,9,2,32,2105
2017,9,2,33,3154
2017,9,2,34,1220
2017,9,2,35,3069
2017,9,2,36,3530
2017,9,2,37,1347
2017,9,2,38,3813
2017,9,2,39,1963
2017,9,2,40,1351
2017,9,2,41,1000
2017,9,2,42,1600
2017,9,2,43,2286
2017,9,2,44,1355
2017,9,2,45,3695
2017,9,2,46,2656
2017,9,2,47,996
2017,9,2,48,2377
2017,9,2,49,1316
2017,9,2,50,3026
2017,9,3,1,865
2017,9,3,2,2408
2017,9,3,3,1461
2017,9,3,4,870
2017,9,3,5,773
2017,9,3,6,2370
2017,9,3,7,2349
2017,9,3,8,3155
2017,9,3,9,2094
2017,9,3,10,2996
2017,9,3,11,2854
2017,9,3,12,2824
2017,9,3,13,3474
2017,9,3,14,2413
2017,9,3,15,3534
2017,9,3,16,1069
2017,9,3,17,1332
2017,9,3,18,3428
2017,9,3,19,1579
2017,9,3,20,1964
2017,9,3,21,1696
2017,9,3,22,3210
2017,9,3,23,1178
2017,9,3,24,2736
2017,9,3,25,3262
2017,9,3,26,1900
2017,9,3,27,912
2017,9,3,28,3576
2017,9,3,29,2876
2017,9,3,30,1712
2017,9,3,31,2452
2017,9,3,32,1906
2017,9,3,33,2811
2017,9,3,34,1030
2017,9,3,35,2655
2017,9,3,36,3155
2017,9,3,37,1152
2017,9,3,38,3224
2017,9,3,39,1889
2017,9,3,40,1221
2017,9,3,41,928
2017,9,3,42,1518
2017,9,3,43,2092
2017,9,3,44,1209
2017,9,3,45,3360
2017,9,3,46,2405
2017,9,3,47,840
2017,9,3,48,2127
2017,9,3,49,1158
2017,9,3,50,2598
2017,9,4,1,835
2017,9,4,2,2294
2017,9,4,3,1392
2017,9,4,4,775
2017,9,4,5,719
2017,9,4,6,2211
2017,9,4,7,2168
2017,9,4,8,2952
2017,9,4,9,1948
2017,9,4,10,2655
2017,9,4,11,2573
2017,9,4,12,2626
2017,9,4,13,3152
2017,9,4,14,2213
2017,9,4,15,3296
2017,9,4,16,971
2017,9,4,17,1317
2017,9,4,18,3144
2017,9,4,19,1537
2017,9,4,20,1766
2017,9,4,21,1535
2017,9,4,22,3088
2017,9,4,23,1098
2017,9,4,24,2436
2017,9,4,25,3010
2017,9,4,26,1799
2017,9,4,27,838
2017,9,4,28,3222
2017,9,4,29,2620
2017,9,4,30,1464
2017,9,4,31,2200
2017,9,4,32,1640
2017,9,4,33,2590
2017,9,4,34,937
2017,9,4,35,2526
2017,9,4,36,2926
2017,9,4,37,1122
2017,9,4,38,3072
2017,9,4,39,1674
2017,9,4,40,1105
2017,9,4,41,865
2017,9,4,42,1421
2017,9,4,43,1946
2017,9,4,44,1089
2017,9,4,45,3167
2017,9,4,46,2154
2017,9,4,47,854
2017,9,4,48,1903
2017,9,4,49,1109
2017,9,4,50,2433
2017,9,5,1,610
2017,9,5,2,1647
2017,9,5,3,988
2017,9,5,4,612
2017,9,5,5,500
2017,9,5,6,1599
2017,9,5,7,1615
2017,9,5,8,2170
2017,9,5,9,1363
2017,9,5,10,2071
2017,9,5,11,1812
2017,9,5,12,1787
2017,9,5,13,2237
2017,9,5,14,1634
2017,9,5,15,2365
2017,9,5,16,712
2017,9,5,17,880
2017,9,5,18,2322
2017,9,5,19,1117
2017,9,5,20,1278
2017,9,5,21,1087
2017,9,5,22,2182
2017,9,5,23,781
2017,9,5,24,1824
2017,9,5,25,2270
2017,9,5,26,1310
2017,9,5,27,621
2017,9,5,28,2418
2017,9,5,29,1894
2017,9,5,30,1109
2017,9,5,31,1652
2017,9,5,32,1218
2017,9,5,33,1902
2017,9,5,34,729
2017,9,5,35,1860
2017,9,5,36,2074
2017,9,5,37,765
2017,9,5,38,2207
2017,9,5,39,1207
2017,9,5,40,784
2017,9,5,41,597
2017,9,5,42,1040
2017,9,5,43,1438
2017,9,5,44,769
2017,9,5,45,2257
2017,9,5,46,1550
2017,9,5,47,547
2017,9,5,48,1390
2017,9,5,49,839
2017,9,5,50,1800
2017,9,6,1,579
2017,9,6,2,1618
2017,9,6,3,972
2017,9,6,4,607
2017,9,6,5,486
2017,9,6,6,1564
2017,9,6,7,1565
2017,9,6,8,2063
2017,9,6,9,1451
2017,9,6,10,1972
2017,9,6,11,1856
2017,9,6,12,1888
2017,9,6,13,2275
2017,9,6,14,1641
2017,9,6,15,2491
2017,9,6,16,644
2017,9,6,17,903
2017,9,6,18,2229
2017,9,6,19,1066
2017,9,6,20,1315
2017,9,6,21,1039
2017,9,6,22,2188
2017,9,6,23,836
2017,9,6,24,1797
2017,9,6,25,2146
2017,9,6,26,1337
2017,9,6,27,569
2017,9,6,28,2337
2017,9,6,29,1912
2017,9,6,30,1088
2017,9,6,31,1645
2017,9,6,32,1219
2017,9,6,33,1831
2017,9,6,34,744
2017,9,6,35,1701
2017,9,6,36,2095
2017,9,6,37,827
2017,9,6,38,2180
2017,9,6,39,1125
2017,9,6,40,851
2017,9,6,41,594
2017,9,6,42,1007
2017,9,6,43,1402
2017,9,6,44,740
2017,9,6,45,2227
2017,9,6,46,1554
2017,9,6,47,603
2017,9,6,48,1418
2017,9,6,49,807
2017,9,6,50,1778
2017,9,7,1,540
2017,9,7,2,1478
2017,9,7,3,885
2017,9,7,4,529
2017,9,7,5,461
2017,9,7,6,1419
2017,9,7,7,1456
2017,9,7,8,1934
2017,9,7,9,1270
2017,9,7,10,1817
2017,9,7,11,1745
2017,9,7,12,1699
2017,9,7,13,2089
2017,9,7,14,1443
2017,9,7,15,2178
2017,9,7,16,575
2017,9,7,17,837
2017,9,7,18,2121
2017,9,7,19,1001
2017,9,7,20,1164
2017,9,7,21,982
2017,9,7,22,2051
2017,9,7,23,752
2017,9,7,24,1583
2017,9,7,25,2008
2017,9,7,26,1189
2017,9,7,27,524
2017,9,7,28,2182
2017,9,7,29,1729
2017,9,7,30,1007
2017,9,7,31,1432
2017,9,7,32,1082
2017,9,7,33,1754
2017,9,7,34,660
2017,9,7,35,1641
2017,9,7,36,1965
2017,9,7,37,742
2017,9,7,38,2029
2017,9,7,39,1105
2017,9,7,40,732
2017,9,7,41,525
2017,9,7,42,903
2017,9,7,43,1288
2017,9,7,44,777
2017,9,7,45,2031
2017,9,7,46,1512
2017,9,7,47,566
2017,9,7,48,1280
2017,9,7,49,764
2017,9,7,50,1554
2017,9,8,1,976
2017,9,8,2,2562
2017,9,8,3,1619
2017,9,8,4,977
2017,9,8,5,856
2017,9,8,6,2495
2017,9,8,7,2526
2017,9,8,8,3348
2017,9,8,9,2238
2017,9,8,10,3157
2017,9,8,11,2971
2017,9,8,12,3107
2017,9,8,13,3651
2017,9,8,14,2561
2017,9,8,15,3799
2017,9,8,16,1116
2017,9,8,17,1408
2017,9,8,18,3716
2017,9,8,19,1830
2017,9,8,20,2099
2017,9,8,21,1769
2017,9,8,22,3557
2017,9,8,23,1290
2017,9,8,24,2969
2017,9,8,25,3562
2017,9,8,26,2064
2017,9,8,27,966
2017,9,8,28,3855
2017,9,8,29,3108
2017,9,8,30,1768
2017,9,8,31,2499
2017,9,8,32,1838
2017,9,8,33,3006
2017,9,8,34,1080
2017,9,8,35,2808
2017,9,8,36,3336
2017,9,8,37,1326
2017,9,8,38,3650
2017,9,8,39,1849
2017,9,8,40,1298
2017,9,8,41,968
2017,9,8,42,1544
2017,9,8,43,2235
2017,9,8,44,1306
2017,9,8,45,3531
2017,9,8,46,2597
2017,9,8,47,956
2017,9,8,48,2275
2017,9,8,49,1318
2017,9,8,50,2940
2017,9,9,1,837
2017,9,9,2,2273
2017,9,9,3,1332
2017,9,9,4,886
2017,9,9,5,646
2017,9,9,6,2223
2017,9,9,7,2232
2017,9,9,8,2911
2017,9,9,9,1875
2017,9,9,10,2771
2017,9,9,11,2570
2017,9,9,12,2714
2017,9,9,13,3328
2017,9,9,14,2186
2017,9,9,15,3377
2017,9,9,16,933
2017,9,9,17,1203
2017,9,9,18,3195
2017,9,9,19,1504
2017,9,9,20,1826
2017,9,9,21,1520
2017,9,9,22,3106
2017,9,9,23,1120
2017,9,9,24,2499
2017,9,9,25,3130
2017,9,9,26,1773
2017,9,9,27,842
2017,9,9,28,3344
2017,9,9,29,2641
2017,9,9,30,1525
2017,9,9,31,2251
2017,9,9,32,1601
2017,9,9,33,2607
2017,9,9,34,976
2017,9,9,35,2563
2017,9,9,36,3002
2017,9,9,37,1128
2017,9,9,38,3009
2017,9,9,39,1644
2017,9,9,40,1083
2017,9,9,41,805
2017,9,9,42,1381
2017,9,9,43,1936
2017,9,9,44,1169
2017,9,9,45,3160
2017,9,9,46,2203
2017,9,9,47,800
2017,9,9,48,1896
2017,9,9,49,1086
2017,9,9,50,2441
2017,9,10,1,865
2017,9,10,2,2378
2017,9,10,3,1470
2017,9,10,4,865
2017,9,10,5,720
2017,9,10,6,2381
2017,9,10,7,2357
2017,9,10,8,3141
2017,9,10,9,2028
2017,9,10,10,3010
2017,9,10,11,2791
2017,9,10,12,2820
2017,9,10,13,3417
2017,9,10,14,2345
2017,9,10,15,3503
2017,9,10,16,1091
2017,9,10,17,1306
2017,9,10,18,3271
2017,9,10,19,1641
2017,9,10,20,1968
2017,9,10,21,1654
2017,9,10,22,3299
2017,9,10,23,1206
2017,9,10,24,2643
2017,9,10,25,3223
2017,9,10,26,1882
2017,9,10,27,880
2017,9,10,28,3558
2017,9,10,29,2741
2017,9,10,30,1616
2017,9,10,31,2316
2017,9,10,32,1762
2017,9,10,33,2871
2017,9,10,34,972
2017,9,10,35,2642
2017,9,10,36,2997
2017,9,10,37,1221
2017,9,10,38,3284
2017,9,10,39,1832
2017,9,10,40,1115
2017,9,10,41,882
2017,9,10,42,1488
2017,9,10,43,2048
2017,9,10,44,1168
2017,9,10,45,3253
2017,9,10,46,2376
2017,9,10,47,840
2017,9,10,48,2052
2017,9,10,49,1149
2017,9,10,50,2586
2017,10,1,1,660
2017,10,1,2,1748
2017,10,1,3,1100
2017,10,1,4,680
2017,10,1,5,565
2017,10,1,6,1773
2017,10,1,7,1823
2017,10,1,8,2378
2017,10,1,9,1520
2017,10,1,10,2202
2017,10,1,11,2214
2017,10,1,12,2113
2017,10,1,13,2595
2017,10,1,14,1778
2017,10,1,15,2742
2017,10,1,16,754
2017,10,1,17,1024
2017,10,1,18,2691
2017,10,1,19,1232
2017,10,1,20,1471
2017,10,1,21,1257
2017,10,1,22,2503
2017,10,1,23,957
2017,10,1,24,2005
2017,10,1,25,2472
2017,10,1,26,1552
2017,10,1,27,637
2017,10,1,28,2735
2017,10,1,29,2153
2017,10,1,30,1273
2017,10,1,31,1881
2017,10,1,32,1356
2017,10,1,33,2147
2017,10,1,34,808
2017,10,1,35,2026
2017,10,1,36,2288
2017,10,1,37,940
2017,10,1,38,2469
2017,10,1,39,1354
2017,10,1,40,917
2017,10,1,41,652
2017,10,1,42,1140
2017,10,1,43,1578
2017,10,1,44,917
2017,10,1,45,2453
2017,10,1,46,1803
2017,10,1,47,702
2017,10,1,48,1552
2017,10,1,49,927
2017,10,1,50,2002
2017,10,2,1,998
2017,10,2,2,2551
2017,10,2,3,1579
2017,10,2,4,947
2017,10,2,5,789
2017,10,2,6,2518
2017,10,2,7,2557
2017,10,2,8,3431
2017,10,2,9,2188
2017,10,2,10,3193
2017,10,2,11,3021
2017,10,2,12,2997
2017,10,2,13,3646
2017,10,2,14,2606
2017,10,2,15,3821
2017,10,2,16,1148
2017,10,2,17,1421
2017,10,2,18,3766
2017,10,2,19,1732
2017,10,2,20,2036
2017,10,2,21,1771
2017,10,2,22,3542
2017,10,2,23,1307
2017,10,2,24,2936
2017,10,2,25,3560
2017,10,2,26,2028
2017,10,2,27,984
2017,10,2,28,3834
2017,10,2,29,3011
2017,10,2,30,1761
2017,10,2,31,2521
2017,10,2,32,2024
2017,10,2,33,3032
2017,10,2,34,1156
2017,10,2,35,2839
2017,10,2,36,3457
2017,10,2,37,1250
2017,10,2,38,3694
2017,10,2,39,1935
2017,10,2,40,1249
2017,10,2,41,978
2017,10,2,42,1592
2017,10,2,43,2295
2017,10,2,44,1315
2017,10,2,45,3400
2017,10,2,46,2563
2017,10,2,47,993
2017,10,2,48,2276
2017,10,2,49,1276
2017,10,2,50,2968
2017,10,3,1,884
2017,10,3,2,2227
2017,10,3,3,1407
2017,10,3,4,859
2017,10,3,5,730
2017,10,3,6,2263
2017,10,3,7,2282
2017,10,3,8,2984
2017,10,3,9,1899
2017,10,3,10,2921
2017,10,3,11,2761
2017,10,3,12,2660
2017,10,3,13,3228
2017,10,3,14,2306
2017,10,3,15,3402
2017,10,3,16,1011
2017,10,3,17,1301
2017,10,3,18,3271
2017,10,3,19,1479
2017,10,3,20,1897
2017,10,3,21,1614
2017,10,3,22,3110
2017,10,3,23,1149
2017,10,3,24,2551
2017,10,3,25,2993
2017,10,3,26,1789
2017,10,3,27,789
2017,10,3,28,3507
2017,10,3,29,2835
2017,10,3,30,1597
2017,10,3,31,2206
2017,10,3,32,1702
2017,10,3,33,2659
2017,10,3,34,1050
2017,10,3,35,2472
2017,10,3,36,2965
2017,10,3,37,1110
2017,10,3,38,3209
2017,10,3,39,1620
2017,10,3,40,1112
2017,10,3,41,825
2017,10,3,42,1397
2017,10,3,43,1922
2017,10,3,44,1138
2017,10,3,45,3138
2017,10,3,46,2292
2017,10,3,47,869
2017,10,3,48,1940
2017,10,3,49,1091
2017,10,3,50,2560
2017,10,4,1,770
2017,10,4,2,2070
2017,10,4,3,1275
2017,10,4,4,788
2017,10,4,5,608
2017,10,4,6,2051
2017,10,4,7,2071
2017,10,4,8,2756
2017,10,4,9,1786
2017,10,4,10,2633
2017,10,4,11,2440
2017,10,4,12,2426
2017,10,4,13,3002
2017,10,4,14,2068
2017,10,4,15,3270
2017,10,4,16,921
2017,10,4,17,1159
2017,10,4,18,3047
2017,10,4,19,1468
2017,10,4,20,1698
2017,10,4,21,1421
2017,10,4,22,2943
2017,10,4,23,1103
2017,10,4,24,2319
2017,10,4,25,2874
2017,10,4,26,1737
2017,10,4,27,819
2017,10,4,28,3246
2017,10,4,29,2505
2017,10,4,30,1432
2017,10,4,31,2068
2017,10,4,32,1609
2017,10,4,33,2549
2017,10,4,34,915
2017,10,4,35,2365
2017,10,4,36,2781
2017,10,4,37,1100
2017,10,4,38,2923
2017,10,4,39,1584
2017,10,4,40,1041
2017,10,4,41,768
2017,10,4,42,1294
2017,10,4,43,1868
2017,10,4,44,1044
2017,10,4,45,2972
2017,10,4,46,2137
2017,10,4,47,737
2017,10,4,48,1775
2017,10,4,49,1001
2017,10,4,50,2268
2017,10,5,1,608
2017,10,5,2,1452
2017,10,5,3,924
2017,10,5,4,565
2017,10,5,5,469
2017,10,5,6,1554
2017,10,5,7,1528
2017,10,5,8,1971
2017,10,5,9,1380
2017,10,5,10,1885
2017,10,5,11,1844
2017,10,5,12,1803
2017,10,5,13,2241
2017,10,5,14,1518
2017,10,5,15,2265
2017,10,5,16,670
2017,10,5,17,902
2017,10,5,18,2163
2017,10,5,19,1057
2017,10,5,20,1257
2017,10,5,21,987
2017,10,5,22,2117
2017,10,5,23,807
2017,10,5,24,1613
2017,10,5,25,2089
2017,10,5,26,1227
2017,10,5,27,533
2017,10,5,28,2323
2017,10,5,29,1817
2017,10,5,30,1027
2017,10,5,31,1554
2017,10,5,32,1174
2017,10,5,33,1750
2017,10,5,34,690
2017,10,5,35,1688
2017,10,5,36,1975
2017,10,5,37,778
2017,10,5,38,2019
2017,10,5,39,1158
2017,10,5,40,763
2017,10,5,41,558
2017,10,5,42,938
2017,10,5,43,1338
2017,10,5,44,769
2017,10,5,45,2169
2017,10,5,46,1489
2017,10,5,47,555
2017,10,5,48,1338
2017,10,5,49,780
2017,10,5,50,1708
2017,10,6,1,563
2017,10,6,2,1526
2017,10,6,3,902
2017,10,6,4,534
2017,10,6,5,488
2017,10,6,6,1555
2017,10,6,7,1540
2017,10,6,8,2049
2017,10,6,9,1284
2017,10,6,10,1898
2017,10,6,11,1870
2017,10,6,12,1862
2017,10,6,13,2260
2017,10,6,14,1518
2017,10,6,15,2211
2017,10,6,16,685
2017,10,6,17,812
2017,10,6,18,2168
2017,10,6,19,1051
2017,10,6,20,1248
2017,10,6,21,1050
2017,10,6,22,2105
2017,10,6,23,766
2017,10,6,24,1690
2017,10,6,25,2084
2017,10,6,26,1234
2017,10,6,27,608
2017,10,6,28,2263
2017,10,6,29,1766
2017,10,6,30,1049
2017,10,6,31,1553
2017,10,6,32,1160
2017,10,6,33,1803
2017,10,6,34,653
2017,10,6,35,1680
2017,10,6,36,1995
2017,10,6,37,768
2017,10,6,38,2126
2017,10,6,39,1128
2017,10,6,40,792
2017,10,6,41,548
2017,10,6,42,945
2017,10,6,43,1405
2017,10,6,44,839
2017,10,6,45,2084
2017,10,6,46,1570
2017,10,6,47,519
2017,10,6,48,1312
2017,10,6,49,752
2017,10,6,50,1633
2017,10,7,1,508
2017,10,7,2,1357
2017,10,7,3,920
2017,10,7,4,536
2017,10,7,5,420
2017,10,7,6,1375
2017,10,7,7,1412
2017,10,7,8,1835
2017,10,7,9,1250
2017,10,7,10,1735
2017,10,7,11,1677
2017,10,7,12,1652
2017,10,7,13,1941
2017,10,7,14,1412
2017,10,7,15,2042
2017,10,7,16,590
2017,10,7,17,770
2017,10,7,18,1977
2017,10,7,19,946
2017,10,7,20,1088
2017,10,7,21,981
2017,10,7,22,2023
2017,10,7,23,717
2017,10,7,24,1595
2017,10,7,25,1889
2017,10,7,26,1152
2017,10,7,27,489
2017,10,7,28,2154
2017,10,7,29,1610
2017,10,7,30,943
2017,10,7,31,1479
2017,10,7,32,1029
2017,10,7,33,1565
2017,10,7,34,577
2017,10,7,35,1556
2017,10,7,36,1869
2017,10,7,37,639
2017,10,7,38,1933
2017,10,7,39,1071
2017,10,7,40,727
2017,10,7,41,478
2017,10,7,42,847
2017,10,7,43,1238
2017,10,7,44,664
2017,10,7,45,2002
2017,10,7,46,1417
2017,10,7,47,529
2017,10,7,48,1250
2017,10,7,49,647
2017,10,7,50,1562
2017,10,8,1,977
2017,10,8,2,2382
2017,10,8,3,1550
2017,10,8,4,959
2017,10,8,5,780
2017,10,8,6,2408
2017,10,8,7,2499
2017,10,8,8,3304
2017,10,8,9,2091
2017,10,8,10,3204
2017,10,8,11,2897
2017,10,8,12,2952
2017,10,8,13,3594
2017,10,8,14,2439
2017,10,8,15,3765
2017,10,8,16,1064
2017,10,8,17,1350
2017,10,8,18,3451
2017,10,8,19,1748
2017,10,8,20,1976
2017,10,8,21,1722
2017,10,8,22,3376
2017,10,8,23,1202
2017,10,8,24,2809
2017,10,8,25,3346
2017,10,8,26,1998
2017,10,8,27,862
2017,10,8,28,3781
2017,10,8,29,2991
2017,10,8,30,1673
2017,10,8,31,2467
2017,10,8,32,1829
2017,10,8,33,2918
2017,10,8,34,1072
2017,10,8,35,2826
2017,10,8,36,3250
2017,10,8,37,1209
2017,10,8,38,3382
2017,10,8,39,1878
2017,10,8,40,1196
2017,10,8,41,936
2017,10,8,42,1525
2017,10,8,43,2118
2017,10,8,44,1275
2017,10,8,45,3322
2017,10,8,46,2498
2017,10,8,47,924
2017,10,8,48,2118
2017,10,8,49,1262
2017,10,8,50,2801
2017,10,9,1,791
2017,10,9,2,2154
2017,10,9,3,1330
2017,10,9,4,772
2017,10,9,5,637
2017,10,9,6,2118
2017,10,9,7,2089
2017,10,9,8,2736
2017,10,9,9,1758
2017,10,9,10,2696
2017,10,9,11,2494
2017,10,9,12,2525
2017,10,9,13,2946
2017,10,9,14,2116
2017,10,9,15,3167
2017,10,9,16,923
2017,10,9,17,1153
2017,10,9,18,2997
2017,10,9,19,1529
2017,10,9,20,1720
2017,10,9,21,1418
2017,10,9,22,2962
2017,10,9,23,1084
2017,10,9,24,2401
2017,10,9,25,2864
2017,10,9,26,1648
2017,10,9,27,840
2017,10,9,28,3229
2017,10,9,29,2467
2017,10,9,30,1466
2017,10,9,31,2113
2017,10,9,32,1609
2017,10,9,33,2533
2017,10,9,34,907
2017,10,9,35,2410
2017,10,9,36,2674
2017,10,9,37,1090
2017,10,9,38,2900
2017,10,9,39,1629
2017,10,9,40,1046
2017,10,9,41,763
2017,10,9,42,1289
2017,10,9,43,1748
2017,10,9,44,1104
2017,10,9,45,2907
2017,10,9,46,2112
2017,10,9,47,798
2017,10,9,48,1882
2017,10,9,49,1081
2017,10,9,50,2345
2017,10,10,1,861
2017,10,10,2,2246
2017,10,10,3,1395
2017,10,10,4,924
2017,10,10,5,698
2017,10,10,6,2201
2017,10,10,7,2224
2017,10,10,8,2953
2017,10,10,9,1971
2017,10,10,10,2802
2017,10,10,11,2700
2017,10,10,12,2744
2017,10,10,13,3310
2017,10,10,14,2271
2017,10,10,15,3376
2017,10,10,16,919
2017,10,10,17,1321
2017,10,10,18,3239
2017,10,10,19,1554
2017,10,10,20,1770
2017,10,10,21,1541
2017,10,10,22,2983
2017,10,10,23,1108
2017,10,10,24,2561
2017,10,10,25,3063
2017,10,10,26,1813
2017,10,10,27,863
2017,10,10,28,3311
2017,10,10,29,2593
2017,10,10,30,1517
2017,10,10,31,2160
2017,10,10,32,1717
2017,10,10,33,2667
2017,10,10,34,1016
2017,10,10,35,2562
2017,10,10,36,3034
2017,10,10,37,1093
2017,10,10,38,3065
2017,10,10,39,1758
2017,10,10,40,1059
2017,10,10,41,818
2017,10,10,42,1354
2017,10,10,43,1957
2017,10,10,44,1187
2017,10,10,45,3021
2017,10,10,46,2190
2017,10,10,47,829
2017,10,10,48,2025
2017,10,10,49,1118
2017,10,10,50,2507
2017,11,1,1,668
2017,11,1,2,1962
2017,11,1,3,1156
2017,11,1,4,701
2017,11,1,5,575
2017,11,1,6,1921
2017,11,1,7,1857
2017,11,1,8,2458
2017,11,1,9,1615
2017,11,1,10,2448
2017,11,1,11,2273
2017,11,1,12,2277
2017,11,1,13,2666
2017,11,1,14,1933
2017,11,1,15,2865
2017,11,1,16,838
2017,11,1,17,1024
2017,11,1,18,2694
2017,11,1,19,1324
2017,11,1,20,1518
2017,11,1,21,1302
2017,11,1,22,2557
2017,11,1,23,977
2017,11,1,24,2123
2017,11,1,25,2595
2017,11,1,26,1542
2017,11,1,27,749
2017,11,1,28,2918
2017,11,1,29,2251
2017,11,1,30,1282
2017,11,1,31,1928
2017,11,1,32,1432
2017,11,1,33,2212
2017,11,1,34,811
2017,11,1,35,2168
2017,11,1,36,2463
2017,11,1,37,969
2017,11,1,38,2636
2017,11,1,39,1404
2017,11,1,40,927
2017,11,1,41,703
2017,11,1,42,1202
2017,11,1,43,1651
2017,11,1,44,1020
2017,11,1,45,2565
2017,11,1,46,1933
2017,11,1,47,706
2017,11,1,48,1668
2017,11,1,49,955
2017,11,1,50,2078
2017,11,2,1,997
2017,11,2,2,2634
2017,11,2,3,1760
2017,11,2,4,1002
2017,11,2,5,844
2017,11,2,6,2585
2017,11,2,7,2662
2017,11,2,8,3498
2017,11,2,9,2385
2017,11,2,10,3296
2017,11,2,11,3232
2017,11,2,12,3239
2017,11,2,13,3737
2017,11,2,14,2698
2017,11,2,15,3946
2017,11,2,16,1188
2017,11,2,17,1526
2017,11,2,18,3858
2017,11,2,19,1803
2017,11,2,20,2155
2017,11,2,21,1913
2017,11,2,22,3655
2017,11,2,23,1363
2017,11,2,24,3077
2017,11,2,25,3682
2017,11,2,26,2192
2017,11,2,27,956
2017,11,2,28,4013
2017,11,2,29,3185
2017,11,2,30,1789
2017,11,2,31,2759
2017,11,2,32,2006
2017,11,2,33,3104
2017,11,2,34,1221
2017,11,2,35,3011
2017,11,2,36,3525
2017,11,2,37,1348
2017,11,2,38,3658
2017,11,2,39,1916
2017,11,2,40,1377
2017,11,2,41,1029
2017,11,2,42,1645
2017,11,2,43,2387
2017,11,2,44,1281
2017,11,2,45,3756
2017,11,2,46,2744
2017,11,2,47,936
2017,11,2,48,2350
2017,11,2,49,1390
2017,11,2,50,3045
2017,11,3,1,878
2017,11,3,2,2307
2017,11,3,3,1465
2017,11,3,4,851
2017,11,3,5,727
2017,11,3,6,2342
2017,11,3,7,2366
2017,11,3,8,3131
2017,11,3,9,2013
2017,11,3,10,2969
2017,11,3,11,2830
2017,11,3,12,2804
2017,11,3,13,3383
2017,11,3,14,2429
2017,11,3,15,3718
2017,11,3,16,1017
2017,11,3,17,1368
2017,11,3,18,3474
2017,11,3,19,1617
2017,11,3,20,1982
2017,11,3,21,1593
2017,11,3,22,3286
2017,11,3,23,1178
2017,11,3,24,2685
2017,11,3,25,3241
2017,11,3,26,1845
2017,11,3,27,898
2017,11,3,28,3619
2017,11,3,29,2802
2017,11,3,30,1654
2017,11,3,31,2383
2017,11,3,32,1850
2017,11,3,33,2807
2017,11,3,34,1021
2017,11,3,35,2609
2017,11,3,36,3103
2017,11,3,37,1222
2017,11,3,38,3341
2017,11,3,39,1831
2017,11,3,40,1174
2017,11,3,41,895
2017,11,3,42,1527
2017,11,3,43,2076
2017,11,3,44,1218
2017,11,3,45,3210
2017,11,3,46,2388
2017,11,3,47,871
2017,11,3,48,2130
2017,11,3,49,1152
2017,11,3,50,2640
2017,11,4,1,808
2017,11,4,2,2158
2017,11,4,3,1316
2017,11,4,4,847
2017,11,4,5,660
2017,11,4,6,2079
2017,11,4,7,2185
2017,11,4,8,2954
2017,11,4,9,1946
2017,11,4,10,2706
2017,11,4,11,2649
2017,11,4,12,2640
2017,11,4,13,3040
2017,11,4,14,2192
2017,11,4,15,3314
2017,11,4,16,958
2017,11,4,17,1163
2017,11,4,18,3134
2017,11,4,19,1514
2017,11,4,20,1812
2017,11,4,21,1431
2017,11,4,22,2917
2017,11,4,23,1072
2017,11,4,24,2481
2017,11,4,25,2971
2017,11,4,26,1796
2017,11,4,27,793
2017,11,4,28,3182
2017,11,4,29,2519
2017,11,4,30,1427
2017,11,4,31,2163
2017,11,4,32,1662
2017,11,4,33,2595
2017,11,4,34,974
2017,11,4,35,2446
2017,11,4,36,2851
2017,11,4,37,1055
2017,11,4,38,2924
2017,11,4,39,1665
2017,11,4,40,1092
2017,11,4,41,794
2017,11,4,42,1414
2017,11,4,43,1988
2017,11,4,44,1100
2017,11,4,45,2973
2017,11,4,46,2145
2017,11,4,47,831
2017,11,4,48,1959
2017,11,4,49,1070
2017,11,4,50,2491
2017,11,5,1,593
2017,11,5,2,1543
2017,11,5,3,1043
2017,11,5,4,604
2017,11,5,5,505
2017,11,5,6,1570
2017,11,5,7,1639
2017,11,5,8,2100
2017,11,5,9,1353
2017,11,5,10,2024
2017,11,5,11,1854
2017,11,5,12,1934
2017,11,5,13,2319
2017,11,5,14,1593
2017,11,5,15,2360
2017,11,5,16,694
2017,11,5,17,902
2017,11,5,18,2220
2017,11,5,19,1056
2017,11,5,20,1268
2017,11,5,21,1111
2017,11,5,22,2187
2017,11,5,23,783
2017,11,5,24,1797
2017,11,5,25,2163
2017,11,5,26,1315
2017,11,5,27,604
2017,11,5,28,2285
2017,11,5,29,1869
2017,11,5,30,1097
2017,11,5,31,1575
2017,11,5,32,1214
2017,11,5,33,1872
2017,11,5,34,714
2017,11,5,35,1796
2017,11,5,36,2055
2017,11,5,37,752
2017,11,5,38,2146
2017,11,5,39,1172
2017,11,5,40,796
2017,11,5,41,592
2017,11,5,42,971
2017,11,5,43,1384
2017,11,5,44,781
2017,11,5,45,2211
2017,11,5,46,1552
2017,11,5,47,622
2017,11,5,48,1389
2017,11,5,49,815
2017,11,5,50,1775
2017,11,6,1,593
2017,11,6,2,1672
2017,11,6,3,1050
2017,11,6,4,631
2017,11,6,5,483
2017,11,6,6,1588
2017,11,6,7,1528
2017,11,6,8,2090
2017,11,6,9,1383
2017,11,6,10,1970
2017,11,6,11,1854
2017,11,6,12,1811
2017,11,6,13,2357
2017,11,6,14,1608
2017,11,6,15,2332
2017,11,6,16,693
2017,11,6,17,897
2017,11,6,18,2229
2017,11,6,19,1055
2017,11,6,20,1377
2017,11,6,21,1074
2017,11,6,22,2236
2017,11,6,23,733
2017,11,6,24,1807
2017,11,6,25,2198
2017,11,6,26,1351
2017,11,6,27,626
2017,11,6,28,2360
2017,11,6,29,1813
2017,11,6,30,1076
2017,11,6,31,1555
2017,11,6,32,1179
2017,11,6,33,1926
2017,11,6,34,704
2017,11,6,35,1748
2017,11,6,36,2166
2017,11,6,37,766
2017,11,6,38,2171
2017,11,6,39,1201
2017,11,6,40,825
2017,11,6,41,589
2017,11,6,42,958
2017,11,6,43,1422
2017,11,6,44,779
2017,11,6,45,2134
2017,11,6,46,1569
2017,11,6,47,552
2017,11,6,48,1425
2017,11,6,49,789
2017,11,6,50,1763
2017,11,7,1,523
2017,11,7,2,1418
2017,11,7,3,948
2017,11,7,4,549
2017,11,7,5,465
2017,11,7,6,1456
2017,11,7,7,1484
2017,11,7,8,1872
2017,11,7,9,1330
2017,11,7,10,1836
2017,11,7,11,1716
2017,11,7,12,1715
2017,11,7,13,1981
2017,11,7,14,1469
2017,11,7,15,2119
2017,11,7,16,606
2017,11,7,17,823
2017,11,7,18,2070
2017,11,7,19,1087
2017,11,7,20,1185
2017,11,7,21,1029
2017,11,7,22,1924
2017,11,7,23,745
2017,11,7,24,1586
2017,11,7,25,1989
2017,11,7,26,1184
2017,11,7,27,533
2017,11,7,28,2166
2017,11,7,29,1735
2017,11,7,30,983
2017,11,7,31,1481
2017,11,7,32,1115
2017,11,7,33,1757
2017,11,7,34,648
2017,11,7,35,1620
2017,11,7,36,1964
2017,11,7,37,708
2017,11,7,38,1993
2017,11,7,39,1066
2017,11,7,40,726
2017,11,7,41,538
2017,11,7,42,971
2017,11,7,43,1224
2017,11,7,44,722
2017,11,7,45,1943
2017,11,7,46,1502
2017,11,7,47,548
2017,11,7,48,1303
2017,11,7,49,716
2017,11,7,50,1672
2017,11,8,1,968
2017,11,8,2,2573
2017,11,8,3,1618
2017,11,8,4,914
2017,11,8,5,875
2017,11,8,6,2608
2017,11,8,7,2650
2017,11,8,8,3456
2017,11,8,9,2332
2017,11,8,10,3176
2017,11,8,11,3077
2017,11,8,12,2903
2017,11,8,13,3694
2017,11,8,14,2608
2017,11,8,15,3830
2017,11,8,16,1190
2017,11,8,17,1368
2017,11,8,18,3717
2017,11,8,19,1776
2017,11,8,20,1972
2017,11,8,21,1764
2017,11,8,22,3531
2017,11,8,23,1227
2017,11,8,24,2855
2017,11,8,25,3599
2017,11,8,26,2095
2017,11,8,27,904
2017,11,8,28,3864
2017,11,8,29,2965
2017,11,8,30,1725
2017,11,8,31,2496
2017,11,8,32,1935
2017,11,8,33,3012
2017,11,8,34,1109
2017,11,8,35,2851
2017,11,8,36,3454
2017,11,8,37,1304
2017,11,8,38,3613
2017,11,8,39,1928
2017,11,8,40,1340
2017,11,8,41,977
2017,11,8,42,1620
2017,11,8,43,2305
2017,11,8,44,1265
2017,11,8,45,3402
2017,11,8,46,2559
2017,11,8,47,954
2017,11,8,48,2311
2017,11,8,49,1287
2017,11,8,50,2811
2017,11,9,1,788
2017,11,9,2,2194
2017,11,9,3,1375
2017,11,9,4,861
2017,11,9,5,682
2017,11,9,6,2173
2017,11,9,7,2139
2017,11,9,8,2935
2017,11,9,9,1947
2017,11,9,10,2752
2017,11,9,11,2597
2017,11,9,12,2573
2017,11,9,13,3121
2017,11,9,14,2221
2017,11,9,15,3357
2017,11,9,16,912
2017,11,9,17,1208
2017,11,9,18,3225
2017,11,9,19,1444
2017,11,9,20,1799
2017,11,9,21,1517
2017,11,9,22,3012
2017,11,9,23,1104
2017,11,9,24,2427
2017,11,9,25,3104
2017,11,9,26,1805
2017,11,9,27,794
2017,11,9,28,3270
2017,11,9,29,2701
2017,11,9,30,1508
2017,11,9,31,2175
2017,11,9,32,1654
2017,11,9,33,2609
2017,11,9,34,963
2017,11,9,35,2468
2017,11,9,36,2889
2017,11,9,37,1157
2017,11,9,38,3107
2017,11,9,39,1717
2017,11,9,40,1140
2017,11,9,41,839
2017,11,9,42,1357
2017,11,9,43,1893
2017,11,9,44,1014
2017,11,9,45,3038
2017,11,9,46,2184
2017,11,9,47,821
2017,11,9,48,1899
2017,11,9,49,1100
2017,11,9,50,2444
2017,11,10,1,860
2017,11,10,2,2315
2017,11,10,3,1519
2017,11,10,4,816
2017,11,10,5,710
2017,11,10,6,2261
2017,11,10,7,2250
2017,11,10,8,3107
2017,11,10,9,2012
2017,11,10,10,2891
2017,11,10,11,2909
2017,11,10,12,2806
2017,11,10,13,3388
2017,11,10,14,2313
2017,11,10,15,3526
2017,11,10,16,1057
2017,11,10,17,1301
2017,11,10,18,3307
2017,11,10,19,1590
2017,11,10,20,1865
2017,11,10,21,1632
2017,11,10,22,3184
2017,11,10,23,1174
2017,11,10,24,2613
2017,11,10,25,3256
2017,11,10,26,1886
2017,11,10,27,874
2017,11,10,28,3541
2017,11,10,29,2757
2017,11,10,30,1620
2017,11,10,31,2253
2017,11,10,32,1769
2017,11,10,33,2736
2017,11,10,34,960
2017,11,10,35,2562
2017,11,10,36,3081
2017,11,10,37,1159
2017,11,10,38,3184
2017,11,10,39,1800
2017,11,10,40,1191
2017,11,10,41,865
2017,11,10,42,1420
2017,11,10,43,2069
2017,11,10,44,1177
2017,11,10,45,3272
2017,11,10,46,2358
2017,11,10,47,906
2017,11,10,48,2028
2017,11,10,49,1111
2017,11,10,50,2574
2017,12,1,1,533
2017,12,1,2,1475
2017,12,1,3,873
2017,12,1,4,497
2017,12,1,5,436
2017,12,1,6,1484
2017,12,1,7,1387
2017,12,1,8,1872
2017,12,1,9,1192
2017,12,1,10,1802
2017,12,1,11,1641
2017,12,1,12,1689
2017,12,1,13,2038
2017,12,1,14,1412
2017,12,1,15,2142
2017,12,1,16,610
2017,12,1,17,790
2017,12,1,18,2052
2017,12,1,19,1000
2017,12,1,20,1193
2017,12,1,21,963
2017,12,1,22,1896
2017,12,1,23,685
2017,12,1,24,1541
2017,12,1,25,1977
2017,12,1,26,1165
2017,12,1,27,520
2017,12,1,28,2120
2017,12,1,29,1714
2017,12,1,30,966
2017,12,1,31,1380
2017,12,1,32,1066
2017,12,1,33,1714
2017,12,1,34,650
2017,12,1,35,1587
2017,12,1,36,1873
2017,12,1,37,680
2017,12,1,38,1954
2017,12,1,39,1062
2017,12,1,40,691
2017,12,1,41,545
2017,12,1,42,797
2017,12,1,43,1192
2017,12,1,44,717
2017,12,1,45,1940
2017,12,1,46,1404
2017,12,1,47,510
2017,12,1,48,1225
2017,12,1,49,724
2017,12,1,50,1582
2017,12,2,1,700
2017,12,2,2,1986
2017,12,2,3,1325
2017,12,2,4,774
2017,12,2,5,643
2017,12,2,6,1985
2017,12,2,7,1982
2017,12,2,8,2691
2017,12,2,9,1689
2017,12,2,10,2544
2017,12,2,11,2403
2017,12,2,12,2344
2017,12,2,13,2859
2017,12,2,14,2012
2017,12,2,15,3001
2017,12,2,16,811
2017,12,2,17,1149
2017,12,2,18,2885
2017,12,2,19,1364
2017,12,2,20,1566
2017,12,2,21,1411
2017,12,2,22,2778
2017,12,2,23,1008
2017,12,2,24,2271
2017,12,2,25,2763
2017,12,2,26,1647
2017,12,2,27,764
2017,12,2,28,2964
2017,12,2,29,2353
2017,12,2,30,1335
2017,12,2,31,2003
2017,12,2,32,1545
2017,12,2,33,2335
2017,12,2,34,928
2017,12,2,35,2206
2017,12,2,36,2632
2017,12,2,37,999
2017,12,2,38,2786
2017,12,2,39,1442
2017,12,2,40,979
2017,12,2,41,731
2017,12,2,42,1314
2017,12,2,43,1797
2017,12,2,44,1058
2017,12,2,45,2882
2017,12,2,46,1990
2017,12,2,47,779
2017,12,2,48,1779
2017,12,2,49,979
2017,12,2,50,2170
2017,12,3,1,709
2017,12,3,2,1789
2017,12,3,3,1141
2017,12,3,4,663
2017,12,3,5,616
2017,12,3,6,1773
2017,12,3,7,1781
2017,12,3,8,2311
2017,12,3,9,1587
2017,12,3,10,2187
2017,12,3,11,2107
2017,12,3,12,2126
2017,12,3,13,2640
2017,12,3,14,1784
2017,12,3,15,2650
2017,12,3,16,766
2017,12,3,17,997
2017,12,3,18,2516
2017,12,3,19,1157
2017,12,3,20,1466
2017,12,3,21,1223
2017,12,3,22,2398
2017,12,3,23,894
2017,12,3,24,2066
2017,12,3,25,2507
2017,12,3,26,1430
2017,12,3,27,664
2017,12,3,28,2584
2017,12,3,29,2129
2017,12,3,30,1244
2017,12,3,31,1734
2017,12,3,32,1347
2017,12,3,33,2148
2017,12,3,34,771
2017,12,3,35,2010
2017,12,3,36,2319
2017,12,3,37,874
2017,12,3,38,2438
2017,12,3,39,1351
2017,12,3,40,885
2017,12,3,41,652
2017,12,3,42,1133
2017,12,3,43,1585
2017,12,3,44,851
2017,12,3,45,2429
2017,12,3,46,1872
2017,12,3,47,691
2017,12,3,48,1577
2017,12,3,49,890
2017,12,3,50,1985
2017,12,4,1,636
2017,12,4,2,1648
2017,12,4,3,1031
2017,12,4,4,662
2017,12,4,5,513
2017,12,4,6,1624
2017,12,4,7,1630
2017,12,4,8,2203
2017,12,4,9,1466
2017,12,4,10,2090
2017,12,4,11,2076
2017,12,4,12,2032
2017,12,4,13,2413
2017,12,4,14,1656
2017,12,4,15,2528
2017,12,4,16,689
2017,12,4,17,893
2017,12,4,18,2320
2017,12,4,19,1157
2017,12,4,20,1269
2017,12,4,21,1088
2017,12,4,22,2282
2017,12,4,23,803
2017,12,4,24,1834
2017,12,4,25,2227
2017,12,4,26,1327
2017,12,4,27,599
2017,12,4,28,2459
2017,12,4,29,1991
2017,12,4,30,1141
2017,12,4,31,1708
2017,12,4,32,1228
2017,12,4,33,1942
2017,12,4,34,753
2017,12,4,35,1808
2017,12,4,36,2210
2017,12,4,37,827
2017,12,4,38,2247
2017,12,4,39,1245
2017,12,4,40,836
2017,12,4,41,655
2017,12,4,42,983
2017,12,4,43,1452
2017,12,4,44,843
2017,12,4,45,2226
2017,12,4,46,1685
2017,12,4,47,653
2017,12,4,48,1412
2017,12,4,49,800
2017,12,4,50,1781
2017,12,5,1,461
2017,12,5,2,1216
2017,12,5,3,766
2017,12,5,4,452
2017,12,5,5,399
2017,12,5,6,1155
2017,12,5,7,1168
2017,12,5,8,1546
2017,12,5,9,1007
2017,12,5,10,1470
2017,12,5,11,1417
2017,12,5,12,1352
2017,12,5,13,1666
2017,12,5,14,1205
2017,12,5,15,1852
2017,12,5,16,499
2017,12,5,17,650
2017,12,5,18,1791
2017,12,5,19,797
2017,12,5,20,963
2017,12,5,21,792
2017,12,5,22,1650
2017,12,5,23,585
2017,12,5,24,1288
2017,12,5,25,1577
2017,12,5,26,928
2017,12,5,27,448
2017,12,5,28,1794
2017,12,5,29,1335
2017,12,5,30,792
2017,12,5,31,1188
2017,12,5,32,880
2017,12,5,33,1316
2017,12,5,34,499
2017,12,5,35,1345
2017,12,5,36,1628
2017,12,5,37,538
2017,12,5,38,1674
2017,12,5,39,822
2017,12,5,40,564
2017,12,5,41,432
2017,12,5,42,774
2017,12,5,43,1071
2017,12,5,44,554
2017,12,5,45,1625
2017,12,5,46,1235
2017,12,5,47,463
2017,12,5,48,1100
2017,12,5,49,555
2017,12,5,50,1325
2017,12,6,1,423
2017,12,6,2,1180
2017,12,6,3,751
2017,12,6,4,439
2017,12,6,5,390
2017,12,6,6,1171
2017,12,6,7,1162
2017,12,6,8,1550
2017,12,6,9,1067
2017,12,6,10,1489
2017,12,6,11,1411
2017,12,6,12,1416
2017,12,6,13,1670
2017,12,6,14,1207
2017,12,6,15,1742
2017,12,6,16,504
2017,12,6,17,710
2017,12,6,18,1710
2017,12,6,19,845
2017,12,6,20,1003
2017,12,6,21,787
2017,12,6,22,1553
2017,12,6,23,610
2017,12,6,24,1311
2017,12,6,25,1653
2017,12,6,26,951
2017,12,6,27,441
2017,12,6,28,1750
2017,12,6,29,1320
2017,12,6,30,832
2017,12,6,31,1121
2017,12,6,32,854
2017,12,6,33,1433
2017,12,6,34,509
2017,12,6,35,1316
2017,12,6,36,1532
2017,12,6,37,633
2017,12,6,38,1570
2017,12,6,39,897
2017,12,6,40,619
2017,12,6,41,428
2017,12,6,42,732
2017,12,6,43,1029
2017,12,6,44,592
2017,12,6,45,1585
2017,12,6,46,1183
2017,12,6,47,476
2017,12,6,48,1044
2017,12,6,49,573
2017,12,6,50,1322
2017,12,7,1,404
2017,12,7,2,1068
2017,12,7,3,690
2017,12,7,4,384
2017,12,7,5,341
2017,12,7,6,1079
2017,12,7,7,1108
2017,12,7,8,1421
2017,12,7,9,914
2017,12,7,10,1286
2017,12,7,11,1310
2017,12,7,12,1327
2017,12,7,13,1619
2017,12,7,14,1122
2017,12,7,15,1616
2017,12,7,16,485
2017,12,7,17,610
2017,12,7,18,1593
2017,12,7,19,734
2017,12,7,20,879
2017,12,7,21,736
2017,12,7,22,1471
2017,12,7,23,499
2017,12,7,24,1264
2017,12,7,25,1568
2017,12,7,26,902
2017,12,7,27,362
2017,12,7,28,1552
2017,12,7,29,1319
2017,12,7,30,730
2017,12,7,31,1079
2017,12,7,32,826
2017,12,7,33,1273
2017,12,7,34,460
2017,12,7,35,1261
2017,12,7,36,1428
2017,12,7,37,529
2017,12,7,38,1462
2017,12,7,39,775
2017,12,7,40,538
2017,12,7,41,378
2017,12,7,42,709
2017,12,7,43,962
2017,12,7,44,558
2017,12,7,45,1470
2017,12,7,46,1074
2017,12,7,47,392
2017,12,7,48,961
2017,12,7,49,542
2017,12,7,50,1175
2017,12,8,1,726
2017,12,8,2,1948
2017,12,8,3,1204
2017,12,8,4,644
2017,12,8,5,624
2017,12,8,6,1914
2017,12,8,7,1941
2017,12,8,8,2500
2017,12,8,9,1700
2017,12,8,10,2363
2017,12,8,11,2353
2017,12,8,12,2209
2017,12,8,13,2737
2017,12,8,14,1935
2017,12,8,15,2846
2017,12,8,16,804
2017,12,8,17,1067
2017,12,8,18,2691
2017,12,8,19,1343
2017,12,8,20,1609
2017,12,8,21,1365
2017,12,8,22,2628
2017,12,8,23,972
2017,12,8,24,2170
2017,12,8,25,2565
2017,12,8,26,1606
2017,12,8,27,695
2017,12,8,28,2828
2017,12,8,29,2331
2017,12,8,30,1233
2017,12,8,31,1955
2017,12,8,32,1365
2017,12,8,33,2198
2017,12,8,34,889
2017,12,8,35,2149
2017,12,8,36,2604
2017,12,8,37,996
2017,12,8,38,2747
2017,12,8,39,1473
2017,12,8,40,945
2017,12,8,41,738
2017,12,8,42,1203
2017,12,8,43,1642
2017,12,8,44,965
2017,12,8,45,2551
2017,12,8,46,1954
2017,12,8,47,723
2017,12,8,48,1675
2017,12,8,49,928
2017,12,8,50,2125
2017,12,9,1,594
2017,12,9,2,1663
2017,12,9,3,1044
2017,12,9,4,630
2017,12,9,5,528
2017,12,9,6,1642
2017,12,9,7,1675
2017,12,9,8,2171
2017,12,9,9,1427
2017,12,9,10,2056
2017,12,9,11,2058
2017,12,9,12,1897
2017,12,9,13,2351
2017,12,9,14,1590
2017,12,9,15,2455
2017,12,9,16,740
2017,12,9,17,889
2017,12,9,18,2306
2017,12,9,19,1140
2017,12,9,20,1335
2017,12,9,21,1107
2017,12,9,22,2238
2017,12,9,23,833
2017,12,9,24,1824
2017,12,9,25,2264
2017,12,9,26,1320
2017,12,9,27,615
2017,12,9,28,2472
2017,12,9,29,2027
2017,12,9,30,1130
2017,12,9,31,1704
2017,12,9,32,1223
2017,12,9,33,1922
2017,12,9,34,742
2017,12,9,35,1878
2017,12,9,36,2149
2017,12,9,37,839
2017,12,9,38,2229
2017,12,9,39,1208
2017,12,9,40,833
2017,12,9,41,580
2017,12,9,42,993
2017,12,9,43,1487
2017,12,9,44,811
2017,12,9,45,2282
2017,12,9,46,1660
2017,12,9,47,617
2017,12,9,48,1455
2017,12,9,49,808
2017,12,9,50,1826
2017,12,10,1,623
2017,12,10,2,1730
2017,12,10,3,1050
2017,12,10,4,647
2017,12,10,5,572
2017,12,10,6,1826
2017,12,10,7,1739
2017,12,10,8,2254
2017,12,10,9,1480
2017,12,10,10,2139
2017,12,10,11,2164
2017,12,10,12,2083
2017,12,10,13,2520
2017,12,10,14,1800
2017,12,10,15,2659
2017,12,10,16,726
2017,12,10,17,981
2017,12,10,18,2519
2017,12,10,19,1158
2017,12,10,20,1409
2017,12,10,21,1204
2017,12,10,22,2477
2017,12,10,23,903
2017,12,10,24,2024
2017,12,10,25,2344
2017,12,10,26,1320
2017,12,10,27,706
2017,12,10,28,2638
2017,12,10,29,2071
2017,12,10,30,1195
2017,12,10,31,1723
2017,12,10,32,1265
2017,12,10,33,2017
2017,12,10,34,723
2017,12,10,35,1990
2017,12,10,36,2252
2017,12,10,37,903
2017,12,10,38,2505
2017,12,10,39,1327
2017,12,10,40,905
2017,12,10,41,682
2017,12,10,42,1097
2017,12,10,43,1583
2017,12,10,44,840
2017,12,10,45,2389
2017,12,10,46,1723
2017,12,10,47,626
2017,12,10,48,1537
2017,12,10,49,815
2017,12,10,50,1987
